{
  "values": [
    {
      "code": "0087",
      "value": "ANZ - AUSTRALIA SUBSIDIARY",
      "extensionValue": "008"
    },
    {
      "code": "0088",
      "value": "ANZ - AUSTRALIA ",
      "extensionValue": "008"
    },
    {
      "code": "0089",
      "value": "ANZ - OFFSHORE",
      "extensionValue": "008"
    },
    {
      "code": "0090",
      "value": "ANZ - OFFSHORE SUBSIDIARY",
      "extensionValue": "009"
    },
    {
      "code": "0108",
      "value": "Berry Fruit Growing",
      "extensionValue": "011"
    },
    {
      "code": "0109",
      "value": "Citrus Growing",
      "extensionValue": "011"
    },
    {
      "code": "0110",
      "value": "Horticulture Glasshouses",
      "extensionValue": "011"
    },
    {
      "code": "0111",
      "value": "PLANT NURSERIES",
      "extensionValue": "011"
    },
    {
      "code": "0112",
      "value": "CUT FLOWER & FLOWER SEED GROWING",
      "extensionValue": "011"
    },
    {
      "code": "0113",
      "value": "VEGETABLE GROWING",
      "extensionValue": "011"
    },
    {
      "code": "0114",
      "value": "GRAPE GROWING",
      "extensionValue": "011"
    },
    {
      "code": "0115",
      "value": "APPLE & PEAR GROWING",
      "extensionValue": "011"
    },
    {
      "code": "0116",
      "value": "STONE FRUIT GROWING",
      "extensionValue": "011"
    },
    {
      "code": "0117",
      "value": "KIWI FRUIT GROWING",
      "extensionValue": "011"
    },
    {
      "code": "0118",
      "value": "CITRUS FRUIT GROWING",
      "extensionValue": "011"
    },
    {
      "code": "0119",
      "value": "FRUIT GROWING  n.e.c.",
      "extensionValue": "011"
    },
    {
      "code": "0121",
      "value": "Intensive Cropping",
      "extensionValue": "012"
    },
    {
      "code": "0122",
      "value": "Grain Growing With Some Finishing Stock",
      "extensionValue": "012"
    },
    {
      "code": "0123",
      "value": "Sheep - High Country South Island",
      "extensionValue": "012"
    },
    {
      "code": "0124",
      "value": "Sheep/Beef Hill Country Breeding/ Predominantly Store",
      "extensionValue": "012"
    },
    {
      "code": "0125",
      "value": "Sheep/Beef Hill Country Breeding/Predominantly Finishing",
      "extensionValue": "012"
    },
    {
      "code": "0126",
      "value": "Sheep - Intensive Finishing",
      "extensionValue": "012"
    },
    {
      "code": "0127",
      "value": "Beef Farming - Breeding/Finishing/Trade",
      "extensionValue": "012"
    },
    {
      "code": "0130",
      "value": "DAIRY CATTLE FARMING",
      "extensionValue": "013"
    },
    {
      "code": "0131",
      "value": "Dairy Farming Town Milk/Winter Contract",
      "extensionValue": "013"
    },
    {
      "code": "0132",
      "value": "Share Milking (Own Herd)",
      "extensionValue": "013"
    },
    {
      "code": "0133",
      "value": "Dairy Farming - Seasonal Supply",
      "extensionValue": "013"
    },
    {
      "code": "0134",
      "value": "Contract Milking",
      "extensionValue": "013"
    },
    {
      "code": "0141",
      "value": "POULTRY FARMING (MEAT)",
      "extensionValue": "014"
    },
    {
      "code": "0142",
      "value": "POULTRY FARMING (EGGS)",
      "extensionValue": "014"
    },
    {
      "code": "0151",
      "value": "PIG FARMING",
      "extensionValue": "015"
    },
    {
      "code": "0152",
      "value": "HORSE FARMING",
      "extensionValue": "015"
    },
    {
      "code": "0153",
      "value": "DEER FARMING",
      "extensionValue": "015"
    },
    {
      "code": "0154",
      "value": "Bee Keeping",
      "extensionValue": "015"
    },
    {
      "code": "0155",
      "value": "Goat Farming",
      "extensionValue": "015"
    },
    {
      "code": "0159",
      "value": "LIVESTOCK FARMING n.e.c.",
      "extensionValue": "015"
    },
    {
      "code": "0161",
      "value": "SUGAR CANE GROWING",
      "extensionValue": "016"
    },
    {
      "code": "0162",
      "value": "Cotton Growing",
      "extensionValue": "016"
    },
    {
      "code": "0163",
      "value": "DRY LAND COTTON GROWING",
      "extensionValue": "016"
    },
    {
      "code": "0164",
      "value": "IRRIGATED COTTON GROWING",
      "extensionValue": "016"
    },
    {
      "code": "0165",
      "value": "COTTON GROWING n.e.c.",
      "extensionValue": "016"
    },
    {
      "code": "0166",
      "value": "TOBACCO GROWING",
      "extensionValue": "016"
    },
    {
      "code": "0169",
      "value": "CROP & PLANT GROWING n.e.c.",
      "extensionValue": "016"
    },
    {
      "code": "0171",
      "value": "GRAIN GROWING (EXCEPT WHEAT)",
      "extensionValue": "012"
    },
    {
      "code": "0172",
      "value": "WHEAT GROWING",
      "extensionValue": "012"
    },
    {
      "code": "0173",
      "value": "GRAIN-SHEEP & GRAIN- BEEF CATTLE FARMING",
      "extensionValue": "012"
    },
    {
      "code": "0174",
      "value": "SHEEP-BEEF CATTLE  FARMING",
      "extensionValue": "012"
    },
    {
      "code": "0175",
      "value": "SHEEP FARMING FOR WOOL",
      "extensionValue": "012"
    },
    {
      "code": "0176",
      "value": "SHEEP FARMING FOR MEAT",
      "extensionValue": "012"
    },
    {
      "code": "0177",
      "value": "SHEEP FARMING (EXCEPT FOR WOOL OR MEAT)",
      "extensionValue": "012"
    },
    {
      "code": "0178",
      "value": "BEEF CATTLE FARMING",
      "extensionValue": "012"
    },
    {
      "code": "0211",
      "value": "COTTON GINNING",
      "extensionValue": "021"
    },
    {
      "code": "0212",
      "value": "SHEARING SERVICES",
      "extensionValue": "021"
    },
    {
      "code": "0213",
      "value": "AERIAL AGRICULTURAL SERVICES",
      "extensionValue": "021"
    },
    {
      "code": "0214",
      "value": "Kiwifruit - Packhouse/Coolstore Only",
      "extensionValue": "021"
    },
    {
      "code": "0215",
      "value": "Other Horticultural Packhouse/Coolstore",
      "extensionValue": "021"
    },
    {
      "code": "0216",
      "value": "Agricultural Contract Services",
      "extensionValue": "021"
    },
    {
      "code": "0217",
      "value": "Horticultural Contract Services",
      "extensionValue": "021"
    },
    {
      "code": "0218",
      "value": "Grain Drying And Seed Dressing",
      "extensionValue": "021"
    },
    {
      "code": "0219",
      "value": "SERVICES TO AGRICULTURE n.e.c.",
      "extensionValue": "021"
    },
    {
      "code": "0220",
      "value": "HUNTING & TRAPPING",
      "extensionValue": "022"
    },
    {
      "code": "0301",
      "value": "FORESTRY",
      "extensionValue": "030"
    },
    {
      "code": "0302",
      "value": "LOGGING",
      "extensionValue": "030"
    },
    {
      "code": "0303",
      "value": "SERVICES TO FORESTRY",
      "extensionValue": "030"
    },
    {
      "code": "0411",
      "value": "ROCK LOBSTER FISHING",
      "extensionValue": "041"
    },
    {
      "code": "0412",
      "value": "PRAWN FISHING",
      "extensionValue": "041"
    },
    {
      "code": "0413",
      "value": "Finfish Trawling",
      "extensionValue": "041"
    },
    {
      "code": "0414",
      "value": "SQUID JIGGING",
      "extensionValue": "041"
    },
    {
      "code": "0415",
      "value": "LINE FISHING",
      "extensionValue": "041"
    },
    {
      "code": "0416",
      "value": "TUNA FISHING",
      "extensionValue": "041"
    },
    {
      "code": "0417",
      "value": "FINFISH FISHING (EXCEPT TUNA)",
      "extensionValue": "041"
    },
    {
      "code": "0418",
      "value": "Oyster Fishing",
      "extensionValue": "041"
    },
    {
      "code": "0419",
      "value": "MARINE FISHING n.e.c.",
      "extensionValue": "041"
    },
    {
      "code": "0420",
      "value": "AQUACULTURE",
      "extensionValue": "042"
    },
    {
      "code": "0421",
      "value": "Oyster Farming",
      "extensionValue": "042"
    },
    {
      "code": "0422",
      "value": "Mussel Farming",
      "extensionValue": "042"
    },
    {
      "code": "0423",
      "value": "Prawn Farming",
      "extensionValue": "042"
    },
    {
      "code": "0424",
      "value": "Salmon And Trout Farming",
      "extensionValue": "042"
    },
    {
      "code": "0429",
      "value": "Aquaculture N.E.C.",
      "extensionValue": "042"
    },
    {
      "code": "1101",
      "value": "BLACK COAL MINING",
      "extensionValue": "110"
    },
    {
      "code": "1102",
      "value": "BROWN COAL MINING",
      "extensionValue": "110"
    },
    {
      "code": "1200",
      "value": "OIL & GAS EXTRACTION",
      "extensionValue": "120"
    },
    {
      "code": "1311",
      "value": "IRON ORE MINING",
      "extensionValue": "131"
    },
    {
      "code": "1312",
      "value": "BAUXITE MINING",
      "extensionValue": "131"
    },
    {
      "code": "1313",
      "value": "COPPER ORE MINING",
      "extensionValue": "131"
    },
    {
      "code": "1314",
      "value": "GOLD ORE MINING",
      "extensionValue": "131"
    },
    {
      "code": "1315",
      "value": "MINERAL SAND MINING",
      "extensionValue": "131"
    },
    {
      "code": "1316",
      "value": "NICKEL ORE MINING",
      "extensionValue": "131"
    },
    {
      "code": "1317",
      "value": "SILVER/LEAD/ZINC ORE MINING",
      "extensionValue": "131"
    },
    {
      "code": "1319",
      "value": "METAL ORE MINING n.e.c.",
      "extensionValue": "131"
    },
    {
      "code": "1411",
      "value": "GRAVEL & SAND  QUARRYING",
      "extensionValue": "141"
    },
    {
      "code": "1412",
      "value": "Limestone Quarrying",
      "extensionValue": "141"
    },
    {
      "code": "1419",
      "value": "CONSTRUCTION MATERIAL  MINING",
      "extensionValue": "141"
    },
    {
      "code": "1420",
      "value": "MINING n.e.c.",
      "extensionValue": "142"
    },
    {
      "code": "1511",
      "value": "PETROLEUM EXPLORATION (OWN ACCOUNT)",
      "extensionValue": "151"
    },
    {
      "code": "1512",
      "value": "PETROLEUM EXPLORATION  SERVICE",
      "extensionValue": "151"
    },
    {
      "code": "1513",
      "value": "MINERAL  EXPLORATION (OWN ACCOUNT)",
      "extensionValue": "151"
    },
    {
      "code": "1514",
      "value": "MINERAL EXPLORATION SERVICES",
      "extensionValue": "151"
    },
    {
      "code": "1520",
      "value": "OTHER MINING SERVICES",
      "extensionValue": "152"
    },
    {
      "code": "2111",
      "value": "MEAT PROCESSING",
      "extensionValue": "211"
    },
    {
      "code": "2112",
      "value": "POULTRY PROCESSING",
      "extensionValue": "211"
    },
    {
      "code": "2113",
      "value": "BACON  HAM & SMALLGOOD MFG",
      "extensionValue": "211"
    },
    {
      "code": "2121",
      "value": "MILK & CREAM PROCESSING",
      "extensionValue": "212"
    },
    {
      "code": "2122",
      "value": "ICE CREAM MANUFACTURING",
      "extensionValue": "212"
    },
    {
      "code": "2123",
      "value": "Cheese Manufacturing",
      "extensionValue": "212"
    },
    {
      "code": "2129",
      "value": "DAIRY PRODUCTS MFG n.e.c.",
      "extensionValue": "212"
    },
    {
      "code": "2130",
      "value": "FRUIT & VEGETABLE PROCESSING",
      "extensionValue": "213"
    },
    {
      "code": "2140",
      "value": "OIL & FAT  MFG",
      "extensionValue": "214"
    },
    {
      "code": "2151",
      "value": "FLOUR MILL PRODUCT MFG",
      "extensionValue": "215"
    },
    {
      "code": "2152",
      "value": "CEREAL FOOD & BAKING MIX MFG",
      "extensionValue": "215"
    },
    {
      "code": "2161",
      "value": "BREAD MANUFACTURING",
      "extensionValue": "216"
    },
    {
      "code": "2162",
      "value": "CAKE & PASTRY MFG",
      "extensionValue": "216"
    },
    {
      "code": "2163",
      "value": "BISCUIT MANUFACTURING",
      "extensionValue": "216"
    },
    {
      "code": "2171",
      "value": "SUGAR MANUFACTURING",
      "extensionValue": "217"
    },
    {
      "code": "2172",
      "value": "CONFECTIONERY MANUFACTURING",
      "extensionValue": "217"
    },
    {
      "code": "2173",
      "value": "SEAFOOD PROCESSING",
      "extensionValue": "217"
    },
    {
      "code": "2174",
      "value": "PREPARED ANIMAL & BIRD FEED MFG",
      "extensionValue": "217"
    },
    {
      "code": "2179",
      "value": "FOOD MFG n.e.c.",
      "extensionValue": "217"
    },
    {
      "code": "2181",
      "value": "SOFT DRINK  CORDIAL & SYRUP MFG",
      "extensionValue": "218"
    },
    {
      "code": "2182",
      "value": "BEER & MALT MFG",
      "extensionValue": "218"
    },
    {
      "code": "2183",
      "value": "WINE MANUFACTURING",
      "extensionValue": "218"
    },
    {
      "code": "2184",
      "value": "SPIRIT MANUFACTURING",
      "extensionValue": "218"
    },
    {
      "code": "2190",
      "value": "TOBACCO PRODUCTS MFG",
      "extensionValue": "219"
    },
    {
      "code": "2211",
      "value": "WOOL SCOURING",
      "extensionValue": "221"
    },
    {
      "code": "2212",
      "value": "SYNTHETIC FIBRE TEXTILE MFG ",
      "extensionValue": "221"
    },
    {
      "code": "2213",
      "value": "COTTON TEXTILE MFG",
      "extensionValue": "221"
    },
    {
      "code": "2214",
      "value": "WOOL TEXTILE MFG",
      "extensionValue": "221"
    },
    {
      "code": "2215",
      "value": "TEXTILE FINISHING",
      "extensionValue": "221"
    },
    {
      "code": "2221",
      "value": "MADE-UP TEXTILE PRODUCT MFG",
      "extensionValue": "222"
    },
    {
      "code": "2222",
      "value": "TEXTILE FLOOR COVERING MFG ",
      "extensionValue": "222"
    },
    {
      "code": "2223",
      "value": "ROPE  CORDAGE & TWINE MFG",
      "extensionValue": "222"
    },
    {
      "code": "2229",
      "value": "TEXTILE PRODUCT MFG n.e.c.",
      "extensionValue": "222"
    },
    {
      "code": "2231",
      "value": "HOSIERY MANUFACTURING",
      "extensionValue": "223"
    },
    {
      "code": "2232",
      "value": "CARDIGAN & PULLOVER MFG",
      "extensionValue": "223"
    },
    {
      "code": "2239",
      "value": "KNITTING MILL PRODUCT MFG n.e.c.",
      "extensionValue": "223"
    },
    {
      "code": "2241",
      "value": "MEN'S & BOY'S WEAR MFG",
      "extensionValue": "224"
    },
    {
      "code": "2242",
      "value": "WOMEN'S & GIRL'S WEAR MFG",
      "extensionValue": "224"
    },
    {
      "code": "2243",
      "value": "SLEEPWEAR UNDERWEAR & INFANT CLOTHING MFG",
      "extensionValue": "224"
    },
    {
      "code": "2249",
      "value": "CLOTHING MFG n.e.c.",
      "extensionValue": "224"
    },
    {
      "code": "2250",
      "value": "FOOTWEAR MFG",
      "extensionValue": "225"
    },
    {
      "code": "2261",
      "value": "LEATHER TANNING & FUR DRESSING",
      "extensionValue": "226"
    },
    {
      "code": "2262",
      "value": "LEATHER & LEATHER SUBSTITUTE PRODUCT MFG",
      "extensionValue": "226"
    },
    {
      "code": "2311",
      "value": "LOG SAWMILLING",
      "extensionValue": "231"
    },
    {
      "code": "2312",
      "value": "WOOD CHIPPING",
      "extensionValue": "231"
    },
    {
      "code": "2313",
      "value": "TIMBER RESAWING & DRESSING",
      "extensionValue": "231"
    },
    {
      "code": "2321",
      "value": "PLYWOOD & VENEER MFG",
      "extensionValue": "232"
    },
    {
      "code": "2322",
      "value": "FABRICATED WOOD MFG",
      "extensionValue": "232"
    },
    {
      "code": "2323",
      "value": "WOODEN STRUCTURAL COMPONENT MFG",
      "extensionValue": "232"
    },
    {
      "code": "2329",
      "value": "WOOD PRODUCT MFG n.e.c.",
      "extensionValue": "232"
    },
    {
      "code": "2331",
      "value": "PULP  PAPER & PAPERBOARD MFG",
      "extensionValue": "233"
    },
    {
      "code": "2332",
      "value": "SOLID PAPERBOARD CONTAINER MFG",
      "extensionValue": "233"
    },
    {
      "code": "2333",
      "value": "CORRUGATED PAPERBOARD CONTAINER MFG",
      "extensionValue": "233"
    },
    {
      "code": "2334",
      "value": "PAPER BAG & SACK MFG",
      "extensionValue": "233"
    },
    {
      "code": "2339",
      "value": "PAPER PRODUCT MFG",
      "extensionValue": "233"
    },
    {
      "code": "2411",
      "value": "PAPER STATIONERY MFG",
      "extensionValue": "241"
    },
    {
      "code": "2412",
      "value": "PRINTING",
      "extensionValue": "241"
    },
    {
      "code": "2413",
      "value": "SERVICES TO PRINTING",
      "extensionValue": "241"
    },
    {
      "code": "2421",
      "value": "NEWSPAPER PRINTING OR PUBLISHING",
      "extensionValue": "242"
    },
    {
      "code": "2422",
      "value": "OTHER PERIODICAL PUBLISHING",
      "extensionValue": "242"
    },
    {
      "code": "2423",
      "value": "BOOK & OTHER PUBLISHING",
      "extensionValue": "242"
    },
    {
      "code": "2430",
      "value": "RECORDED MEDIA MFG & PUBLISHING ",
      "extensionValue": "243"
    },
    {
      "code": "2510",
      "value": "PETROLEUM REFINING",
      "extensionValue": "251"
    },
    {
      "code": "2520",
      "value": "PETROLEUM & COAL PRODUCT MFG n.e.c.",
      "extensionValue": "252"
    },
    {
      "code": "2531",
      "value": "FERTILIZER MFG",
      "extensionValue": "253"
    },
    {
      "code": "2532",
      "value": "INDUSTRIAL GAS MFG",
      "extensionValue": "253"
    },
    {
      "code": "2533",
      "value": "SYNTHETIC RESIN MFG",
      "extensionValue": "253"
    },
    {
      "code": "2534",
      "value": "ORGANIC INDUSTRIAL CHEMICAL MFG n.e.c.",
      "extensionValue": "253"
    },
    {
      "code": "2535",
      "value": "INORGANIC INDUSTRIAL CHEMICAL MFG",
      "extensionValue": "253"
    },
    {
      "code": "2541",
      "value": "EXPLOSIVE MFG",
      "extensionValue": "254"
    },
    {
      "code": "2542",
      "value": "PAINT MFG",
      "extensionValue": "254"
    },
    {
      "code": "2543",
      "value": "MEDICINAL & PHARMACEUTICAL PRODUCT MFG",
      "extensionValue": "254"
    },
    {
      "code": "2544",
      "value": "PESTICIDE MFG",
      "extensionValue": "254"
    },
    {
      "code": "2545",
      "value": "SOAP & OTHER DETERGENT MFG",
      "extensionValue": "254"
    },
    {
      "code": "2546",
      "value": "COSMETIC & TOILETRY PREPARATION MFG",
      "extensionValue": "254"
    },
    {
      "code": "2547",
      "value": "INK MFG",
      "extensionValue": "254"
    },
    {
      "code": "2549",
      "value": "CHEMICAL PRODUCT MFG",
      "extensionValue": "254"
    },
    {
      "code": "2551",
      "value": "RUBBER TYRE MFG",
      "extensionValue": "255"
    },
    {
      "code": "2559",
      "value": "RUBBER PRODUCT MFG n.e.c.",
      "extensionValue": "255"
    },
    {
      "code": "2561",
      "value": "PLASTIC BLOW MOULDED PRODUCT MFG",
      "extensionValue": "256"
    },
    {
      "code": "2562",
      "value": "PLASTIC EXTRUDED PRODUCT  MFG",
      "extensionValue": "256"
    },
    {
      "code": "2563",
      "value": "PLASTIC BAG & FILM MFG",
      "extensionValue": "256"
    },
    {
      "code": "2564",
      "value": "PLASTIC PROD RIGID FIBRE REINFORCED MFG",
      "extensionValue": "256"
    },
    {
      "code": "2565",
      "value": "PLASTIC FOAM PRODUCT MFG",
      "extensionValue": "256"
    },
    {
      "code": "2566",
      "value": "PLASTIC INJECTION MOULDED PRODUCT MFG",
      "extensionValue": "256"
    },
    {
      "code": "2610",
      "value": "GLASS & GLASS PRODUCT MFG",
      "extensionValue": "261"
    },
    {
      "code": "2621",
      "value": "CLAY BRICK MFG",
      "extensionValue": "262"
    },
    {
      "code": "2622",
      "value": "CERAMIC PRODUCT MFG",
      "extensionValue": "262"
    },
    {
      "code": "2623",
      "value": "CERAMIC TILE & PIPE MFG",
      "extensionValue": "262"
    },
    {
      "code": "2629",
      "value": "CERAMIC PRODUCT MFG neg",
      "extensionValue": "262"
    },
    {
      "code": "2631",
      "value": "CEMENT & LIME MFG",
      "extensionValue": "263"
    },
    {
      "code": "2632",
      "value": "PLASTER PRODUCT MFG",
      "extensionValue": "263"
    },
    {
      "code": "2633",
      "value": "CONCRETE SLURRY MFG",
      "extensionValue": "263"
    },
    {
      "code": "2634",
      "value": "CONCRETE PIPE & BOX CULVERT MFG",
      "extensionValue": "263"
    },
    {
      "code": "2635",
      "value": "CONCRETE PRODUCT MFG n.e.c.",
      "extensionValue": "263"
    },
    {
      "code": "2640",
      "value": "NON-METALLIC MINERAL PRODUCT MFG n.e.c.",
      "extensionValue": "264"
    },
    {
      "code": "2711",
      "value": "BASIC IRON & STEEL MFG",
      "extensionValue": "271"
    },
    {
      "code": "2712",
      "value": "IRON & STEEL CASTING & FORGING",
      "extensionValue": "271"
    },
    {
      "code": "2713",
      "value": "STEEL PIPE & TUBE MFG",
      "extensionValue": "271"
    },
    {
      "code": "2721",
      "value": "ALUMINA PRODUCTION",
      "extensionValue": "272"
    },
    {
      "code": "2722",
      "value": "ALUMINIUM SMELTING",
      "extensionValue": "272"
    },
    {
      "code": "2723",
      "value": "COPPER SILVER LEAD & ZINC SMELTING REFINING",
      "extensionValue": "272"
    },
    {
      "code": "2729",
      "value": "BASIC NON-FERROUS METAL MFG",
      "extensionValue": "272"
    },
    {
      "code": "2731",
      "value": "ALUMINIUM ROLLING  DRAWING  EXTRUDING",
      "extensionValue": "273"
    },
    {
      "code": "2732",
      "value": "NON-FERROUS METAL  ROLLING  DRAWING  EXTRUDING nec",
      "extensionValue": "273"
    },
    {
      "code": "2733",
      "value": "NON-FERROUS METAL CASTING",
      "extensionValue": "273"
    },
    {
      "code": "2741",
      "value": "STRUCTURAL STEEL FABRICATING",
      "extensionValue": "274"
    },
    {
      "code": "2742",
      "value": "ARCHITECTURAL ALUMINIUM PRODUCT MFG",
      "extensionValue": "274"
    },
    {
      "code": "2749",
      "value": "STRUCTURAL METAL PRODUCT MFG",
      "extensionValue": "274"
    },
    {
      "code": "2751",
      "value": "METAL CONTAINER MFG",
      "extensionValue": "275"
    },
    {
      "code": "2759",
      "value": "SHEET METAL PRODUCT MFG",
      "extensionValue": "275"
    },
    {
      "code": "2761",
      "value": "HAND TOOL & GENERAL HARDWARE MFG",
      "extensionValue": "276"
    },
    {
      "code": "2762",
      "value": "SPRING & WIRE PRODUCT MFG",
      "extensionValue": "276"
    },
    {
      "code": "2763",
      "value": "NUT  BOLT  SCREW & RIVET MFG",
      "extensionValue": "276"
    },
    {
      "code": "2764",
      "value": "METAL COATING & FINISHING",
      "extensionValue": "276"
    },
    {
      "code": "2765",
      "value": "NON-FERROUS PIPE FITTING MFG",
      "extensionValue": "276"
    },
    {
      "code": "2769",
      "value": "FABRICATED METAL PRODUCT MFG",
      "extensionValue": "276"
    },
    {
      "code": "2811",
      "value": "MOTOR VEHICLE MFG",
      "extensionValue": "281"
    },
    {
      "code": "2812",
      "value": "MOTOR VEHICLE BODY MFG",
      "extensionValue": "281"
    },
    {
      "code": "2813",
      "value": "AUTOMOTIVE ELECTRICAL & INSTRUMENT MFG",
      "extensionValue": "281"
    },
    {
      "code": "2819",
      "value": "AUTOMOTIVE COMPONENT MFG n.e.c.",
      "extensionValue": "281"
    },
    {
      "code": "2821",
      "value": "SHIPBUILDING",
      "extensionValue": "282"
    },
    {
      "code": "2822",
      "value": "BOATBUILDING",
      "extensionValue": "282"
    },
    {
      "code": "2823",
      "value": "RAILWAY EQUIPMENTMENT MFG",
      "extensionValue": "282"
    },
    {
      "code": "2824",
      "value": "AIRCRAFT MFG",
      "extensionValue": "282"
    },
    {
      "code": "2829",
      "value": "TRANSPORT EQUIPMENTMENT MFG n.e.c.",
      "extensionValue": "282"
    },
    {
      "code": "2831",
      "value": "PHOTOGRAPHIC & OPTICAL GOODS MFG",
      "extensionValue": "283"
    },
    {
      "code": "2832",
      "value": "MEDICAL & SURGICAL EQUIPMENTMENT MFG",
      "extensionValue": "283"
    },
    {
      "code": "2839",
      "value": "PROFESSIONAL & SCIENTIFIC EQUIPMENT MFG  n.e.c.",
      "extensionValue": "283"
    },
    {
      "code": "2841",
      "value": "COMPUTER & BUSINESS MACHINE MFG",
      "extensionValue": "284"
    },
    {
      "code": "2842",
      "value": "TELECOMMUNICATION  BROADCASTING & TRANSCEIVING  EQUIPMENTMENT MFG",
      "extensionValue": "284"
    },
    {
      "code": "2849",
      "value": "ELECTRONIC EQUIPMENTMENT MFG  n.e.c.",
      "extensionValue": "284"
    },
    {
      "code": "2851",
      "value": "HOUSEHOLD APPLIANCE  MFG",
      "extensionValue": "285"
    },
    {
      "code": "2852",
      "value": "ELECTRIC CABLE & WIRE MFG",
      "extensionValue": "285"
    },
    {
      "code": "2853",
      "value": "BATTERY MFG",
      "extensionValue": "285"
    },
    {
      "code": "2854",
      "value": "ELECTRIC LIGHT & SIGN  MFG",
      "extensionValue": "285"
    },
    {
      "code": "2859",
      "value": "ELECTRICAL & EQUIPMENT MFG  n.e.c.",
      "extensionValue": "285"
    },
    {
      "code": "2861",
      "value": "AGRICULTURAL MACHINERY MFG",
      "extensionValue": "286"
    },
    {
      "code": "2862",
      "value": "MINING & CONSTRUCTION  MACHINERY MFG",
      "extensionValue": "286"
    },
    {
      "code": "2863",
      "value": "FOOD PROCESSING MACHINERY MFG",
      "extensionValue": "286"
    },
    {
      "code": "2864",
      "value": "MACHINE TOOL & PART MFG",
      "extensionValue": "286"
    },
    {
      "code": "2865",
      "value": "LIFTING & MATERIAL HANDLING EQUIPMENT MFG",
      "extensionValue": "286"
    },
    {
      "code": "2866",
      "value": "PUMP & COMPRESSOR MFG",
      "extensionValue": "286"
    },
    {
      "code": "2867",
      "value": "COMMERCIAL SPACE HEATING & COOLING EQUIPMENT MFG",
      "extensionValue": "286"
    },
    {
      "code": "2869",
      "value": "INDUSTRIAL MACHINERY  EQUIPMENT MFG  n.e.c.",
      "extensionValue": "286"
    },
    {
      "code": "2911",
      "value": "PREFABRICATED METAL BUILDING MFG",
      "extensionValue": "291"
    },
    {
      "code": "2919",
      "value": "PREFABRICATED BUILDING MFG n.e.c.",
      "extensionValue": "291"
    },
    {
      "code": "2921",
      "value": "WOOD FURNITURE & UPHOLSTERED SEAT MFG",
      "extensionValue": "292"
    },
    {
      "code": "2922",
      "value": "SHEET METAL FURNITURE MFG",
      "extensionValue": "292"
    },
    {
      "code": "2923",
      "value": "MATTRESS MFG (EXCEPT RUBBER)",
      "extensionValue": "292"
    },
    {
      "code": "2929",
      "value": "FURNITURE MFG n.e.c.",
      "extensionValue": "292"
    },
    {
      "code": "2941",
      "value": "JEWELLERY & SILVERWEAR MFG",
      "extensionValue": "294"
    },
    {
      "code": "2942",
      "value": "TOY & SPORTING GOODS MFG",
      "extensionValue": "294"
    },
    {
      "code": "2949",
      "value": "MANUFACTURING n.e.c.",
      "extensionValue": "294"
    },
    {
      "code": "3611",
      "value": "ELECTRICITY GENERATION",
      "extensionValue": "361"
    },
    {
      "code": "3612",
      "value": "ELECTRICITY DISTRIBUTION",
      "extensionValue": "361"
    },
    {
      "code": "3613",
      "value": "ELECTRICITY SUPPLY",
      "extensionValue": "361"
    },
    {
      "code": "3620",
      "value": "GAS SUPPLY",
      "extensionValue": "362"
    },
    {
      "code": "3701",
      "value": "WATER SUPPLY",
      "extensionValue": "370"
    },
    {
      "code": "3702",
      "value": "SEWERAGE & DRAINAGE  SERVICES",
      "extensionValue": "370"
    },
    {
      "code": "4111",
      "value": "HOUSE CONSTRUCTION",
      "extensionValue": "411"
    },
    {
      "code": "4112",
      "value": "RESIDENTIAL BUILDING CONSTRUCTION n.e.c.",
      "extensionValue": "411"
    },
    {
      "code": "4113",
      "value": "NON-RESIDENTIAL BUILDING CONSTRUCTION",
      "extensionValue": "411"
    },
    {
      "code": "4121",
      "value": "ROAD & BRIDGE CONSTRUCTION",
      "extensionValue": "412"
    },
    {
      "code": "4122",
      "value": "NON-BUILDING CONSTRUCTION",
      "extensionValue": "412"
    },
    {
      "code": "4210",
      "value": "SITE PREPARATION SERVICES",
      "extensionValue": "421"
    },
    {
      "code": "4211",
      "value": "Earthmoving",
      "extensionValue": "421"
    },
    {
      "code": "4221",
      "value": "CONCRETING SERVICES",
      "extensionValue": "422"
    },
    {
      "code": "4222",
      "value": "BRICKLAYING SERVICES",
      "extensionValue": "422"
    },
    {
      "code": "4223",
      "value": "ROOFING SERVICES",
      "extensionValue": "422"
    },
    {
      "code": "4224",
      "value": "STRUCTURAL STEEL ERECTION SERVICES",
      "extensionValue": "422"
    },
    {
      "code": "4231",
      "value": "PLUMBING SERVICES",
      "extensionValue": "423"
    },
    {
      "code": "4232",
      "value": "ELECTRICAL SERVICES",
      "extensionValue": "423"
    },
    {
      "code": "4233",
      "value": "AIR CONDITIONING &  HEATING SERVICES",
      "extensionValue": "423"
    },
    {
      "code": "4234",
      "value": "FIRE & SECURITY SYSTEM  SERVICES",
      "extensionValue": "423"
    },
    {
      "code": "4241",
      "value": "PLASTERING & CEILING  SERVICES",
      "extensionValue": "424"
    },
    {
      "code": "4242",
      "value": "CARPENTRY SERVICES",
      "extensionValue": "424"
    },
    {
      "code": "4243",
      "value": "TILING & CARPETING SERVICES",
      "extensionValue": "424"
    },
    {
      "code": "4244",
      "value": "PAINTING & DECORATING  SERVICES",
      "extensionValue": "424"
    },
    {
      "code": "4245",
      "value": "GLAZING SERVICES",
      "extensionValue": "424"
    },
    {
      "code": "4251",
      "value": "LANDSCAPING SERVICES",
      "extensionValue": "425"
    },
    {
      "code": "4259",
      "value": "CONSTRUCTION SERVICES n.e.c.",
      "extensionValue": "425"
    },
    {
      "code": "4511",
      "value": "WOOL WHOLESALING ",
      "extensionValue": "451"
    },
    {
      "code": "4512",
      "value": "CEREAL GRAIN  WHOLESALING",
      "extensionValue": "451"
    },
    {
      "code": "4519",
      "value": "FARM PRODUCE & SUPPLIES WHOLESALING",
      "extensionValue": "451"
    },
    {
      "code": "4521",
      "value": "PETROLEUM PRODUCT WHOLESALING",
      "extensionValue": "452"
    },
    {
      "code": "4522",
      "value": "METAL & MINERAL  WHOLESALING",
      "extensionValue": "452"
    },
    {
      "code": "4523",
      "value": "CHEMICAL WHOLESALING",
      "extensionValue": "452"
    },
    {
      "code": "4531",
      "value": "TIMBER WHOLESALING",
      "extensionValue": "453"
    },
    {
      "code": "4539",
      "value": "BUILDING SUPPLIES WHOLESALING",
      "extensionValue": "453"
    },
    {
      "code": "4611",
      "value": "FARM & CONSTRUCTION  MACHINERY WHOLESALING",
      "extensionValue": "461"
    },
    {
      "code": "4612",
      "value": "PROFESSIONAL EQUIPMENTMENT WHOLESALING",
      "extensionValue": "461"
    },
    {
      "code": "4613",
      "value": "COMPUTER WHOLESALING",
      "extensionValue": "461"
    },
    {
      "code": "4614",
      "value": "BUSINESS MACHINE WHOLESALING",
      "extensionValue": "461"
    },
    {
      "code": "4615",
      "value": "ELECTRICAL & ELECTRONIC EQUIPMENT WHOLESALING",
      "extensionValue": "461"
    },
    {
      "code": "4619",
      "value": "MACHINERY & EQUIPMENTMENT WHOLESALING n.e.c.",
      "extensionValue": "461"
    },
    {
      "code": "4621",
      "value": "CAR WHOLESALING",
      "extensionValue": "462"
    },
    {
      "code": "4622",
      "value": "COMMERCIAL VEHICLE WHOLESALING",
      "extensionValue": "462"
    },
    {
      "code": "4623",
      "value": "MOTOR VEHICLE NEW PART  DEALING",
      "extensionValue": "462"
    },
    {
      "code": "4624",
      "value": "MOTOR VEHICLE DISMANTLING & USED PART DEALING",
      "extensionValue": "462"
    },
    {
      "code": "4711",
      "value": "MEAT WHOLESALING",
      "extensionValue": "471"
    },
    {
      "code": "4712",
      "value": "POULTRY & SMALLGOOD WHOLESALING",
      "extensionValue": "471"
    },
    {
      "code": "4713",
      "value": "DAIRY PRODUCE WHOLESALING",
      "extensionValue": "471"
    },
    {
      "code": "4714",
      "value": "FISH WHOLESALING",
      "extensionValue": "471"
    },
    {
      "code": "4715",
      "value": "FRUIT & VEGETABLE  WHOLESALING",
      "extensionValue": "471"
    },
    {
      "code": "4716",
      "value": "CONFECTIONERY & SOFT DRINK WHOLESALING",
      "extensionValue": "471"
    },
    {
      "code": "4717",
      "value": "LIQUOR WHOLESALING",
      "extensionValue": "471"
    },
    {
      "code": "4718",
      "value": "TOBACCO PRODUCT WHOLESALING",
      "extensionValue": "471"
    },
    {
      "code": "4719",
      "value": "GROCERY WHOLESALING",
      "extensionValue": "471"
    },
    {
      "code": "4721",
      "value": "TEXTILE PRODUCT  WHOLESALING",
      "extensionValue": "472"
    },
    {
      "code": "4722",
      "value": "CLOTHING WHOLESALING",
      "extensionValue": "472"
    },
    {
      "code": "4723",
      "value": "FOOTWEAR WHOLESALING",
      "extensionValue": "472"
    },
    {
      "code": "4731",
      "value": "HOUSEHOLD APPLIANCE  WHOLESALING",
      "extensionValue": "473"
    },
    {
      "code": "4732",
      "value": "FURNITURE WHOLESALING",
      "extensionValue": "473"
    },
    {
      "code": "4733",
      "value": "FLOOR COVERING WHOLESALING",
      "extensionValue": "473"
    },
    {
      "code": "4739",
      "value": "HOUSEHOLD GOODS WHOLESALING",
      "extensionValue": "473"
    },
    {
      "code": "4791",
      "value": "PHOTOGRAPHIC EQUIPMENTMENT WHOLESALING",
      "extensionValue": "479"
    },
    {
      "code": "4792",
      "value": "JEWELLERY & WATCH WHOLESALING",
      "extensionValue": "479"
    },
    {
      "code": "4793",
      "value": "TOY & SPORTING GOOD WHOLESALING",
      "extensionValue": "479"
    },
    {
      "code": "4794",
      "value": "BOOK & MAGAZINE WHOLESALING",
      "extensionValue": "479"
    },
    {
      "code": "4795",
      "value": "PAPER PRODUCT  WHOLESALING",
      "extensionValue": "479"
    },
    {
      "code": "4796",
      "value": "PHARMACEUTICAL  TOILETRY WHOLESALING",
      "extensionValue": "479"
    },
    {
      "code": "4799",
      "value": "WHOLESALING n.e.c. ",
      "extensionValue": "479"
    },
    {
      "code": "5110",
      "value": "SUPERMARKET & GROCERY STORES",
      "extensionValue": "511"
    },
    {
      "code": "5111",
      "value": "Supermarkets",
      "extensionValue": "511"
    },
    {
      "code": "5112",
      "value": "Grocery Stores",
      "extensionValue": "511"
    },
    {
      "code": "5113",
      "value": "Dairies",
      "extensionValue": "511"
    },
    {
      "code": "5121",
      "value": "FRESH MEAT  FISH & POULTRY RETAILING",
      "extensionValue": "512"
    },
    {
      "code": "5122",
      "value": "FRUIT & VEGETABLE RETAILING",
      "extensionValue": "512"
    },
    {
      "code": "5123",
      "value": "LIQUOR RETAILING",
      "extensionValue": "512"
    },
    {
      "code": "5124",
      "value": "BREAD & CAKE RETAILING",
      "extensionValue": "512"
    },
    {
      "code": "5125",
      "value": "TAKEAWAY FOOD RETAILING",
      "extensionValue": "512"
    },
    {
      "code": "5126",
      "value": "MILK VENDING",
      "extensionValue": "512"
    },
    {
      "code": "5129",
      "value": "SPECIALISED FOOD RETAILING n.e.c.",
      "extensionValue": "512"
    },
    {
      "code": "5210",
      "value": "DEPARTMENT STORE",
      "extensionValue": "521"
    },
    {
      "code": "5221",
      "value": "CLOTHING RETAILING",
      "extensionValue": "522"
    },
    {
      "code": "5222",
      "value": "FOOTWEAR RETAILING",
      "extensionValue": "522"
    },
    {
      "code": "5223",
      "value": "FABRICS & OTHER SOFT GOODS RETAILING",
      "extensionValue": "522"
    },
    {
      "code": "5231",
      "value": "FURNITURE RETAILING",
      "extensionValue": "523"
    },
    {
      "code": "5232",
      "value": "FLOOR COVERING RETAILING",
      "extensionValue": "523"
    },
    {
      "code": "5233",
      "value": "DOMESTIC HARDWARE & HOUSEWARE RETAILING",
      "extensionValue": "523"
    },
    {
      "code": "5234",
      "value": "DOMESTIC APPLIANCE RETAILING",
      "extensionValue": "523"
    },
    {
      "code": "5235",
      "value": "RECORDED MUSIC RETAILING",
      "extensionValue": "523"
    },
    {
      "code": "5241",
      "value": "SPORT & CAMPING EQUIPMENTMENT RETAILING",
      "extensionValue": "524"
    },
    {
      "code": "5242",
      "value": "TOY & GAME RETAILING",
      "extensionValue": "524"
    },
    {
      "code": "5243",
      "value": "NEWSPAPER  BOOK &  STATIONERY RETAILING",
      "extensionValue": "524"
    },
    {
      "code": "5244",
      "value": "PHOTOGRAPHIC EQUIPMENTMENT RETAILING",
      "extensionValue": "524"
    },
    {
      "code": "5245",
      "value": "MARINE EQUIPMENTMENT RETAILING",
      "extensionValue": "524"
    },
    {
      "code": "5251",
      "value": "PHARMACEUTICAL COSMETIC & TOILETRY RETAILING",
      "extensionValue": "525"
    },
    {
      "code": "5252",
      "value": "ANTIQUE & USED GOODS  RETAILING",
      "extensionValue": "525"
    },
    {
      "code": "5253",
      "value": "GARDEN SUPPLIES RETAILING",
      "extensionValue": "525"
    },
    {
      "code": "5254",
      "value": "FLOWER RETAILING",
      "extensionValue": "525"
    },
    {
      "code": "5255",
      "value": "WATCH & JEWELLERY RETAILING",
      "extensionValue": "525"
    },
    {
      "code": "5256",
      "value": "Used Goods Retailing",
      "extensionValue": "525"
    },
    {
      "code": "5257",
      "value": "Firewood And Coal Retailing",
      "extensionValue": "525"
    },
    {
      "code": "5258",
      "value": "Farm Equipment Retailing",
      "extensionValue": "525"
    },
    {
      "code": "5259",
      "value": "RETAILING n.e.c.",
      "extensionValue": "525"
    },
    {
      "code": "5261",
      "value": "HOUSEHOLD EQUIPMENT REPAIR SERVICES (ELECTRICAL)",
      "extensionValue": "526"
    },
    {
      "code": "5269",
      "value": "HOUSEHOLD EQUIPMENT REPAIR SERVICES n.e.c.",
      "extensionValue": "526"
    },
    {
      "code": "5311",
      "value": "CAR RETAILING",
      "extensionValue": "531"
    },
    {
      "code": "5312",
      "value": "MOTOR CYCLE DEALING",
      "extensionValue": "531"
    },
    {
      "code": "5313",
      "value": "TRAILER & CARAVAN  DEALING",
      "extensionValue": "531"
    },
    {
      "code": "5314",
      "value": "Tractor Retailing",
      "extensionValue": "531"
    },
    {
      "code": "5321",
      "value": "AUTOMOTIVE FUEL  RETAILING",
      "extensionValue": "532"
    },
    {
      "code": "5322",
      "value": "AUTOMOTIVE ELECTRICAL  SERVICES",
      "extensionValue": "532"
    },
    {
      "code": "5323",
      "value": "SMASH REPAIRING",
      "extensionValue": "532"
    },
    {
      "code": "5324",
      "value": "TYRE RETAILING",
      "extensionValue": "532"
    },
    {
      "code": "5325",
      "value": "Auto Trimming/Car Painting",
      "extensionValue": "532"
    },
    {
      "code": "5329",
      "value": "AUTOMOTIVE REPAIR &  SERVICES n.e.c.",
      "extensionValue": "532"
    },
    {
      "code": "5711",
      "value": "HOTEL ACCOMMODATION (3STAR AND BELOW)",
      "extensionValue": "571"
    },
    {
      "code": "5712",
      "value": "HOTEL ACCOMMODATION (4 STAR AND ABOVE)",
      "extensionValue": "571"
    },
    {
      "code": "5713",
      "value": "MOTEL ACCOMMODATION",
      "extensionValue": "571"
    },
    {
      "code": "5714",
      "value": "RESORT ACCOMMODATION",
      "extensionValue": "571"
    },
    {
      "code": "5715",
      "value": "Camping Grounds",
      "extensionValue": "571"
    },
    {
      "code": "5716",
      "value": "Backpackers/Hostels",
      "extensionValue": "571"
    },
    {
      "code": "5719",
      "value": "OTHER ACCOMMODATION",
      "extensionValue": "571"
    },
    {
      "code": "5721",
      "value": "PUBS/TAVERNS/BARS/HOTELS WITH GAMING",
      "extensionValue": "572"
    },
    {
      "code": "5722",
      "value": "PUBS/TAVERNS/BARS/HOTELS WITHOUT GAMING",
      "extensionValue": "572"
    },
    {
      "code": "5723",
      "value": "NIGHT CLUBS & DISCOS",
      "extensionValue": "572"
    },
    {
      "code": "5724",
      "value": "HOTELS - MAINLY DRINKING PLACES",
      "extensionValue": "572"
    },
    {
      "code": "5725",
      "value": "NIGHT CLUBS",
      "extensionValue": "572"
    },
    {
      "code": "5729",
      "value": "DRINKING PLACES n.e.c.",
      "extensionValue": "572"
    },
    {
      "code": "5730",
      "value": "CAFES & RESTAURANTS",
      "extensionValue": "573"
    },
    {
      "code": "5732",
      "value": "Coffee Shops/Lunch Bars",
      "extensionValue": "573"
    },
    {
      "code": "5741",
      "value": "LICENSED CLUBS WITH GAMBLING FACILITIES",
      "extensionValue": "574"
    },
    {
      "code": "5742",
      "value": "LICENSED CLUBS WITHOUT GAMBLING",
      "extensionValue": "574"
    },
    {
      "code": "5749",
      "value": "HOSPITALITY CLUBS n.e.c.",
      "extensionValue": "574"
    },
    {
      "code": "6110",
      "value": "ROAD FREIGHT TRANSPORT",
      "extensionValue": "611"
    },
    {
      "code": "6111",
      "value": "Refrigerated Road Freight",
      "extensionValue": "611"
    },
    {
      "code": "6112",
      "value": "Road Freight (Logging)",
      "extensionValue": "611"
    },
    {
      "code": "6113",
      "value": "Road Freight (Livestock And Rural)",
      "extensionValue": "611"
    },
    {
      "code": "6119",
      "value": "Road Freight N.E.C",
      "extensionValue": "611"
    },
    {
      "code": "6121",
      "value": "LONG DISTANCE BUS  TRANSPORT",
      "extensionValue": "612"
    },
    {
      "code": "6122",
      "value": "SHORT DISTANCE BUS TRANSPORT (INC TRAMWAYS)",
      "extensionValue": "612"
    },
    {
      "code": "6123",
      "value": "TAXI & OTHER ROAD  PASSENGER TRANSPORT",
      "extensionValue": "612"
    },
    {
      "code": "6200",
      "value": "RAIL TRANSPORT",
      "extensionValue": "620"
    },
    {
      "code": "6301",
      "value": "INTERNATIONAL SEA  TRANSPORT",
      "extensionValue": "630"
    },
    {
      "code": "6302",
      "value": "COASTAL WATER  TRANSPORT",
      "extensionValue": "630"
    },
    {
      "code": "6303",
      "value": "INLAND WATER TRANSPORT",
      "extensionValue": "630"
    },
    {
      "code": "6401",
      "value": "SCHEDULED  INTERNATIONAL AIR TRANSPORT",
      "extensionValue": "640"
    },
    {
      "code": "6402",
      "value": "SCHEDULED DOMESTIC AIR TRANSPORT ",
      "extensionValue": "640"
    },
    {
      "code": "6403",
      "value": "NON-SCHEDULED AIR &  SPACE TRANSPORT",
      "extensionValue": "640"
    },
    {
      "code": "6501",
      "value": "PIPELINE TRANSPORT",
      "extensionValue": "650"
    },
    {
      "code": "6509",
      "value": "TRANSPORT n.e.c.",
      "extensionValue": "650"
    },
    {
      "code": "6611",
      "value": "PARKING SERVICES",
      "extensionValue": "661"
    },
    {
      "code": "6619",
      "value": "SERVICES TO ROAD  TRANSPORT n.e.c.",
      "extensionValue": "661"
    },
    {
      "code": "6621",
      "value": "STEVEDORING",
      "extensionValue": "662"
    },
    {
      "code": "6622",
      "value": "WATER TRANSPORT  TERMINALS",
      "extensionValue": "662"
    },
    {
      "code": "6623",
      "value": "PORT OPERATORS",
      "extensionValue": "662"
    },
    {
      "code": "6629",
      "value": "SERVICES TO WATER  TRANSPORT n.e.c.",
      "extensionValue": "662"
    },
    {
      "code": "6630",
      "value": "SERVICES TO AIR  TRANSPORT",
      "extensionValue": "663"
    },
    {
      "code": "6641",
      "value": "TRAVEL AGENCY SERVICES",
      "extensionValue": "664"
    },
    {
      "code": "6642",
      "value": "ROAD FREIGHT  FORWARDING",
      "extensionValue": "664"
    },
    {
      "code": "6643",
      "value": "FREIGHT FORWARDING  (EXCEPT  ROAD)",
      "extensionValue": "664"
    },
    {
      "code": "6644",
      "value": "CUSTOMS AGENCY SERVICE",
      "extensionValue": "664"
    },
    {
      "code": "6649",
      "value": "SERVICES TO TRANSPORT  n.e.c.",
      "extensionValue": "664"
    },
    {
      "code": "6701",
      "value": "GRAIN STORAGE",
      "extensionValue": "670"
    },
    {
      "code": "6702",
      "value": "Cool/Cold Storage",
      "extensionValue": "670"
    },
    {
      "code": "6709",
      "value": "STORAGE n.e.c.",
      "extensionValue": "670"
    },
    {
      "code": "7111",
      "value": "POSTAL SERVICES",
      "extensionValue": "711"
    },
    {
      "code": "7112",
      "value": "COURIER SERVICES",
      "extensionValue": "711"
    },
    {
      "code": "7120",
      "value": "TELECOMMUNICATIONS  SERVICES",
      "extensionValue": "712"
    },
    {
      "code": "7310",
      "value": "CENTRAL BANKS",
      "extensionValue": "731"
    },
    {
      "code": "7326",
      "value": "NZ Banks (M3)",
      "extensionValue": "732"
    },
    {
      "code": "7330",
      "value": "Other Financiers",
      "extensionValue": "733"
    },
    {
      "code": "7331",
      "value": "TERMINATING BUILDING SOCIETIES",
      "extensionValue": "733"
    },
    {
      "code": "7332",
      "value": "CO-OPERATIVE HOUSING SOCIETIES",
      "extensionValue": "733"
    },
    {
      "code": "7339",
      "value": "FINANCIERS n.e.c.",
      "extensionValue": "733"
    },
    {
      "code": "7341",
      "value": "HOLDING COMPANY OPERATION",
      "extensionValue": "734"
    },
    {
      "code": "7342",
      "value": "FRIENDLY SOCIETY OPERATION",
      "extensionValue": "734"
    },
    {
      "code": "7349",
      "value": "SMSF & PERSONAL NON-PROPERTY INVESTORS",
      "extensionValue": "734"
    },
    {
      "code": "7351",
      "value": "MERCHANT BANKS",
      "extensionValue": "733"
    },
    {
      "code": "7352",
      "value": "BANKS - AUSTRALASIAN & OECD",
      "extensionValue": "732"
    },
    {
      "code": "7353",
      "value": "BANKS - NON-OECD",
      "extensionValue": "732"
    },
    {
      "code": "7354",
      "value": "BANKS n.e.c.",
      "extensionValue": "732"
    },
    {
      "code": "7355",
      "value": "AUTHORISED MONEY MARKET DEALERS",
      "extensionValue": "733"
    },
    {
      "code": "7356",
      "value": "MONEY MARKET DEALERS n.e.c.",
      "extensionValue": "733"
    },
    {
      "code": "7357",
      "value": "BUILDING SOCIETIES",
      "extensionValue": "732"
    },
    {
      "code": "7358",
      "value": "CREDIT UNIONS",
      "extensionValue": "732"
    },
    {
      "code": "7359",
      "value": "DEPOSIT TAKING FINANCIERS  n.e.c.",
      "extensionValue": "732"
    },
    {
      "code": "7411",
      "value": "LIFE INSURANCE",
      "extensionValue": "741"
    },
    {
      "code": "7412",
      "value": "SUPERANNUATION FUNDS",
      "extensionValue": "741"
    },
    {
      "code": "7421",
      "value": "HEALTH INSURANCE",
      "extensionValue": "742"
    },
    {
      "code": "7422",
      "value": "GENERAL INSURANCE",
      "extensionValue": "742"
    },
    {
      "code": "7511",
      "value": "FINANCIAL ASSET BROKING SERVICES",
      "extensionValue": "751"
    },
    {
      "code": "7512",
      "value": "FUND MANAGERS",
      "extensionValue": "751"
    },
    {
      "code": "7513",
      "value": "PROPERTY TRUST MANAGERS",
      "extensionValue": "751"
    },
    {
      "code": "7518",
      "value": "Deceased Estates",
      "extensionValue": "751"
    },
    {
      "code": "7519",
      "value": "SERVICES TO FINANCE & INVESTMENT n.e.c.",
      "extensionValue": "751"
    },
    {
      "code": "7520",
      "value": "SERVICES TO INSURANCE",
      "extensionValue": "752"
    },
    {
      "code": "7713",
      "value": "RETIREMENT VILLAGE OPERATORS",
      "extensionValue": "771"
    },
    {
      "code": "7714",
      "value": "RESIDENTIAL PROPERTY OPERATORS (EXCEPT RETIREMENT VILLAGES)",
      "extensionValue": "771"
    },
    {
      "code": "7715",
      "value": "RETIREMENT VILLAGE DEVELOPERS",
      "extensionValue": "771"
    },
    {
      "code": "7716",
      "value": "COMMERCIAL PROPERTY OPERATORS (EXC. RETIREMENT VILLAGES)",
      "extensionValue": "771"
    },
    {
      "code": "7720",
      "value": "REAL ESTATE AGENTS",
      "extensionValue": "772"
    },
    {
      "code": "7730",
      "value": "NON-FINANCIAL ASSET INVESTORS",
      "extensionValue": "773"
    },
    {
      "code": "7741",
      "value": "MOTOR VEHICLE HIRING",
      "extensionValue": "774"
    },
    {
      "code": "7742",
      "value": "OTHER TRANSPORT EQUIPMENTMENT LEASING ",
      "extensionValue": "774"
    },
    {
      "code": "7743",
      "value": "PLANT HIRING OR LEASING",
      "extensionValue": "774"
    },
    {
      "code": "7810",
      "value": "SCIENTIFIC RESEARCH",
      "extensionValue": "781"
    },
    {
      "code": "7821",
      "value": "ARCHITECTURAL SERVICES",
      "extensionValue": "782"
    },
    {
      "code": "7822",
      "value": "SURVEYING SERVICES",
      "extensionValue": "782"
    },
    {
      "code": "7823",
      "value": "CONSULTANT ENGINEERING SERVICES ",
      "extensionValue": "782"
    },
    {
      "code": "7829",
      "value": "TECHNICAL SERVICES n.e.c.",
      "extensionValue": "782"
    },
    {
      "code": "7831",
      "value": "DATA PROCESSING SERVICES",
      "extensionValue": "783"
    },
    {
      "code": "7832",
      "value": "INFORMATION STORAGE &  RETRIEVAL SERVICES",
      "extensionValue": "783"
    },
    {
      "code": "7833",
      "value": "COMPUTER MAINTENANCE SERVICES",
      "extensionValue": "783"
    },
    {
      "code": "7834",
      "value": "COMPUTER CONSULTANCY SERVICES",
      "extensionValue": "783"
    },
    {
      "code": "7841",
      "value": "LEGAL SERVICES",
      "extensionValue": "784"
    },
    {
      "code": "7842",
      "value": "ACCOUNTANCY SERVICES",
      "extensionValue": "784"
    },
    {
      "code": "7851",
      "value": "ADVERTISING SERVICES",
      "extensionValue": "785"
    },
    {
      "code": "7852",
      "value": "COMMERCIAL ART & DISPLAY SERVICES",
      "extensionValue": "785"
    },
    {
      "code": "7853",
      "value": "MARKET RESEARCH SERVICES",
      "extensionValue": "785"
    },
    {
      "code": "7854",
      "value": "BUSINESS ADMINISTRATIVE SERVICES",
      "extensionValue": "785"
    },
    {
      "code": "7855",
      "value": "BUSINESS MANAGEMENT SERVICES",
      "extensionValue": "785"
    },
    {
      "code": "7860",
      "value": "Interior Decorating Service",
      "extensionValue": "786"
    },
    {
      "code": "7861",
      "value": "EMPLOYMENT PLACEMENT SERVICES",
      "extensionValue": "786"
    },
    {
      "code": "7862",
      "value": "CONTRACT STAFF SERVICES",
      "extensionValue": "786"
    },
    {
      "code": "7863",
      "value": "SECRETARIAL SERVICES",
      "extensionValue": "786"
    },
    {
      "code": "7864",
      "value": "SECURITY & INVEST SERVICES (EXC POLICE)",
      "extensionValue": "786"
    },
    {
      "code": "7865",
      "value": "PEST CONTROL SERVICES",
      "extensionValue": "786"
    },
    {
      "code": "7866",
      "value": "CLEANING SERVICES",
      "extensionValue": "786"
    },
    {
      "code": "7867",
      "value": "CONTRACT PACKING SERVICES",
      "extensionValue": "786"
    },
    {
      "code": "7868",
      "value": "Credit Bureau/Debt Collecting Service",
      "extensionValue": "786"
    },
    {
      "code": "7869",
      "value": "BUSINESS SERVICES n.e.c.",
      "extensionValue": "786"
    },
    {
      "code": "8111",
      "value": "CENTRAL GOVERNMENT ADMINISTRATION",
      "extensionValue": "811"
    },
    {
      "code": "8112",
      "value": "STATE GOVERNMENT ADMINISTRATION",
      "extensionValue": "811"
    },
    {
      "code": "8113",
      "value": "LOCAL GOVERNMENT ADMINISTRATION",
      "extensionValue": "811"
    },
    {
      "code": "8120",
      "value": "JUSTICE",
      "extensionValue": "812"
    },
    {
      "code": "8130",
      "value": "FOREIGN GOVERNMENT REPRESENTATION",
      "extensionValue": "813"
    },
    {
      "code": "8200",
      "value": "DEFENCE",
      "extensionValue": "820"
    },
    {
      "code": "8410",
      "value": "PRE-SCHOOL EDUCATION",
      "extensionValue": "841"
    },
    {
      "code": "8424",
      "value": "Special School Education",
      "extensionValue": "842"
    },
    {
      "code": "8425",
      "value": "Intermediate Education",
      "extensionValue": "842"
    },
    {
      "code": "8431",
      "value": "HIGHER EDUCATION",
      "extensionValue": "843"
    },
    {
      "code": "8432",
      "value": "TECHNICAL & FURTHER EDUCATION",
      "extensionValue": "843"
    },
    {
      "code": "8440",
      "value": "OTHER EDUCATION",
      "extensionValue": "844"
    },
    {
      "code": "8451",
      "value": "PRIVATE PRIMARY EDUCATION",
      "extensionValue": "842"
    },
    {
      "code": "8452",
      "value": "PUBLIC PRIMARY  EDUCATION",
      "extensionValue": "842"
    },
    {
      "code": "8453",
      "value": "PRIVATE SECONDARY EDUCATION",
      "extensionValue": "842"
    },
    {
      "code": "8454",
      "value": "PUBLIC SECONDARY EDUCATION",
      "extensionValue": "842"
    },
    {
      "code": "8455",
      "value": "PRIVATE COMBINED PRIMARY & SECONDARY EDUCATION",
      "extensionValue": "842"
    },
    {
      "code": "8456",
      "value": "PUBLIC COMBINED PRIMARY & SECONDARY EDUCATION",
      "extensionValue": "842"
    },
    {
      "code": "8459",
      "value": "OTHER SCHOOL EDUCATION",
      "extensionValue": "842"
    },
    {
      "code": "8621",
      "value": "GENERAL PRACTICE MEDICAL SERVICES",
      "extensionValue": "862"
    },
    {
      "code": "8622",
      "value": "SPECIALIST MEDICAL SERVICES",
      "extensionValue": "862"
    },
    {
      "code": "8623",
      "value": "DENTAL SERVICES",
      "extensionValue": "862"
    },
    {
      "code": "8631",
      "value": "PATHOLOGY SERVICES",
      "extensionValue": "863"
    },
    {
      "code": "8632",
      "value": "OPTOMETRY & OPTICAL DISPENSING ",
      "extensionValue": "863"
    },
    {
      "code": "8633",
      "value": "AMBULANCE SERVICES",
      "extensionValue": "863"
    },
    {
      "code": "8634",
      "value": "COMMUNITY HEALTH CENTRES",
      "extensionValue": "863"
    },
    {
      "code": "8635",
      "value": "PHYSIOTHERAPY SERVICES",
      "extensionValue": "863"
    },
    {
      "code": "8636",
      "value": "CHIROPRACTIC SERVICES",
      "extensionValue": "863"
    },
    {
      "code": "8639",
      "value": "HEALTH SERVICES n.e.c.",
      "extensionValue": "863"
    },
    {
      "code": "8640",
      "value": "VETERINARY SERVICES",
      "extensionValue": "864"
    },
    {
      "code": "8651",
      "value": "PUBLIC HOSPITALS (EXCEPT PSYCHIATRIC)",
      "extensionValue": "861"
    },
    {
      "code": "8652",
      "value": "PRIVATE HOSPITALS (EXC RELIGIOUS  CHARITABLE OR PSYCHIATRIC)",
      "extensionValue": "861"
    },
    {
      "code": "8653",
      "value": "PUBLIC PSYCHIATRIC HOSPITALS",
      "extensionValue": "861"
    },
    {
      "code": "8654",
      "value": "PRIVATE PSYCHIATRIC HOSPITALS (EXC RELIGIOUS OR CHARITABLE)",
      "extensionValue": "861"
    },
    {
      "code": "8655",
      "value": "RELIGIOUS & CHARITABLE HOSPITAL (EXC PYSCHIATRIC)",
      "extensionValue": "861"
    },
    {
      "code": "8656",
      "value": "RELIGIOUS & CHARITABLE PSYCHIATRIC HOSPITALS",
      "extensionValue": "861"
    },
    {
      "code": "8661",
      "value": "PUBLIC NURSING HOMES",
      "extensionValue": "861"
    },
    {
      "code": "8662",
      "value": "PRIVATE NURSING HOMES (EXC RELIGIOUS OR CHARITABLE) ",
      "extensionValue": "861"
    },
    {
      "code": "8663",
      "value": "RELIGIOUS & CHARITABLE NURSING HOMES",
      "extensionValue": "861"
    },
    {
      "code": "8710",
      "value": "CHILD CARE SERVICES",
      "extensionValue": "871"
    },
    {
      "code": "8722",
      "value": "RESIDENTIAL CARE SERVICES  n.e.c.",
      "extensionValue": "872"
    },
    {
      "code": "8723",
      "value": "PUBLIC ACCOMMODATION FOR THE AGED",
      "extensionValue": "872"
    },
    {
      "code": "8724",
      "value": "PRIVATE ACCOMMODATION FOR AGED (EXC RELIGIOUS OR CHARITABLE) ",
      "extensionValue": "872"
    },
    {
      "code": "8725",
      "value": "RELIG & CHARITABLE ACCT FOR THE AGED",
      "extensionValue": "872"
    },
    {
      "code": "8726",
      "value": "WELFARE & CHARITABLE ORGANISATIONS",
      "extensionValue": "872"
    },
    {
      "code": "8729",
      "value": "NON-RESIDENTIAL CARE SERVICES n.e.c.",
      "extensionValue": "872"
    },
    {
      "code": "9111",
      "value": "FILM & VIDEO PRODUCTION",
      "extensionValue": "911"
    },
    {
      "code": "9112",
      "value": "FILM & VIDEO DISTRIBUTION",
      "extensionValue": "911"
    },
    {
      "code": "9113",
      "value": "MOTION PICTURE EXHIBITION",
      "extensionValue": "911"
    },
    {
      "code": "9121",
      "value": "RADIO SERVICES",
      "extensionValue": "912"
    },
    {
      "code": "9122",
      "value": "TELEVISION SERVICES",
      "extensionValue": "912"
    },
    {
      "code": "9210",
      "value": "LIBRARIES",
      "extensionValue": "921"
    },
    {
      "code": "9220",
      "value": "MUSEUMS",
      "extensionValue": "922"
    },
    {
      "code": "9231",
      "value": "ZOOLOGICAL & BOTANIC GARDENS",
      "extensionValue": "923"
    },
    {
      "code": "9239",
      "value": "RECREATIONAL PARKS & GARDENS",
      "extensionValue": "923"
    },
    {
      "code": "9241",
      "value": "MUSIC & THEATRE PRODUCTIONS",
      "extensionValue": "924"
    },
    {
      "code": "9242",
      "value": "CREATIVE ARTS",
      "extensionValue": "924"
    },
    {
      "code": "9251",
      "value": "SOUND RECORDING STUDIOS",
      "extensionValue": "925"
    },
    {
      "code": "9252",
      "value": "PERFORMING ARTS VENUES",
      "extensionValue": "925"
    },
    {
      "code": "9259",
      "value": "SERVICES TO THE ARTS n.e.c.",
      "extensionValue": "925"
    },
    {
      "code": "9311",
      "value": "HORSE & DOG RACING",
      "extensionValue": "931"
    },
    {
      "code": "9312",
      "value": "SPORTS GROUNDS & FACILITIES  n.e.c.",
      "extensionValue": "931"
    },
    {
      "code": "9313",
      "value": "GOLF COURSES n.e.c.",
      "extensionValue": "931"
    },
    {
      "code": "9314",
      "value": "GYMNASIUM",
      "extensionValue": "931"
    },
    {
      "code": "9319",
      "value": "SPORTS & SERVICES TO SPORTS n.e.c.",
      "extensionValue": "931"
    },
    {
      "code": "9321",
      "value": "LOTTERIES",
      "extensionValue": "932"
    },
    {
      "code": "9322",
      "value": "CASINOS",
      "extensionValue": "932"
    },
    {
      "code": "9329",
      "value": "GAMBLING SERVICES n.e.c.",
      "extensionValue": "932"
    },
    {
      "code": "9330",
      "value": "OTHER RECREATION SERVICES",
      "extensionValue": "933"
    },
    {
      "code": "9331",
      "value": "THEME PARK",
      "extensionValue": "933"
    },
    {
      "code": "9332",
      "value": "MARINA OPERATION (MAINLY LEISURE)",
      "extensionValue": "933"
    },
    {
      "code": "9333",
      "value": "Tourist Operation N.E.C.",
      "extensionValue": "933"
    },
    {
      "code": "9339",
      "value": "RECREATION SERVICES n.e.c.",
      "extensionValue": "933"
    },
    {
      "code": "9511",
      "value": "VIDEO HIRE OUTLETS",
      "extensionValue": "951"
    },
    {
      "code": "9519",
      "value": "PERSONAL & HOUSEHOLD GOODS HIRING n.e.c.",
      "extensionValue": "951"
    },
    {
      "code": "9521",
      "value": "LAUNDRIES & DRY CLEANERS",
      "extensionValue": "952"
    },
    {
      "code": "9522",
      "value": "PHOTOGRAPHIC FILM PROCESSING",
      "extensionValue": "952"
    },
    {
      "code": "9523",
      "value": "PHOTOGRAPHIC STUDIOS",
      "extensionValue": "952"
    },
    {
      "code": "9524",
      "value": "FUNERAL DIRECTOR CREMATORIA & CEMETERIES",
      "extensionValue": "952"
    },
    {
      "code": "9525",
      "value": "GARDENING SERVICES",
      "extensionValue": "952"
    },
    {
      "code": "9526",
      "value": "HAIRDRESSING & BEAUTY SALONS",
      "extensionValue": "952"
    },
    {
      "code": "9529",
      "value": "PERSONAL SERVICES n.e.c.",
      "extensionValue": "952"
    },
    {
      "code": "9610",
      "value": "RELIGIOUS ORGANISATIONS",
      "extensionValue": "961"
    },
    {
      "code": "9611",
      "value": "CHURCH  TEMPLE OR SYNAGOGUE OPERATION",
      "extensionValue": "961"
    },
    {
      "code": "9619",
      "value": "RELIGIOUS ORGANISATION OPERATION n.e.c.",
      "extensionValue": "961"
    },
    {
      "code": "9621",
      "value": "BUSINESS & PROFESSIONAL ASSOCIATIONS",
      "extensionValue": "962"
    },
    {
      "code": "9622",
      "value": "LABOUR ASSOCIATIONS",
      "extensionValue": "962"
    },
    {
      "code": "9623",
      "value": "Social Clubs",
      "extensionValue": "962"
    },
    {
      "code": "9624",
      "value": "Flatting Situation (Flatmates)",
      "extensionValue": "962"
    },
    {
      "code": "9629",
      "value": "INTEREST GROUPS n.e.c.",
      "extensionValue": "962"
    },
    {
      "code": "9631",
      "value": "POLICE SERVICES",
      "extensionValue": "963"
    },
    {
      "code": "9632",
      "value": "CORRECTIVE CENTRES",
      "extensionValue": "963"
    },
    {
      "code": "9633",
      "value": "FIRE BRIGADE SERVICES",
      "extensionValue": "963"
    },
    {
      "code": "9634",
      "value": "WASTE DISPOSAL SERVICES",
      "extensionValue": "963"
    },
    {
      "code": "9635",
      "value": "Recycling",
      "extensionValue": "963"
    },
    {
      "code": "9700",
      "value": "PRIVATE HOUSEHOLDS EMPLOYING STAFF",
      "extensionValue": "970"
    },
    {
      "code": "9810",
      "value": "CONSUMER - HOUSING MORTGAGE",
      "extensionValue": "981"
    },
    {
      "code": "9820",
      "value": "CONSUMER - RIPL",
      "extensionValue": "982"
    },
    {
      "code": "9830",
      "value": "CONSUMER - OTHER",
      "extensionValue": "983"
    },
    {
      "code": "9860",
      "value": "HOUSING (BUSINESS RELATED)-SECURED BY MORT",
      "extensionValue": "986"
    },
    {
      "code": "9880",
      "value": "HOUSING (BUSINESS RELATED) - UNSECURED",
      "extensionValue": "988"
    },
    {
      "code": "9888",
      "value": "CONSUMER HOUSING (BUSINESS RELATED) - TRUSTS",
      "extensionValue": "988"
    },
    {
      "code": "9889",
      "value": "CONSUMER HOUSING (BUSINESS RELATED)-NON RESIDENTIAL",
      "extensionValue": "988"
    },
    {
      "code": "9890",
      "value": "CONSUMER (BUSINESS RELATED)-NOT CLASSIFIED",
      "extensionValue": "989"
    },
    {
      "code": "9900",
      "value": "NON-CLASSIFIABLE",
      "extensionValue": "990"
    },
    {
      "code": "9990",
      "value": "Family Trust (Household)",
      "extensionValue": "999"
    }
  ]
}
