{
  "customerProfile": {
    "customerType": "INDIVIDUAL",
    "customerId": "300000002",
    "controllingPostId": "12345",
    "kycBranchId": 1234,
    "phoneNumbers": [
      {
        "isPreferred": true,
        "type": "W",
        "number": "+6122223333"
      },
      {
        "isPreferred": false,
        "type": "M",
        "number": "+6133331234"
      },
      {
        "isPreferred": false,
        "type": "M",
        "number": "+6155555663"
      }
    ],
    "email": "bigbusinessidea@smallandbigbusinessworldwide.com.au",
    "titlePrefix": "MISS",
    "mailingTitle": "MISS S S LEE",
    "mailingAddressLine1": "Unit 1",
    "mailingAddressLine2": "803 Collins St",
    "mailingAddressLine3": "",
    "mailingAddressSuburb": "Melbourne",
    "mailingAddressState": "VIC",
    "mailingAddressPostCode": "3000",
    "mailingAddressCountry": "Australia",
    "customerRelationships": [
      {
        "customerType": "LENDING_GROUP",
        "customerTypeCode": null,
        "customerId": "6100000005",
        "name": "Iclg With 1 Customer",
        "relationshipType": "CustomerLendingGroup"
      }
    ],
    "accountArrangements": [
      {
        "accountNumber": "1000001",
        "bsb": "011234",
        "accountType": "AFC",
        "accountDescription": "ASSET FINANCE CONTRACT",
        "accountRelationship": "SOL",
        "productCode": "AFC",
        "subProductCode": "AFC",
        "balanceAmount": 100,
        "limitAmount": null,
        "accountStatus": "Open",
        "controllingPostId": null,
        "productGroup": "Other",
        "expiryDate": null,
        "tempOdErrors": {},
        "productSubProductCode": "AFC.AFC",
        "tempODEnabled": false
      },
      {
        "accountNumber": "1000002",
        "bsb": "011235",
        "accountType": "AFC",
        "accountDescription": "ASSET FINANCE PRODUCT",
        "accountRelationship": "SOL",
        "productCode": "AFC",
        "subProductCode": "AFP",
        "balanceAmount": 15.01,
        "limitAmount": null,
        "accountStatus": "Active",
        "controllingPostId": null,
        "productGroup": "Other",
        "expiryDate": null,
        "tempOdErrors": {},
        "productSubProductCode": "AFC.AFP",
        "tempODEnabled": false
      },
      {
        "accountNumber": "1000003",
        "bsb": "011236",
        "accountType": "APP",
        "accountDescription": "LOAN APPLICATION",
        "accountRelationship": "SOL",
        "productCode": "APP",
        "subProductCode": "APP",
        "balanceAmount": 2000.04,
        "limitAmount": null,
        "accountStatus": "Open",
        "controllingPostId": null,
        "productGroup": "Other",
        "expiryDate": null,
        "tempOdErrors": {},
        "productSubProductCode": "APP.APP",
        "tempODEnabled": false
      },
      {
        "accountNumber": "1000004",
        "bsb": "011237",
        "accountType": "APP",
        "accountDescription": "RELIEF HOME LOAN",
        "accountRelationship": "SOL",
        "productCode": "APP",
        "subProductCode": "BAC",
        "balanceAmount": 2500.07,
        "limitAmount": null,
        "accountStatus": "Active",
        "controllingPostId": null,
        "productGroup": "Consumer Lending",
        "expiryDate": null,
        "tempOdErrors": {},
        "productSubProductCode": "APP.BAC",
        "tempODEnabled": false
      },
      {
        "accountNumber": "1000005",
        "bsb": "011238",
        "accountType": "APP",
        "accountDescription": "COMMONWEALTH MORTGAGE LOAN",
        "accountRelationship": "SOL",
        "productCode": "APP",
        "subProductCode": "BCC",
        "balanceAmount": 3000.1,
        "limitAmount": null,
        "accountStatus": "Active",
        "controllingPostId": null,
        "productGroup": "Consumer Lending",
        "expiryDate": null,
        "tempOdErrors": {},
        "productSubProductCode": "APP.BCC",
        "tempODEnabled": false
      },
      {
        "accountNumber": "1000006",
        "bsb": "011239",
        "accountType": "APP",
        "accountDescription": "EQUITY MANAGER (IN A COMPANY NAME)",
        "accountRelationship": "SOL",
        "productCode": "APP",
        "subProductCode": "RB",
        "balanceAmount": 3500.13,
        "limitAmount": null,
        "accountStatus": "Active",
        "controllingPostId": null,
        "productGroup": "Consumer Transactional Banking",
        "expiryDate": null,
        "tempOdErrors": {},
        "productSubProductCode": "APP.RB",
        "tempODEnabled": false
      },
      {
        "accountNumber": "1000007",
        "bsb": "011240",
        "accountType": "APP",
        "accountDescription": "TCF VARIABLE INTEREST",
        "accountRelationship": "SOL",
        "productCode": "APP",
        "subProductCode": "TVB",
        "balanceAmount": 4000.16,
        "limitAmount": null,
        "accountStatus": "Active",
        "controllingPostId": null,
        "productGroup": "Other",
        "expiryDate": null,
        "tempOdErrors": {},
        "productSubProductCode": "APP.TVB",
        "tempODEnabled": false
      },
      {
        "accountNumber": "1100007",
        "bsb": "011240",
        "accountType": "APP",
        "accountDescription": "STUDENT LOAN VARIABLE APPLICATION",
        "accountRelationship": "SOL",
        "productCode": "APP",
        "subProductCode": "SVC",
        "balanceAmount": 900,
        "limitAmount": null,
        "accountStatus": "Active",
        "controllingPostId": null,
        "productGroup": "Consumer Lending",
        "expiryDate": null,
        "tempOdErrors": {},
        "productSubProductCode": "APP.SVC",
        "tempODEnabled": false
      },
      {
        "accountNumber": "1100017",
        "bsb": "011240",
        "accountType": "APP",
        "accountDescription": "STUDENT LOAN VARIABLE APPLICATION",
        "accountRelationship": "SOL",
        "productCode": "APP",
        "subProductCode": "SVC",
        "balanceAmount": 89.1,
        "limitAmount": null,
        "accountStatus": "Active",
        "controllingPostId": null,
        "productGroup": "Consumer Lending",
        "expiryDate": null,
        "tempOdErrors": {},
        "productSubProductCode": "APP.SVC",
        "tempODEnabled": false
      },
      {
        "accountNumber": "1100027",
        "bsb": "011240",
        "accountType": "APP",
        "accountDescription": "STUDENT LOAN VARIABLE APPLICATION",
        "accountRelationship": "SOL",
        "productCode": "APP",
        "subProductCode": "SVC",
        "balanceAmount": 0.1,
        "limitAmount": null,
        "accountStatus": "Active",
        "controllingPostId": null,
        "productGroup": "Consumer Lending",
        "expiryDate": null,
        "tempOdErrors": {},
        "productSubProductCode": "APP.SVC",
        "tempODEnabled": false
      },
      {
        "accountNumber": "1000008",
        "bsb": "011241",
        "accountType": "CAB",
        "accountDescription": "TELSTRA VISA BUSINESS CARD",
        "accountRelationship": "SOL",
        "productCode": "CAB",
        "subProductCode": "400",
        "balanceAmount": 4500.19,
        "limitAmount": null,
        "accountStatus": "Active",
        "controllingPostId": null,
        "productGroup": "Other",
        "expiryDate": null,
        "tempOdErrors": {},
        "productSubProductCode": "CAB.400",
        "tempODEnabled": false
      },
      {
        "accountNumber": "1000009",
        "bsb": "011242",
        "accountType": "CAB",
        "accountDescription": "VISA BUSINESS CARD",
        "accountRelationship": "SOL",
        "productCode": "CAB",
        "subProductCode": "401",
        "balanceAmount": 5000.22,
        "limitAmount": null,
        "accountStatus": "Active",
        "controllingPostId": null,
        "productGroup": "Other",
        "expiryDate": null,
        "tempOdErrors": {},
        "productSubProductCode": "CAB.401",
        "tempODEnabled": false
      },
      {
        "accountNumber": "1000010",
        "bsb": "011243",
        "accountType": "CAB",
        "accountDescription": "VISA PURCHASING CARD",
        "accountRelationship": "SOL",
        "productCode": "CAB",
        "subProductCode": "402",
        "balanceAmount": 5500.25,
        "limitAmount": null,
        "accountStatus": "Active",
        "controllingPostId": null,
        "productGroup": "Other",
        "expiryDate": null,
        "tempOdErrors": {},
        "productSubProductCode": "CAB.402",
        "tempODEnabled": false
      },
      {
        "accountNumber": "1000011",
        "bsb": "011244",
        "accountType": "CAP",
        "accountDescription": "BANKCARD",
        "accountRelationship": "SOL",
        "productCode": "CAP",
        "subProductCode": "1",
        "balanceAmount": 6000.28,
        "limitAmount": null,
        "accountStatus": "Active",
        "controllingPostId": null,
        "productGroup": "Other",
        "expiryDate": null,
        "tempOdErrors": {},
        "productSubProductCode": "CAP.1",
        "tempODEnabled": false
      },
      {
        "accountNumber": "1000012",
        "bsb": "011245",
        "accountType": "CAP",
        "accountDescription": "ANZ REWARDS BLACK",
        "accountRelationship": "SOL",
        "productCode": "CAP",
        "subProductCode": "308",
        "balanceAmount": 6500.31,
        "limitAmount": null,
        "accountStatus": "Active",
        "controllingPostId": null,
        "productGroup": "Other",
        "expiryDate": null,
        "tempOdErrors": {},
        "productSubProductCode": "CAP.308",
        "tempODEnabled": false
      },
      {
        "accountNumber": "1000013",
        "bsb": "011246",
        "accountType": "CAP",
        "accountDescription": "ANZ LOW RATE PLATINUM",
        "accountRelationship": "SOL",
        "productCode": "CAP",
        "subProductCode": "701",
        "balanceAmount": 7000.34,
        "limitAmount": null,
        "accountStatus": "Open",
        "controllingPostId": null,
        "productGroup": "Other",
        "expiryDate": null,
        "tempOdErrors": {},
        "productSubProductCode": "CAP.701",
        "tempODEnabled": false
      },
      {
        "accountNumber": "1000015",
        "bsb": "011248",
        "accountType": "CDA",
        "accountDescription": "TERM DEPOSIT - INTEREST AT MATURITY",
        "accountRelationship": "SOL",
        "productCode": "CDA",
        "subProductCode": "AE",
        "balanceAmount": 8000.4,
        "limitAmount": null,
        "accountStatus": "Close Pending",
        "controllingPostId": null,
        "productGroup": "Term Deposits ",
        "expiryDate": null,
        "tempOdErrors": {},
        "productSubProductCode": "CDA.AE",
        "tempODEnabled": false
      },
      {
        "accountNumber": "1000018",
        "bsb": "011251",
        "accountType": "DDA",
        "accountDescription": "BUSINESS CASH MANAGEMENT CHEQUE ACCOUNT",
        "accountRelationship": "SOL",
        "productCode": "DDA",
        "subProductCode": "HB",
        "balanceAmount": 9500.49,
        "limitAmount": 102125.18,
        "accountStatus": "Open",
        "controllingPostId": null,
        "productGroup": "Business Transactional Banking",
        "expiryDate": null,
        "tempOdErrors": {},
        "productSubProductCode": "DDA.HB",
        "tempODEnabled": false
      },
      {
        "accountNumber": "1000019",
        "bsb": "011252",
        "accountType": "DDA",
        "accountDescription": "E*TRADE",
        "accountRelationship": "SOL",
        "productCode": "DDA",
        "subProductCode": "PZ",
        "balanceAmount": 99.48,
        "limitAmount": 102250.19,
        "accountStatus": "Open",
        "controllingPostId": null,
        "productGroup": "Consumer Transactional Banking",
        "expiryDate": null,
        "tempOdErrors": {},
        "productSubProductCode": "DDA.PZ",
        "tempODEnabled": false
      },
      {
        "accountNumber": "1000020",
        "bsb": "011253",
        "accountType": "FM",
        "accountDescription": "FUNDS MANAGEMENT ACCOUNT",
        "accountRelationship": "SOL",
        "productCode": "FM",
        "subProductCode": "FM",
        "balanceAmount": 10499.45,
        "limitAmount": null,
        "accountStatus": "Active",
        "controllingPostId": null,
        "productGroup": "Business Transactional Banking",
        "expiryDate": null,
        "tempOdErrors": {},
        "productSubProductCode": "FM.FM",
        "tempODEnabled": false
      },
      {
        "accountNumber": "1000021",
        "bsb": "011254",
        "accountType": "FM",
        "accountDescription": "MONEY MANAGER ACCOUNT",
        "accountRelationship": "SOL",
        "productCode": "FM",
        "subProductCode": "MMA",
        "balanceAmount": 109999.42,
        "limitAmount": null,
        "accountStatus": "Active",
        "controllingPostId": null,
        "productGroup": "Consumer Transactional Banking",
        "expiryDate": null,
        "tempOdErrors": {},
        "productSubProductCode": "FM.MMA",
        "tempODEnabled": false
      },
      {
        "accountNumber": "1000022",
        "bsb": "011255",
        "accountType": "FM",
        "accountDescription": "V2 PLUS WHOLESALE ACCT NO DIRECT BANKING",
        "accountRelationship": "SOL",
        "productCode": "FM",
        "subProductCode": "VWS",
        "balanceAmount": 11499.39,
        "limitAmount": null,
        "accountStatus": "Active",
        "controllingPostId": null,
        "productGroup": "Consumer Transactional Banking",
        "expiryDate": null,
        "tempOdErrors": {},
        "productSubProductCode": "FM.VWS",
        "tempODEnabled": false
      },
      {
        "accountNumber": "1000023",
        "bsb": "011256",
        "accountType": "FMS",
        "accountDescription": "AC&L DISABILITY INSURANCE",
        "accountRelationship": "SOL",
        "productCode": "FMS",
        "subProductCode": "ADI",
        "balanceAmount": 12000.64,
        "limitAmount": null,
        "accountStatus": "Active",
        "controllingPostId": null,
        "productGroup": "Other",
        "expiryDate": null,
        "tempOdErrors": {},
        "productSubProductCode": "FMS.ADI",
        "tempODEnabled": false
      },
      {
        "accountNumber": "1000024",
        "bsb": "011257",
        "accountType": "FMS",
        "accountDescription": "ANZ RETAIL - PERSONAL LIFE INSURANCE",
        "accountRelationship": "SOL",
        "productCode": "FMS",
        "subProductCode": "PLI",
        "balanceAmount": 12500.67,
        "limitAmount": null,
        "accountStatus": "Active",
        "controllingPostId": null,
        "productGroup": "Other",
        "expiryDate": null,
        "tempOdErrors": {},
        "productSubProductCode": "FMS.PLI",
        "tempODEnabled": false
      },
      {
        "accountNumber": "1000025",
        "bsb": "011258",
        "accountType": "FMS",
        "accountDescription": "TRAVEL INSURANCE",
        "accountRelationship": "SOL",
        "productCode": "FMS",
        "subProductCode": "TVI",
        "balanceAmount": 13000.7,
        "limitAmount": null,
        "accountStatus": "Active",
        "controllingPostId": null,
        "productGroup": "Other",
        "expiryDate": null,
        "tempOdErrors": {},
        "productSubProductCode": "FMS.TVI",
        "tempODEnabled": false
      },
      {
        "accountNumber": "1000026",
        "bsb": "011259",
        "accountType": "FMV",
        "accountDescription": "FUNDS MANAGEMENT INVESTMENT",
        "accountRelationship": "SOL",
        "productCode": "FMV",
        "subProductCode": "FMV",
        "balanceAmount": 13500.73,
        "limitAmount": null,
        "accountStatus": "Active",
        "controllingPostId": null,
        "productGroup": "Consumer Transactional Banking",
        "expiryDate": null,
        "tempOdErrors": {},
        "productSubProductCode": "FMV.FMV",
        "tempODEnabled": false
      },
      {
        "accountNumber": "1000027",
        "bsb": "011260",
        "accountType": "IIP",
        "accountDescription": "INVESTMENT & INSURANCE PRODUCT",
        "accountRelationship": "SOL",
        "productCode": "IIP",
        "subProductCode": "IIP",
        "balanceAmount": 14000.76,
        "limitAmount": null,
        "accountStatus": "Active",
        "controllingPostId": null,
        "productGroup": "Consumer Transactional Banking",
        "expiryDate": null,
        "tempOdErrors": {},
        "productSubProductCode": "IIP.IIP",
        "tempODEnabled": false
      },
      {
        "accountNumber": "1000028",
        "bsb": "011261",
        "accountType": "IIP",
        "accountDescription": "ONLINE INVESTMENT ACCOUNT",
        "accountRelationship": "SOL",
        "productCode": "IIP",
        "subProductCode": "IAC",
        "balanceAmount": 14500.79,
        "limitAmount": null,
        "accountStatus": "Active",
        "controllingPostId": null,
        "productGroup": "Consumer Transactional Banking",
        "expiryDate": null,
        "tempOdErrors": {},
        "productSubProductCode": "IIP.IAC",
        "tempODEnabled": false
      },
      {
        "accountNumber": "1000029",
        "bsb": "011262",
        "accountType": "IIP",
        "accountDescription": "INVESTMENT ACCOUNT LOAD",
        "accountRelationship": "SOL",
        "productCode": "IIP",
        "subProductCode": "IAL",
        "balanceAmount": 150000.82,
        "limitAmount": null,
        "accountStatus": "Active",
        "controllingPostId": null,
        "productGroup": "Consumer Transactional Banking",
        "expiryDate": null,
        "tempOdErrors": {},
        "productSubProductCode": "IIP.IAL",
        "tempODEnabled": false
      },
      {
        "accountNumber": "1000030",
        "bsb": "011263",
        "accountType": "ILS",
        "accountDescription": "DIRECT H'SAVER PLUS LOAN",
        "accountRelationship": "SOL",
        "productCode": "ILS",
        "subProductCode": "HPD",
        "balanceAmount": -151500.85,
        "limitAmount": null,
        "accountStatus": "Active",
        "controllingPostId": null,
        "productGroup": "Consumer Lending",
        "expiryDate": null,
        "tempOdErrors": {},
        "productSubProductCode": "ILS.HPD",
        "tempODEnabled": false
      },
      {
        "accountNumber": "1000032",
        "bsb": "011265",
        "accountType": "ILS",
        "accountDescription": "STAFF COMM/MULTI LOAN",
        "accountRelationship": "SOL",
        "productCode": "ILS",
        "subProductCode": "SCC",
        "balanceAmount": -154500.91,
        "limitAmount": null,
        "accountStatus": "Charged off",
        "controllingPostId": null,
        "productGroup": "Consumer Lending",
        "expiryDate": null,
        "tempOdErrors": {},
        "productSubProductCode": "ILS.SCC",
        "tempODEnabled": false
      },
      {
        "accountNumber": "1000033",
        "bsb": "011266",
        "accountType": "MOS",
        "accountDescription": "SUB HOME LOAN FIXED",
        "accountRelationship": "SOL",
        "productCode": "MOS",
        "subProductCode": "HEF",
        "balanceAmount": 156000.94,
        "limitAmount": null,
        "accountStatus": "Active",
        "controllingPostId": null,
        "productGroup": "Consumer Lending",
        "expiryDate": null,
        "tempOdErrors": {},
        "productSubProductCode": "MOS.HEF",
        "tempODEnabled": false
      },
      {
        "accountNumber": "1000034",
        "bsb": "011267",
        "accountType": "MOS",
        "accountDescription": "RIPL VARIABLE",
        "accountRelationship": "SOL",
        "productCode": "MOS",
        "subProductCode": "IVB",
        "balanceAmount": 157500.97,
        "limitAmount": null,
        "accountStatus": "Active",
        "controllingPostId": null,
        "productGroup": "Consumer Lending",
        "expiryDate": null,
        "tempOdErrors": {},
        "productSubProductCode": "MOS.IVB",
        "tempODEnabled": false
      },
      {
        "accountNumber": "1000035",
        "bsb": "011268",
        "accountType": "MOS",
        "accountDescription": "TAILORED COMMERCIAL FACILITY",
        "accountRelationship": "SOL",
        "productCode": "MOS",
        "subProductCode": "TCF",
        "balanceAmount": 159001,
        "limitAmount": null,
        "accountStatus": "Active",
        "controllingPostId": null,
        "productGroup": "Business Lending",
        "expiryDate": null,
        "tempOdErrors": {},
        "productSubProductCode": "MOS.TCF",
        "tempODEnabled": false
      },
      {
        "accountNumber": "1100035",
        "bsb": "011268",
        "accountType": "MOS",
        "accountDescription": "STUDENT LOAN VARIABL",
        "accountRelationship": "SOL",
        "productCode": "MOS",
        "subProductCode": "SVC",
        "balanceAmount": 159001.01,
        "limitAmount": null,
        "accountStatus": "Active",
        "controllingPostId": null,
        "productGroup": "Consumer Lending",
        "expiryDate": null,
        "tempOdErrors": {},
        "productSubProductCode": "MOS.SVC",
        "tempODEnabled": false
      },
      {
        "accountNumber": "1100135",
        "bsb": "011268",
        "accountType": "MOS",
        "accountDescription": "STUDENT LOAN VARIABL",
        "accountRelationship": "SOL",
        "productCode": "MOS",
        "subProductCode": "SVC",
        "balanceAmount": 159001.02,
        "limitAmount": null,
        "accountStatus": "Active",
        "controllingPostId": null,
        "productGroup": "Consumer Lending",
        "expiryDate": null,
        "tempOdErrors": {},
        "productSubProductCode": "MOS.SVC",
        "tempODEnabled": false
      },
      {
        "accountNumber": "1100235",
        "bsb": "011268",
        "accountType": "MOS",
        "accountDescription": "STUDENT LOAN VARIABL",
        "accountRelationship": "SOL",
        "productCode": "MOS",
        "subProductCode": "SVC",
        "balanceAmount": 159001.03,
        "limitAmount": null,
        "accountStatus": "Active",
        "controllingPostId": null,
        "productGroup": "Consumer Lending",
        "expiryDate": null,
        "tempOdErrors": {},
        "productSubProductCode": "MOS.SVC",
        "tempODEnabled": false
      },
      {
        "accountNumber": "1000037",
        "bsb": "011270",
        "accountType": "PCA",
        "accountDescription": "ANZ BUSINESS ONE",
        "accountRelationship": "SOL",
        "productCode": "PCA",
        "subProductCode": "400",
        "balanceAmount": 162001.06,
        "limitAmount": 104500.37,
        "accountStatus": "PENDING-PURGE",
        "controllingPostId": null,
        "productGroup": "Business Transactional Banking",
        "expiryDate": null,
        "tempOdErrors": {},
        "productSubProductCode": "PCA.400",
        "tempODEnabled": false
      },
      {
        "accountNumber": "1000038",
        "bsb": "011271",
        "accountType": "PCA",
        "accountDescription": "MASTERCARD LOW INTEREST",
        "accountRelationship": "SOL",
        "productCode": "PCA",
        "subProductCode": "600",
        "balanceAmount": 163501.09,
        "limitAmount": 104625.38,
        "accountStatus": "Active",
        "controllingPostId": null,
        "productGroup": "Consumer Transactional Banking",
        "expiryDate": null,
        "tempOdErrors": {},
        "productSubProductCode": "PCA.600",
        "tempODEnabled": false
      },
      {
        "accountNumber": "1100038",
        "bsb": "011271",
        "accountType": "PCA",
        "accountDescription": "BANKCARD",
        "accountRelationship": "SOL",
        "productCode": "PCA",
        "subProductCode": "001",
        "balanceAmount": 4849374.19,
        "limitAmount": 20000000.7,
        "accountStatus": "CONV-FRAUD",
        "controllingPostId": null,
        "productGroup": "Consumer Transactional Banking",
        "expiryDate": null,
        "tempOdErrors": {},
        "productSubProductCode": "PCA.001",
        "tempODEnabled": false
      },
      {
        "accountNumber": "1100138",
        "bsb": "011271",
        "accountType": "PCA",
        "accountDescription": "BANKCARD",
        "accountRelationship": "SOL",
        "productCode": "PCA",
        "subProductCode": "001",
        "balanceAmount": 4849374.2,
        "limitAmount": 20000000.71,
        "accountStatus": "CONV-TRANSFER",
        "controllingPostId": null,
        "productGroup": "Consumer Transactional Banking",
        "expiryDate": null,
        "tempOdErrors": {},
        "productSubProductCode": "PCA.001",
        "tempODEnabled": false
      },
      {
        "accountNumber": "1100238",
        "bsb": "011271",
        "accountType": "PCA",
        "accountDescription": "VISA FREE DAYS",
        "accountRelationship": "SOL",
        "productCode": "PCA",
        "subProductCode": "100",
        "balanceAmount": 4849374.21,
        "limitAmount": 20000000.72,
        "accountStatus": "DORMANT",
        "controllingPostId": null,
        "productGroup": "Consumer Transactional Banking",
        "expiryDate": null,
        "tempOdErrors": {},
        "productSubProductCode": "PCA.100",
        "tempODEnabled": false
      },
      {
        "accountNumber": "1100338",
        "bsb": "011271",
        "accountType": "PCA",
        "accountDescription": "VISA LOW INTEREST",
        "accountRelationship": "SOL",
        "productCode": "PCA",
        "subProductCode": "110",
        "balanceAmount": 4849374.22,
        "limitAmount": 20000000.73,
        "accountStatus": "CONV-XPT",
        "controllingPostId": null,
        "productGroup": "Consumer Transactional Banking",
        "expiryDate": null,
        "tempOdErrors": {},
        "productSubProductCode": "PCA.110",
        "tempODEnabled": false
      },
      {
        "accountNumber": "1100438",
        "bsb": "011271",
        "accountType": "PCA",
        "accountDescription": "SUPERANNUATION SAVINGS ACCOUNT",
        "accountRelationship": "SOL",
        "productCode": "PCA",
        "subProductCode": "401",
        "balanceAmount": 4849374.23,
        "limitAmount": 20000000.74,
        "accountStatus": "FRAUD",
        "controllingPostId": null,
        "productGroup": "Consumer Transactional Banking",
        "expiryDate": null,
        "tempOdErrors": {},
        "productSubProductCode": "PCA.401",
        "tempODEnabled": false
      },
      {
        "accountNumber": "1100538",
        "bsb": "011271",
        "accountType": "PCA",
        "accountDescription": "VISA PAYCARD",
        "accountRelationship": "SOL",
        "productCode": "PCA",
        "subProductCode": "120",
        "balanceAmount": 4849374.24,
        "limitAmount": 20000000.75,
        "accountStatus": "CLOSED-CONV",
        "controllingPostId": null,
        "productGroup": "Consumer Transactional Banking",
        "expiryDate": null,
        "tempOdErrors": {},
        "productSubProductCode": "PCA.120",
        "tempODEnabled": false
      },
      {
        "accountNumber": "1100638",
        "bsb": "011271",
        "accountType": "PCA",
        "accountDescription": "ANZ PLATINUM",
        "accountRelationship": "SOL",
        "productCode": "PCA",
        "subProductCode": "130",
        "balanceAmount": 4849374.25,
        "limitAmount": 20000000.76,
        "accountStatus": "INACTIVE",
        "controllingPostId": null,
        "productGroup": "Consumer Transactional Banking",
        "expiryDate": null,
        "tempOdErrors": {},
        "productSubProductCode": "PCA.130",
        "tempODEnabled": false
      },
      {
        "accountNumber": "1100738",
        "bsb": "011271",
        "accountType": "PCA",
        "accountDescription": "ANZ FREQUENT FLYER",
        "accountRelationship": "SOL",
        "productCode": "PCA",
        "subProductCode": "300",
        "balanceAmount": 4849374.26,
        "limitAmount": 20000000.77,
        "accountStatus": "REACTIVATE-ONLY",
        "controllingPostId": null,
        "productGroup": "Consumer Transactional Banking",
        "expiryDate": null,
        "tempOdErrors": {},
        "productSubProductCode": "PCA.300",
        "tempODEnabled": false
      },
      {
        "accountNumber": "1100838",
        "bsb": "011271",
        "accountType": "PCA",
        "accountDescription": "ANZ REWARDS",
        "accountRelationship": "SOL",
        "productCode": "PCA",
        "subProductCode": "301",
        "balanceAmount": 4849374.27,
        "limitAmount": 20000000.78,
        "accountStatus": "NEW",
        "controllingPostId": null,
        "productGroup": "Consumer Transactional Banking",
        "expiryDate": null,
        "tempOdErrors": {},
        "productSubProductCode": "PCA.301",
        "tempODEnabled": false
      },
      {
        "accountNumber": "1100938",
        "bsb": "011271",
        "accountType": "PCA",
        "accountDescription": "ANZ REWARDS VISA PAYCARD",
        "accountRelationship": "SOL",
        "productCode": "PCA",
        "subProductCode": "302",
        "balanceAmount": 4849374.28,
        "limitAmount": 20000000.79,
        "accountStatus": "PURGED",
        "controllingPostId": null,
        "productGroup": "Consumer Transactional Banking",
        "expiryDate": null,
        "tempOdErrors": {},
        "productSubProductCode": "PCA.302",
        "tempODEnabled": false
      },
      {
        "accountNumber": "1101038",
        "bsb": "011271",
        "accountType": "PCA",
        "accountDescription": "ANZ FREQUENT FLYER GOLD",
        "accountRelationship": "SOL",
        "productCode": "PCA",
        "subProductCode": "303",
        "balanceAmount": 4849374.29,
        "limitAmount": 20000000.8,
        "accountStatus": "TRANSFER-IN-TODAY",
        "controllingPostId": null,
        "productGroup": "Consumer Transactional Banking",
        "expiryDate": null,
        "tempOdErrors": {},
        "productSubProductCode": "PCA.303",
        "tempODEnabled": false
      },
      {
        "accountNumber": "1101138",
        "bsb": "011271",
        "accountType": "PCA",
        "accountDescription": "ANZ REWARDS PLATINUM",
        "accountRelationship": "SOL",
        "productCode": "PCA",
        "subProductCode": "304",
        "balanceAmount": 4849374.3,
        "limitAmount": 20000000.81,
        "accountStatus": "TRANSFER-OUT-TODAY",
        "controllingPostId": null,
        "productGroup": "Consumer Transactional Banking",
        "expiryDate": null,
        "tempOdErrors": {},
        "productSubProductCode": "PCA.304",
        "tempODEnabled": false
      },
      {
        "accountNumber": "1101238",
        "bsb": "011271",
        "accountType": "PCA",
        "accountDescription": "WESTFIELD",
        "accountRelationship": "SOL",
        "productCode": "PCA",
        "subProductCode": "305",
        "balanceAmount": 4849374.31,
        "limitAmount": 20000000.82,
        "accountStatus": "TRANSFER",
        "controllingPostId": null,
        "productGroup": "Consumer Transactional Banking",
        "expiryDate": null,
        "tempOdErrors": {},
        "productSubProductCode": "PCA.305",
        "tempODEnabled": false
      },
      {
        "accountNumber": "1101338",
        "bsb": "011271",
        "accountType": "PCA",
        "accountDescription": "ANZ FREQUENT FLYER PLAT",
        "accountRelationship": "SOL",
        "productCode": "PCA",
        "subProductCode": "306",
        "balanceAmount": 4849374.32,
        "limitAmount": 20000000.83,
        "accountStatus": "XFR-XPT",
        "controllingPostId": null,
        "productGroup": "Consumer Transactional Banking",
        "expiryDate": null,
        "tempOdErrors": {},
        "productSubProductCode": "PCA.306",
        "tempODEnabled": false
      },
      {
        "accountNumber": "1101438",
        "bsb": "011271",
        "accountType": "PCA",
        "accountDescription": "ANZ BALANCE VISA",
        "accountRelationship": "SOL",
        "productCode": "PCA",
        "subProductCode": "307",
        "balanceAmount": 4849374.33,
        "limitAmount": 20000000.84,
        "accountStatus": "REG-CONV",
        "controllingPostId": null,
        "productGroup": "Consumer Transactional Banking",
        "expiryDate": null,
        "tempOdErrors": {},
        "productSubProductCode": "PCA.307",
        "tempODEnabled": false
      },
      {
        "accountNumber": "1101538",
        "bsb": "011271",
        "accountType": "PCA",
        "accountDescription": "ANZ REWARDS BLACK",
        "accountRelationship": "SOL",
        "productCode": "PCA",
        "subProductCode": "308",
        "balanceAmount": 4849374.34,
        "limitAmount": 20000000.85,
        "accountStatus": "XFR-XPT-IN",
        "controllingPostId": null,
        "productGroup": "Consumer Transactional Banking",
        "expiryDate": null,
        "tempOdErrors": {},
        "productSubProductCode": "PCA.308",
        "tempODEnabled": false
      },
      {
        "accountNumber": "1101638",
        "bsb": "011271",
        "accountType": "PCA",
        "accountDescription": "ANZ FREQUENT FLYER BLACK",
        "accountRelationship": "SOL",
        "productCode": "PCA",
        "subProductCode": "309",
        "balanceAmount": 4849374.35,
        "limitAmount": 20000000.86,
        "accountStatus": "CGOFF-CONV",
        "controllingPostId": null,
        "productGroup": "Consumer Transactional Banking",
        "expiryDate": null,
        "tempOdErrors": {},
        "productSubProductCode": "PCA.309",
        "tempODEnabled": false
      },
      {
        "accountNumber": "1101738",
        "bsb": "011271",
        "accountType": "PCA",
        "accountDescription": "ANZ VISA SIGNATURE",
        "accountRelationship": "SOL",
        "productCode": "PCA",
        "subProductCode": "310",
        "balanceAmount": 4849374.36,
        "limitAmount": 20000000.87,
        "accountStatus": "XFR-XPT-OUT",
        "controllingPostId": null,
        "productGroup": "Consumer Transactional Banking",
        "expiryDate": null,
        "tempOdErrors": {},
        "productSubProductCode": "PCA.310",
        "tempODEnabled": false
      },
      {
        "accountNumber": "1101838",
        "bsb": "011271",
        "accountType": "PCA",
        "accountDescription": "ANZ LOW RATE",
        "accountRelationship": "SOL",
        "productCode": "PCA",
        "subProductCode": "700",
        "balanceAmount": 4849374.37,
        "limitAmount": 20000000.88,
        "accountStatus": "CGOFF-NORMAL",
        "controllingPostId": null,
        "productGroup": "Consumer Transactional Banking",
        "expiryDate": null,
        "tempOdErrors": {},
        "productSubProductCode": "PCA.700",
        "tempODEnabled": false
      },
      {
        "accountNumber": "1000039",
        "bsb": "011272",
        "accountType": "PTF",
        "accountDescription": "PORTFOLIO",
        "accountRelationship": "SOL",
        "productCode": "PTF",
        "subProductCode": "PTF",
        "balanceAmount": 20000001.12,
        "limitAmount": null,
        "accountStatus": "Active",
        "controllingPostId": null,
        "productGroup": "Other",
        "expiryDate": null,
        "tempOdErrors": {},
        "productSubProductCode": "PTF.PTF",
        "tempODEnabled": false
      },
      {
        "accountNumber": "1000040",
        "bsb": "011273",
        "accountType": "PTF",
        "accountDescription": "MORTGAGES PORTFOLIO BUSINESS",
        "accountRelationship": "SOL",
        "productCode": "PTF",
        "subProductCode": "MPB",
        "balanceAmount": 20005501.15,
        "limitAmount": null,
        "accountStatus": "Active",
        "controllingPostId": null,
        "productGroup": "Business Lending",
        "expiryDate": null,
        "tempOdErrors": {},
        "productSubProductCode": "PTF.MPB",
        "tempODEnabled": false
      },
      {
        "accountNumber": "1000041",
        "bsb": "011274",
        "accountType": "PTF",
        "accountDescription": null,
        "accountRelationship": "SOL",
        "productCode": "PTF",
        "subProductCode": "MFB",
        "balanceAmount": 20011001.18,
        "limitAmount": null,
        "accountStatus": "Active",
        "controllingPostId": null,
        "productGroup": "Other",
        "expiryDate": null,
        "tempOdErrors": {},
        "productSubProductCode": "PTF.MFB",
        "tempODEnabled": false
      },
      {
        "accountNumber": "1000042",
        "bsb": "011275",
        "accountType": "RSV",
        "accountDescription": "ANZ PASSBOOK SAVINGS ACCOUNT - SENIORS",
        "accountRelationship": "SOL",
        "productCode": "RSV",
        "subProductCode": "BB",
        "balanceAmount": 20016501.21,
        "limitAmount": null,
        "accountStatus": "Active",
        "controllingPostId": null,
        "productGroup": "Consumer Transactional Banking",
        "expiryDate": null,
        "tempOdErrors": {},
        "productSubProductCode": "RSV.BB",
        "tempODEnabled": false
      },
      {
        "accountNumber": "1000043",
        "bsb": "011276",
        "accountType": "RSV",
        "accountDescription": "HIGH PERFORMANCE PASSBOOK (ZERO 0%)",
        "accountRelationship": "SOL",
        "productCode": "RSV",
        "subProductCode": "BD",
        "balanceAmount": 20022001.24,
        "limitAmount": null,
        "accountStatus": "Active",
        "controllingPostId": null,
        "productGroup": "Consumer Transactional Banking",
        "expiryDate": null,
        "tempOdErrors": {},
        "productSubProductCode": "RSV.BD",
        "tempODEnabled": false
      },
      {
        "accountNumber": "1000044",
        "bsb": "011277",
        "accountType": "RSV",
        "accountDescription": "PASSBOOK PENSIONER ADVANTAGE",
        "accountRelationship": "SOL",
        "productCode": "RSV",
        "subProductCode": "BE",
        "balanceAmount": 20027501.27,
        "limitAmount": null,
        "accountStatus": "Active",
        "controllingPostId": null,
        "productGroup": "Consumer Transactional Banking",
        "expiryDate": null,
        "tempOdErrors": {},
        "productSubProductCode": "RSV.BE",
        "tempODEnabled": false
      },
      {
        "accountNumber": "1000045",
        "bsb": "011278",
        "accountType": "SSI",
        "accountDescription": "SMART CHOICE PENSION",
        "accountRelationship": "SOL",
        "productCode": "SSI",
        "subProductCode": "PEN",
        "balanceAmount": 20033001.3,
        "limitAmount": null,
        "accountStatus": "Active",
        "controllingPostId": null,
        "productGroup": "Consumer Transactional Banking",
        "expiryDate": null,
        "tempOdErrors": {},
        "productSubProductCode": "SSI.PEN",
        "tempODEnabled": false
      },
      {
        "accountNumber": "1000046",
        "bsb": "011279",
        "accountType": "SSI",
        "accountDescription": "SMART CHOICE SUPER",
        "accountRelationship": "SOL",
        "productCode": "SSI",
        "subProductCode": "SUP",
        "balanceAmount": 20038501.33,
        "limitAmount": null,
        "accountStatus": "Active",
        "controllingPostId": null,
        "productGroup": "Wealth and Insurance ",
        "expiryDate": null,
        "tempOdErrors": {},
        "productSubProductCode": "SSI.SUP",
        "tempODEnabled": false
      },
      {
        "accountNumber": "1000047",
        "bsb": "011280",
        "accountType": "SSI",
        "accountDescription": "SMART CHOICE TRANSITION TO RETIREMENT",
        "accountRelationship": "SOL",
        "productCode": "SSI",
        "subProductCode": "TRR",
        "balanceAmount": 20044001.36,
        "limitAmount": null,
        "accountStatus": "Active",
        "controllingPostId": null,
        "productGroup": "Wealth and Insurance ",
        "expiryDate": null,
        "tempOdErrors": {},
        "productSubProductCode": "SSI.TRR",
        "tempODEnabled": false
      },
      {
        "accountNumber": "1000048",
        "bsb": "011281",
        "accountType": "OLL",
        "accountDescription": "Trade Finance Loan",
        "accountRelationship": "SOL",
        "productCode": "OLL",
        "subProductCode": "20",
        "balanceAmount": null,
        "limitAmount": 105875.48,
        "accountStatus": "Active",
        "controllingPostId": null,
        "productGroup": "Business Trade and Markets",
        "expiryDate": null,
        "tempOdErrors": {},
        "productSubProductCode": "OLL.20",
        "tempODEnabled": false
      },
      {
        "accountNumber": "1000049",
        "bsb": "011282",
        "accountType": "OLL",
        "accountDescription": "OTHER LIMIT & LIABILITY",
        "accountRelationship": "SOL",
        "productCode": "OLL",
        "subProductCode": "OLL",
        "balanceAmount": null,
        "limitAmount": 106000.49,
        "accountStatus": "Active",
        "controllingPostId": null,
        "productGroup": "Other",
        "expiryDate": null,
        "tempOdErrors": {},
        "productSubProductCode": "OLL.OLL",
        "tempODEnabled": false
      },
      {
        "accountNumber": "1000050",
        "bsb": "011283",
        "accountType": "OLL",
        "accountDescription": "OTHER LIMIT & LIABILITY",
        "accountRelationship": "SOL",
        "productCode": "OLL",
        "subProductCode": "OLL",
        "balanceAmount": null,
        "limitAmount": 106125.5,
        "accountStatus": "Active",
        "controllingPostId": null,
        "productGroup": "Other",
        "expiryDate": null,
        "tempOdErrors": {},
        "productSubProductCode": "OLL.OLL",
        "tempODEnabled": false
      },
      {
        "accountNumber": "1000150",
        "bsb": "011283",
        "accountType": "OLL",
        "accountDescription": "OTHER LIMIT & LIABILITY",
        "accountRelationship": "SOL",
        "productCode": "OLL",
        "subProductCode": "OLL",
        "balanceAmount": null,
        "limitAmount": 106125.51,
        "accountStatus": "Active",
        "controllingPostId": null,
        "productGroup": "Other",
        "expiryDate": null,
        "tempOdErrors": {},
        "productSubProductCode": "OLL.OLL",
        "tempODEnabled": false
      },
      {
        "accountNumber": "1000151",
        "bsb": "011283",
        "accountType": "OLL",
        "accountDescription": "Encashment Facility",
        "accountRelationship": "SOL",
        "productCode": "OLL",
        "subProductCode": "17",
        "balanceAmount": null,
        "limitAmount": 106125.52,
        "accountStatus": "Active",
        "controllingPostId": null,
        "productGroup": "Business Lending",
        "expiryDate": null,
        "tempOdErrors": {},
        "productSubProductCode": "OLL.17",
        "tempODEnabled": false
      },
      {
        "accountNumber": "1000152",
        "bsb": "011283",
        "accountType": "OLL",
        "accountDescription": "Standby Letter of Credit",
        "accountRelationship": "SOL",
        "productCode": "OLL",
        "subProductCode": "25",
        "balanceAmount": null,
        "limitAmount": 106125.53,
        "accountStatus": "Active",
        "controllingPostId": null,
        "productGroup": "Business Trade and Markets",
        "expiryDate": null,
        "tempOdErrors": {},
        "productSubProductCode": "OLL.25",
        "tempODEnabled": false
      },
      {
        "accountNumber": "1000153",
        "bsb": "011283",
        "accountType": "OLL",
        "accountDescription": "OTHER LIMIT & LIABILITY",
        "accountRelationship": "SOL",
        "productCode": "OLL",
        "subProductCode": "OLL",
        "balanceAmount": null,
        "limitAmount": 106125.54,
        "accountStatus": "Active",
        "controllingPostId": null,
        "productGroup": "Other",
        "expiryDate": null,
        "tempOdErrors": {},
        "productSubProductCode": "OLL.OLL",
        "tempODEnabled": false
      },
      {
        "accountNumber": "1000154",
        "bsb": "011283",
        "accountType": "OLL",
        "accountDescription": "OTHER LIMIT & LIABILITY",
        "accountRelationship": "SOL",
        "productCode": "OLL",
        "subProductCode": "OLL",
        "balanceAmount": null,
        "limitAmount": 106125.55,
        "accountStatus": "Active",
        "controllingPostId": null,
        "productGroup": "Other",
        "expiryDate": null,
        "tempOdErrors": {},
        "productSubProductCode": "OLL.OLL",
        "tempODEnabled": false
      },
      {
        "accountNumber": "1000155",
        "bsb": "011283",
        "accountType": "OLL",
        "accountDescription": "OTHER LIMIT & LIABILITY",
        "accountRelationship": "SOL",
        "productCode": "OLL",
        "subProductCode": "OLL",
        "balanceAmount": null,
        "limitAmount": 106125.56,
        "accountStatus": "Active",
        "controllingPostId": null,
        "productGroup": "Other",
        "expiryDate": null,
        "tempOdErrors": {},
        "productSubProductCode": "OLL.OLL",
        "tempODEnabled": false
      },
      {
        "accountNumber": "1000156",
        "bsb": "011283",
        "accountType": "OLL",
        "accountDescription": "OTHER LIMIT & LIABILITY",
        "accountRelationship": "SOL",
        "productCode": "OLL",
        "subProductCode": "OLL",
        "balanceAmount": null,
        "limitAmount": 106125.57,
        "accountStatus": "Active",
        "controllingPostId": null,
        "productGroup": "Other",
        "expiryDate": null,
        "tempOdErrors": {},
        "productSubProductCode": "OLL.OLL",
        "tempODEnabled": false
      },
      {
        "accountNumber": "1000157",
        "bsb": "011283",
        "accountType": "OLL",
        "accountDescription": "OTHER LIMIT & LIABILITY",
        "accountRelationship": "SOL",
        "productCode": "OLL",
        "subProductCode": "OLL",
        "balanceAmount": null,
        "limitAmount": 106125.58,
        "accountStatus": "Active",
        "controllingPostId": null,
        "productGroup": "Other",
        "expiryDate": null,
        "tempOdErrors": {},
        "productSubProductCode": "OLL.OLL",
        "tempODEnabled": false
      },
      {
        "accountNumber": "1000158",
        "bsb": "011283",
        "accountType": "OLL",
        "accountDescription": "OTHER LIMIT & LIABILITY",
        "accountRelationship": "SOL",
        "productCode": "OLL",
        "subProductCode": "OLL",
        "balanceAmount": null,
        "limitAmount": 106125.59,
        "accountStatus": "Active",
        "controllingPostId": null,
        "productGroup": "Other",
        "expiryDate": null,
        "tempOdErrors": {},
        "productSubProductCode": "OLL.OLL",
        "tempODEnabled": false
      },
      {
        "accountNumber": "1000159",
        "bsb": "011283",
        "accountType": "OLL",
        "accountDescription": "OTHER LIMIT & LIABILITY",
        "accountRelationship": "SOL",
        "productCode": "OLL",
        "subProductCode": "OLL",
        "balanceAmount": null,
        "limitAmount": 106125.6,
        "accountStatus": "Active",
        "controllingPostId": null,
        "productGroup": "Other",
        "expiryDate": null,
        "tempOdErrors": {},
        "productSubProductCode": "OLL.OLL",
        "tempODEnabled": false
      },
      {
        "accountNumber": "1000160",
        "bsb": "011283",
        "accountType": "OLL",
        "accountDescription": "Import Credit & Trade Facility",
        "accountRelationship": "SOL",
        "productCode": "OLL",
        "subProductCode": "23",
        "balanceAmount": null,
        "limitAmount": 106125.61,
        "accountStatus": "Active",
        "controllingPostId": null,
        "productGroup": "Business Trade and Markets",
        "expiryDate": null,
        "tempOdErrors": {},
        "productSubProductCode": "OLL.23",
        "tempODEnabled": false
      },
      {
        "accountNumber": "1000161",
        "bsb": "011283",
        "accountType": "OLL",
        "accountDescription": "OTHER LIMIT & LIABILITY",
        "accountRelationship": "SOL",
        "productCode": "OLL",
        "subProductCode": "OLL",
        "balanceAmount": null,
        "limitAmount": 106125.62,
        "accountStatus": "Active",
        "controllingPostId": null,
        "productGroup": "Other",
        "expiryDate": null,
        "tempOdErrors": {},
        "productSubProductCode": "OLL.OLL",
        "tempODEnabled": false
      },
      {
        "accountNumber": "1000162",
        "bsb": "011283",
        "accountType": "OLL",
        "accountDescription": "OTHER LIMIT & LIABILITY",
        "accountRelationship": "SOL",
        "productCode": "OLL",
        "subProductCode": "OLL",
        "balanceAmount": null,
        "limitAmount": 106125.63,
        "accountStatus": "Active",
        "controllingPostId": null,
        "productGroup": "Other",
        "expiryDate": null,
        "tempOdErrors": {},
        "productSubProductCode": "OLL.OLL",
        "tempODEnabled": false
      },
      {
        "accountNumber": "1000163",
        "bsb": "011283",
        "accountType": "OLL",
        "accountDescription": "Documentary Credit Facility",
        "accountRelationship": "SOL",
        "productCode": "OLL",
        "subProductCode": "24",
        "balanceAmount": null,
        "limitAmount": 106125.64,
        "accountStatus": "Active",
        "controllingPostId": null,
        "productGroup": "Business Trade and Markets",
        "expiryDate": null,
        "tempOdErrors": {},
        "productSubProductCode": "OLL.24",
        "tempODEnabled": false
      },
      {
        "accountNumber": "1000164",
        "bsb": "011283",
        "accountType": "OLL",
        "accountDescription": "Standby Letter of Credit",
        "accountRelationship": "SOL",
        "productCode": "OLL",
        "subProductCode": "25",
        "balanceAmount": null,
        "limitAmount": 106125.65,
        "accountStatus": "Active",
        "controllingPostId": null,
        "productGroup": "Business Trade and Markets",
        "expiryDate": null,
        "tempOdErrors": {},
        "productSubProductCode": "OLL.25",
        "tempODEnabled": false
      },
      {
        "accountNumber": "1000165",
        "bsb": "011283",
        "accountType": "OLL",
        "accountDescription": "Direct Debit Facility",
        "accountRelationship": "SOL",
        "productCode": "OLL",
        "subProductCode": "26",
        "balanceAmount": null,
        "limitAmount": 106125.66,
        "accountStatus": "Active",
        "controllingPostId": null,
        "productGroup": "Business Lending",
        "expiryDate": null,
        "tempOdErrors": {},
        "productSubProductCode": "OLL.26",
        "tempODEnabled": false
      },
      {
        "accountNumber": "1000166",
        "bsb": "011283",
        "accountType": "OLL",
        "accountDescription": "OTHER LIMIT & LIABILITY",
        "accountRelationship": "SOL",
        "productCode": "OLL",
        "subProductCode": "OLL",
        "balanceAmount": null,
        "limitAmount": 106125.67,
        "accountStatus": "Active",
        "controllingPostId": null,
        "productGroup": "Other",
        "expiryDate": null,
        "tempOdErrors": {},
        "productSubProductCode": "OLL.OLL",
        "tempODEnabled": false
      },
      {
        "accountNumber": "1000167",
        "bsb": "011283",
        "accountType": "OLL",
        "accountDescription": "OTHER LIMIT & LIABILITY",
        "accountRelationship": "SOL",
        "productCode": "OLL",
        "subProductCode": "28",
        "balanceAmount": null,
        "limitAmount": 106125.68,
        "accountStatus": "Active",
        "controllingPostId": null,
        "productGroup": "Business Lending",
        "expiryDate": null,
        "tempOdErrors": {},
        "productSubProductCode": "OLL.28",
        "tempODEnabled": false
      },
      {
        "accountNumber": "1000168",
        "bsb": "011283",
        "accountType": "OLL",
        "accountDescription": "OTHER LIMIT & LIABILITY",
        "accountRelationship": "SOL",
        "productCode": "OLL",
        "subProductCode": "OLL",
        "balanceAmount": null,
        "limitAmount": 106125.69,
        "accountStatus": "Active",
        "controllingPostId": null,
        "productGroup": "Other",
        "expiryDate": null,
        "tempOdErrors": {},
        "productSubProductCode": "OLL.OLL",
        "tempODEnabled": false
      },
      {
        "accountNumber": "1000169",
        "bsb": "011283",
        "accountType": "OLL",
        "accountDescription": "OTHER LIMIT & LIABILITY",
        "accountRelationship": "SOL",
        "productCode": "OLL",
        "subProductCode": "OLL",
        "balanceAmount": null,
        "limitAmount": 106125.7,
        "accountStatus": "Active",
        "controllingPostId": null,
        "productGroup": "Other",
        "expiryDate": null,
        "tempOdErrors": {},
        "productSubProductCode": "OLL.OLL",
        "tempODEnabled": false
      },
      {
        "accountNumber": "1000170",
        "bsb": "011283",
        "accountType": "OLL",
        "accountDescription": "OTHER LIMIT & LIABILITY",
        "accountRelationship": "SOL",
        "productCode": "OLL",
        "subProductCode": "OLL",
        "balanceAmount": null,
        "limitAmount": 106125.71,
        "accountStatus": "Active",
        "controllingPostId": null,
        "productGroup": "Other",
        "expiryDate": null,
        "tempOdErrors": {},
        "productSubProductCode": "OLL.OLL",
        "tempODEnabled": false
      },
      {
        "accountNumber": "1000171",
        "bsb": "011283",
        "accountType": "OLL",
        "accountDescription": "Settlement Limit",
        "accountRelationship": "SOL",
        "productCode": "OLL",
        "subProductCode": "33",
        "balanceAmount": null,
        "limitAmount": 106125.72,
        "accountStatus": "Active",
        "controllingPostId": null,
        "productGroup": "Business Lending",
        "expiryDate": null,
        "tempOdErrors": {},
        "productSubProductCode": "OLL.33",
        "tempODEnabled": false
      },
      {
        "accountNumber": "1100172",
        "bsb": "011283",
        "accountType": "OLL",
        "accountDescription": "OTHER LIMIT & LIABILITY",
        "accountRelationship": "SOL",
        "productCode": "OLL",
        "subProductCode": "OLL",
        "balanceAmount": null,
        "limitAmount": 106125.73,
        "accountStatus": "Active",
        "controllingPostId": null,
        "productGroup": "Other",
        "expiryDate": null,
        "tempOdErrors": {},
        "productSubProductCode": "OLL.OLL",
        "tempODEnabled": false
      },
      {
        "accountNumber": "1100173",
        "bsb": "011283",
        "accountType": "OLL",
        "accountDescription": "OTHER LIMIT & LIABILITY",
        "accountRelationship": "SOL",
        "productCode": "OLL",
        "subProductCode": "OLL",
        "balanceAmount": null,
        "limitAmount": 106125.74,
        "accountStatus": "Active",
        "controllingPostId": null,
        "productGroup": "Other",
        "expiryDate": null,
        "tempOdErrors": {},
        "productSubProductCode": "OLL.OLL",
        "tempODEnabled": false
      }
    ],
    "segmentErrors": [],
    "title": "Miss",
    "firstName": "Sarah",
    "middleName": "Smith",
    "lastName": "Lee",
    "dateOfBirth": "05/07/1990",
    "residentialAddressLine1": "10",
    "residentialAddressLine2": "Mill Park Road",
    "residentialAddressLine3": "",
    "residentialAddressSuburb": "Melbourne",
    "residentialAddressState": "VIC",
    "residentialAddressPostCode": "3000",
    "driverLicenseNumber": "00012345",
    "driverLicenseState": "VIC",
    "marriedOrDefacto": true,
    "entityName": "Sarah Lee",
    "noClg": false,
    "clgCustomerRelationShip": {
      "customerType": "LENDING_GROUP",
      "customerTypeCode": null,
      "customerId": "6100000005",
      "name": "Iclg With 1 Customer",
      "relationshipType": "CustomerLendingGroup"
    },
    "multipleClg": false
  },
  "relationshipManager": {
    "managerName": "Jane Brown Abcdefghijklmnopqrstuvwxyzabc",
    "phoneNumber": "(03)12345679",
    "controllingPostId": "12345"
  },
  "kycData": {
    "kycStatus": "Complete",
    "verificationStatus": "Verified",
    "performanceIndicator": "1",
    "currentCapTbl": 0,
    "currentAssetFinanceTbl": 0,
    "currentConsolidatedTbl": 0
  },
  "vcadLimitNotModified": null,
  "vcadLimit": null,
  "clgDetails": null,
  "applicationHistory": [],
  "quickAssist": null
}
