{
    "options": [
        {
            "name": "Credit card",
            "value": "CC",
            "system": "CFOLA"
        },
        {
            "name": "Overdraft",
            "value": "OD",
            "system": "CFOLA"
        },
        {
            "name": "CAP - Other limit and liabilities",
            "value": "OLL",
            "system": "CFOLA"
        },
        {
            "name": "Revolving credit",
            "value": "RC",
            "system": "CFOLA"
        },
        {
            "name": "Other OFI liabilities",
            "value": "OFI",
            "system": "CFOLA"
        },
        {
            "name": "Lease hire purchase",
            "value": "LEH",
            "system": "CFOLA"
        },
        {
            "name": "Taxation beyond standard",
            "value": "TBS",
            "system": "CFOLA"
        },
        {
            "name": "Term Loan",
            "value": "TML",
            "system": "CFOLA"
        },
        {
            "name": "Other limit and liability",
            "value": "OTH",
            "system": "CFOLA"
        }
    ]
}