{
    "generated": [
        {
            "documentTypeCode": "FA",
            "documentTypeDescription": "Forms and Authorities",
            "documents": []
        },
        {
            "documentTypeCode": "LQ",
            "documentTypeDescription": "Checklists / Executed Documents",
            "documents": []
        },
        {
            "documentTypeCode": "SE",
            "documentTypeDescription": "Securities / Property",
            "documents": []
        },
        {
            "documentTypeCode": "FI",
            "documentTypeDescription": "Financial Information",
            "documents": [
                {
                    "bundledDocuments": null,
                    "createdBy": "CSPUsr2",
                    "createdDate": "2020-02-21T06:17:11.558Z",
                    "customerId": "2454d784-933d-4501-825d-b3b4551f603f",
                    "documentComments": null,
                    "documentName": "ASP-Generated-1000002013-report-1.pdf",
                    "documentType": "FI",
                    "documentVersionId": "{564117D9-72F6-4B59-BE3D-5777AFB80456}",
                    "externalDocumentTitle": "ASP-report.pdf",
                    "filenetId": "{BEEC1D63-4B24-4A13-A0DA-C0DBAEC64456}",
                    "generated": true,
                    "id": 14,
                    "isOwner": false,
                    "locationName": "EDRMUtiltyStorage"
                },
                {
                    "bundledDocuments": null,
                    "createdBy": "CSPUsr2",
                    "createdDate": "2020-02-21T06:17:10.495Z",
                    "customerId": "2454d784-933d-4501-825d-b3b4551f603f",
                    "documentComments": null,
                    "documentName": "ASP-Generated-1000002013-report-2.pdf",
                    "documentType": "FI",
                    "documentVersionId": "{564117D9-72F6-4B59-BE3D-5777AFB80456}",
                    "externalDocumentTitle": "ASP-report.pdf",
                    "filenetId": "{BEEC1D63-4B24-4A13-A0DA-C0DBAEC64456}",
                    "generated": true,
                    "id": 13,
                    "isOwner": false,
                    "locationName": "EDRMUtiltyStorage"
                }
            ]
        },
        {
            "documentTypeCode": "QUOTE",
            "documentTypeDescription": null,
            "documents": [
                {
                    "bundledDocuments": null,
                    "createdBy": "CSPUsr2",
                    "createdDate": "2020-02-21T06:17:12.502Z",
                    "customerId": "2454d784-933d-4501-825d-b3b4551f603f",
                    "documentComments": null,
                    "documentName": "ASP-Online-Application-20200221-1717.pdf",
                    "documentType": "QUOTE",
                    "documentVersionId": "{564117D9-72F6-4B59-BE3D-5777AFB80456}",
                    "externalDocumentTitle": "ASP-Online-Application-20200221-1717.pdf",
                    "filenetId": "{BEEC1D63-4B24-4A13-A0DA-C0DBAEC64456}",
                    "generated": true,
                    "id": 15,
                    "isOwner": false,
                    "locationName": "EDRMUtiltyStorage"
                }
            ]
        }
    ],
    "uploaded": [
        {
            "documentTypeCode": "CO",
            "documentTypeDescription": "Correspondence / Others",
            "documents": []
        },
        {
            "documentTypeCode": "FI",
            "documentTypeDescription": "Financial Information",
            "documents": []
        },
        {
            "documentTypeCode": "FA",
            "documentTypeDescription": "Forms and Authorities",
            "documents": [
                {
                    "bundledDocuments": null,
                    "createdBy": "CSPUsr2",
                    "createdDate": "2020-02-21T06:17:12.502Z",
                    "customerId": "2454d784-933d-4501-825d-b3b4551f603f",
                    "documentComments": null,
                    "documentName": "ASP-Online-Application-20200221-1717.pdf",
                    "documentType": "FA",
                    "documentVersionId": "{564117D9-72F6-4B59-BE3D-5777AFB80456}",
                    "externalDocumentTitle": "ASP-Online-Application-20200221-1717.pdf",
                    "filenetId": "{BEEC1D63-4B24-4A13-A0DA-C0DBAEC64456}",
                    "generated": false,
                    "id": 15,
                    "isOwner": false,
                    "locationName": "EDRMUtiltyStorage"
                }
            ]
        },
        {
            "documentTypeCode": "LQ",
            "documentTypeDescription": "Checklists / Executed Documents",
            "documents": []
        },
        {
            "documentTypeCode": "SE",
            "documentTypeDescription": "Securities / Property",
            "documents": []
        },
        {
            "documentTypeCode": "AS",
            "documentTypeDescription": "ASIC Uploaded Report",
            "documents": []
        },
        {
            "documentTypeCode": "PC",
            "documentTypeDescription": "Pricing Confirmation / Conditions Precedent",
            "documents": []
        },
        {
            "documentTypeCode": "NA",
            "documentTypeDescription": null,
            "documents": []
        }
    ]
}