{
    "generated": [
        {
            "documentTypeCode": "FA",
            "documentTypeDescription": "Forms and Authorities",
            "documents": []
        },
        {
            "documentTypeCode": "LQ",
            "documentTypeDescription": "Checklists / Executed Documents",
            "documents": []
        },
        {
            "documentTypeCode": "SE",
            "documentTypeDescription": "Securities / Property",
            "documents": []
        }
    ],
    "uploaded": [
        {
            "documentTypeCode": "CO",
            "documentTypeDescription": "Correspondence / Others",
            "documents": [
                {
                    "id": 1,
                    "customerId": "200000137",
                    "externalDocumentTitle": "testing.pdf",
                    "documentComments": "TEST1",
                    "locationName": "EDRMUtiltyStorage",
                    "documentVersionId": "{564117D9-72F6-4B59-BE3D-5777AFB80456}",
                    "documentName": "Test1.txt",
                    "documentType": "CO,FI,FA,SE,AS,PC",
                    "filenetId": "{BEEC1D63-4B24-4A13-A0DA-C0DBAEC64456}",
                    "generated": false,
                    "createdDate": "2019-11-21T00:57:20.108Z",
                    "createdBy": "CSPUsr2",
                    "isOwner": true,
                    "bundledDocuments": null
                },
                {
                    "id": 2,
                    "customerId": "200000137",
                    "externalDocumentTitle": "testing.pdf",
                    "documentComments": "TEST2",
                    "locationName": "EDRMUtiltyStorage",
                    "documentVersionId": "{564117D9-72F6-4B59-BE3D-5777AFB80456}",
                    "documentName": "TEST2.txt",
                    "documentType": "CO,FI,FA,SE,AS,PC",
                    "filenetId": "{BEEC1D63-4B24-4A13-A0DA-C0DBAEC64456}",
                    "generated": false,
                    "createdDate": "2019-11-21T00:57:20.108Z",
                    "createdBy": "CSPUsr2",
                    "isOwner": true,
                    "bundledDocuments": null
                },
                {
                    "id": 3,
                    "customerId": "200000137",
                    "externalDocumentTitle": "testing.pdf",
                    "documentComments": "TEST3",
                    "locationName": "EDRMUtiltyStorage",
                    "documentVersionId": "{564117D9-72F6-4B59-BE3D-5777AFB80456}",
                    "documentName": "Test3.txt",
                    "documentType": "CO,FI,FA,SE,AS,PC",
                    "filenetId": "{BEEC1D63-4B24-4A13-A0DA-C0DBAEC64456}",
                    "generated": false,
                    "createdDate": "2019-11-21T00:57:20.108Z",
                    "createdBy": "CSPUsr2",
                    "isOwner": true,
                    "bundledDocuments": null
                },
                {
                    "id": 4,
                    "customerId": "200000137",
                    "externalDocumentTitle": "testing.pdf",
                    "documentComments": "TEST4",
                    "locationName": "EDRMUtiltyStorage",
                    "documentVersionId": "{564117D9-72F6-4B59-BE3D-5777AFB80456}",
                    "documentName": "TEST4.txt",
                    "documentType": "CO,FI,FA,SE,AS,PC",
                    "filenetId": "{BEEC1D63-4B24-4A13-A0DA-C0DBAEC64456}",
                    "generated": false,
                    "createdDate": "2019-11-21T00:57:20.108Z",
                    "createdBy": "CSPUsr2",
                    "isOwner": true,
                    "bundledDocuments": null
                },
                {
                    "id": 5,
                    "customerId": "200000137",
                    "externalDocumentTitle": "testing.pdf",
                    "documentComments": "TEST5",
                    "locationName": "EDRMUtiltyStorage",
                    "documentVersionId": "{564117D9-72F6-4B59-BE3D-5777AFB80456}",
                    "documentName": "Test5.txt",
                    "documentType": "CO,FI,FA,SE,AS,PC",
                    "filenetId": "{BEEC1D63-4B24-4A13-A0DA-C0DBAEC64456}",
                    "generated": false,
                    "createdDate": "2019-11-21T00:57:20.108Z",
                    "createdBy": "CSPUsr2",
                    "isOwner": true,
                    "bundledDocuments": null
                },
                {
                    "id": 6,
                    "customerId": "200000137",
                    "externalDocumentTitle": "testing.pdf",
                    "documentComments": "TEST6",
                    "locationName": "EDRMUtiltyStorage",
                    "documentVersionId": "{564117D9-72F6-4B59-BE3D-5777AFB80456}",
                    "documentName": "TEST6.txt",
                    "documentType": "CO,FI,FA,SE,AS,PC",
                    "filenetId": "{BEEC1D63-4B24-4A13-A0DA-C0DBAEC64456}",
                    "generated": false,
                    "createdDate": "2019-11-21T00:57:20.108Z",
                    "createdBy": "CSPUsr2",
                    "isOwner": true,
                    "bundledDocuments": null
                },
                {
                    "id": 7,
                    "customerId": "200000137",
                    "externalDocumentTitle": "testing.pdf",
                    "documentComments": "TEST7",
                    "locationName": "EDRMUtiltyStorage",
                    "documentVersionId": "{564117D9-72F6-4B59-BE3D-5777AFB80456}",
                    "documentName": "Test7.txt",
                    "documentType": "CO,FI,FA,SE,AS,PC",
                    "filenetId": "{BEEC1D63-4B24-4A13-A0DA-C0DBAEC64456}",
                    "generated": false,
                    "createdDate": "2019-11-21T00:57:20.108Z",
                    "createdBy": "CSPUsr2",
                    "isOwner": true,
                    "bundledDocuments": null
                },
                {
                    "id": 8,
                    "customerId": "200000137",
                    "externalDocumentTitle": "testing.pdf",
                    "documentComments": "TEST8",
                    "locationName": "EDRMUtiltyStorage",
                    "documentVersionId": "{564117D9-72F6-4B59-BE3D-5777AFB80456}",
                    "documentName": "TEST8.txt",
                    "documentType": "CO,FI,FA,SE,AS,PC",
                    "filenetId": "{BEEC1D63-4B24-4A13-A0DA-C0DBAEC64456}",
                    "generated": false,
                    "createdDate": "2019-11-21T00:57:20.108Z",
                    "createdBy": "CSPUsr2",
                    "isOwner": true,
                    "bundledDocuments": null
                },{
                    "id": 9,
                    "customerId": "200000137",
                    "externalDocumentTitle": "testing.pdf",
                    "documentComments": "TEST9",
                    "locationName": "EDRMUtiltyStorage",
                    "documentVersionId": "{564117D9-72F6-4B59-BE3D-5777AFB80456}",
                    "documentName": "Test9.txt",
                    "documentType": "CO,FI,FA,SE,AS,PC",
                    "filenetId": "{BEEC1D63-4B24-4A13-A0DA-C0DBAEC64456}",
                    "generated": false,
                    "createdDate": "2019-11-21T00:57:20.108Z",
                    "createdBy": "CSPUsr2",
                    "isOwner": true,
                    "bundledDocuments": null
                },
                {
                    "id": 10,
                    "customerId": "200000137",
                    "externalDocumentTitle": "testing.pdf",
                    "documentComments": "TEST10",
                    "locationName": "EDRMUtiltyStorage",
                    "documentVersionId": "{564117D9-72F6-4B59-BE3D-5777AFB80456}",
                    "documentName": "TEST10.txt",
                    "documentType": "CO,FI,FA,SE,AS,PC",
                    "filenetId": "{BEEC1D63-4B24-4A13-A0DA-C0DBAEC64456}",
                    "generated": false,
                    "createdDate": "2019-11-21T00:57:20.108Z",
                    "createdBy": "CSPUsr2",
                    "isOwner": true,
                    "bundledDocuments": null
                }
            ]
        },
        {
            "documentTypeCode": "FI",
            "documentTypeDescription": "Financial Information",
            "documents": [
                {
                    "id": 11,
                    "customerId": "200000137",
                    "externalDocumentTitle": "testing.pdf",
                    "documentComments": "TEST11",
                    "locationName": "EDRMUtiltyStorage",
                    "documentVersionId": "{564117D9-72F6-4B59-BE3D-5777AFB80456}",
                    "documentName": "Test11.txt",
                    "documentType": "CO,FI,FA,SE,AS,PC",
                    "filenetId": "{BEEC1D63-4B24-4A13-A0DA-C0DBAEC64456}",
                    "generated": false,
                    "createdDate": "2019-11-21T00:57:20.108Z",
                    "createdBy": "CSPUsr2",
                    "isOwner": true,
                    "bundledDocuments": null
                },
                {
                    "id": 12,
                    "customerId": "200000137",
                    "externalDocumentTitle": "testing.pdf",
                    "documentComments": "TEST12",
                    "locationName": "EDRMUtiltyStorage",
                    "documentVersionId": "{564117D9-72F6-4B59-BE3D-5777AFB80456}",
                    "documentName": "TEST12.txt",
                    "documentType": "CO,FI,FA,SE,AS,PC",
                    "filenetId": "{BEEC1D63-4B24-4A13-A0DA-C0DBAEC64456}",
                    "generated": false,
                    "createdDate": "2019-11-21T00:57:20.108Z",
                    "createdBy": "CSPUsr2",
                    "isOwner": true,
                    "bundledDocuments": null
                },
                {
                    "id": 13,
                    "customerId": "200000137",
                    "externalDocumentTitle": "testing.pdf",
                    "documentComments": "TEST13",
                    "locationName": "EDRMUtiltyStorage",
                    "documentVersionId": "{564117D9-72F6-4B59-BE3D-5777AFB80456}",
                    "documentName": "Test13.txt",
                    "documentType": "CO,FI,FA,SE,AS,PC",
                    "filenetId": "{BEEC1D63-4B24-4A13-A0DA-C0DBAEC64456}",
                    "generated": false,
                    "createdDate": "2019-11-21T00:57:20.108Z",
                    "createdBy": "CSPUsr2",
                    "isOwner": true,
                    "bundledDocuments": null
                },
                {
                    "id": 14,
                    "customerId": "200000137",
                    "externalDocumentTitle": "testing.pdf",
                    "documentComments": "TEST14",
                    "locationName": "EDRMUtiltyStorage",
                    "documentVersionId": "{564117D9-72F6-4B59-BE3D-5777AFB80456}",
                    "documentName": "TEST14.txt",
                    "documentType": "CO,FI,FA,SE,AS,PC",
                    "filenetId": "{BEEC1D63-4B24-4A13-A0DA-C0DBAEC64456}",
                    "generated": false,
                    "createdDate": "2019-11-21T00:57:20.108Z",
                    "createdBy": "CSPUsr2",
                    "isOwner": true,
                    "bundledDocuments": null
                },
                {
                    "id": 15,
                    "customerId": "200000137",
                    "externalDocumentTitle": "testing.pdf",
                    "documentComments": "TEST15",
                    "locationName": "EDRMUtiltyStorage",
                    "documentVersionId": "{564117D9-72F6-4B59-BE3D-5777AFB80456}",
                    "documentName": "Test15.txt",
                    "documentType": "CO,FI,FA,SE,AS,PC",
                    "filenetId": "{BEEC1D63-4B24-4A13-A0DA-C0DBAEC64456}",
                    "generated": false,
                    "createdDate": "2019-11-21T00:57:20.108Z",
                    "createdBy": "CSPUsr2",
                    "isOwner": true,
                    "bundledDocuments": null
                },
                {
                    "id": 16,
                    "customerId": "200000137",
                    "externalDocumentTitle": "testing.pdf",
                    "documentComments": "TEST16",
                    "locationName": "EDRMUtiltyStorage",
                    "documentVersionId": "{564117D9-72F6-4B59-BE3D-5777AFB80456}",
                    "documentName": "TEST16.txt",
                    "documentType": "CO,FI,FA,SE,AS,PC",
                    "filenetId": "{BEEC1D63-4B24-4A13-A0DA-C0DBAEC64456}",
                    "generated": false,
                    "createdDate": "2019-11-21T00:57:20.108Z",
                    "createdBy": "CSPUsr2",
                    "isOwner": true,
                    "bundledDocuments": null
                },
                {
                    "id": 17,
                    "customerId": "200000137",
                    "externalDocumentTitle": "testing.pdf",
                    "documentComments": "TEST17",
                    "locationName": "EDRMUtiltyStorage",
                    "documentVersionId": "{564117D9-72F6-4B59-BE3D-5777AFB80456}",
                    "documentName": "Test17.txt",
                    "documentType": "CO,FI,FA,SE,AS,PC",
                    "filenetId": "{BEEC1D63-4B24-4A13-A0DA-C0DBAEC64456}",
                    "generated": false,
                    "createdDate": "2019-11-21T00:57:20.108Z",
                    "createdBy": "CSPUsr2",
                    "isOwner": true,
                    "bundledDocuments": null
                },
                {
                    "id": 18,
                    "customerId": "200000137",
                    "externalDocumentTitle": "testing.pdf",
                    "documentComments": "TEST18",
                    "locationName": "EDRMUtiltyStorage",
                    "documentVersionId": "{564117D9-72F6-4B59-BE3D-5777AFB80456}",
                    "documentName": "TEST18.txt",
                    "documentType": "CO,FI,FA,SE,AS,PC",
                    "filenetId": "{BEEC1D63-4B24-4A13-A0DA-C0DBAEC64456}",
                    "generated": false,
                    "createdDate": "2019-11-21T00:57:20.108Z",
                    "createdBy": "CSPUsr2",
                    "isOwner": true,
                    "bundledDocuments": null
                },{
                    "id": 19,
                    "customerId": "200000137",
                    "externalDocumentTitle": "testing.pdf",
                    "documentComments": "TEST19",
                    "locationName": "EDRMUtiltyStorage",
                    "documentVersionId": "{564117D9-72F6-4B59-BE3D-5777AFB80456}",
                    "documentName": "Test9.txt",
                    "documentType": "CO,FI,FA,SE,AS,PC",
                    "filenetId": "{BEEC1D63-4B24-4A13-A0DA-C0DBAEC64456}",
                    "generated": false,
                    "createdDate": "2019-11-21T00:57:20.108Z",
                    "createdBy": "CSPUsr2",
                    "isOwner": true,
                    "bundledDocuments": null
                },
                {
                    "id": 20,
                    "customerId": "200000137",
                    "externalDocumentTitle": "testing.pdf",
                    "documentComments": "TEST20",
                    "locationName": "EDRMUtiltyStorage",
                    "documentVersionId": "{564117D9-72F6-4B59-BE3D-5777AFB80456}",
                    "documentName": "TEST20.txt",
                    "documentType": "CO,FI,FA,SE,AS,PC",
                    "filenetId": "{BEEC1D63-4B24-4A13-A0DA-C0DBAEC64456}",
                    "generated": false,
                    "createdDate": "2019-11-21T00:57:20.108Z",
                    "createdBy": "CSPUsr2",
                    "isOwner": true,
                    "bundledDocuments": null
                }
            ]
        },
        {
            "documentTypeCode": "FA",
            "documentTypeDescription": "Forms and Authorities",
            "documents": [
                {
                    "id": 21,
                    "customerId": "200000137",
                    "externalDocumentTitle": "testing.pdf",
                    "documentComments": "TEST21",
                    "locationName": "EDRMUtiltyStorage",
                    "documentVersionId": "{564117D9-72F6-4B59-BE3D-5777AFB80456}",
                    "documentName": "Test21.txt",
                    "documentType": "CO,FI,FA,SE,AS,PC",
                    "filenetId": "{BEEC1D63-4B24-4A13-A0DA-C0DBAEC64456}",
                    "generated": false,
                    "createdDate": "2019-11-21T00:57:20.108Z",
                    "createdBy": "CSPUsr2",
                    "isOwner": true,
                    "bundledDocuments": null
                },
                {
                    "id": 22,
                    "customerId": "200000137",
                    "externalDocumentTitle": "testing.pdf",
                    "documentComments": "TEST22",
                    "locationName": "EDRMUtiltyStorage",
                    "documentVersionId": "{564117D9-72F6-4B59-BE3D-5777AFB80456}",
                    "documentName": "TEST22.txt",
                    "documentType": "CO,FI,FA,SE,AS,PC",
                    "filenetId": "{BEEC1D63-4B24-4A13-A0DA-C0DBAEC64456}",
                    "generated": false,
                    "createdDate": "2019-11-21T00:57:20.108Z",
                    "createdBy": "CSPUsr2",
                    "isOwner": true,
                    "bundledDocuments": null
                },
                {
                    "id": 23,
                    "customerId": "200000137",
                    "externalDocumentTitle": "testing.pdf",
                    "documentComments": "TEST23",
                    "locationName": "EDRMUtiltyStorage",
                    "documentVersionId": "{564117D9-72F6-4B59-BE3D-5777AFB80456}",
                    "documentName": "Test23.txt",
                    "documentType": "CO,FI,FA,SE,AS,PC",
                    "filenetId": "{BEEC1D63-4B24-4A13-A0DA-C0DBAEC64456}",
                    "generated": false,
                    "createdDate": "2019-11-21T00:57:20.108Z",
                    "createdBy": "CSPUsr2",
                    "isOwner": true,
                    "bundledDocuments": null
                },
                {
                    "id": 24,
                    "customerId": "200000137",
                    "externalDocumentTitle": "testing.pdf",
                    "documentComments": "TEST24",
                    "locationName": "EDRMUtiltyStorage",
                    "documentVersionId": "{564117D9-72F6-4B59-BE3D-5777AFB80456}",
                    "documentName": "TEST24.txt",
                    "documentType": "CO,FI,FA,SE,AS,PC",
                    "filenetId": "{BEEC1D63-4B24-4A13-A0DA-C0DBAEC64456}",
                    "generated": false,
                    "createdDate": "2019-11-21T00:57:20.108Z",
                    "createdBy": "CSPUsr2",
                    "isOwner": true,
                    "bundledDocuments": null
                },
                {
                    "id": 25,
                    "customerId": "200000137",
                    "externalDocumentTitle": "testing.pdf",
                    "documentComments": "TEST25",
                    "locationName": "EDRMUtiltyStorage",
                    "documentVersionId": "{564117D9-72F6-4B59-BE3D-5777AFB80456}",
                    "documentName": "Test25.txt",
                    "documentType": "CO,FI,FA,SE,AS,PC",
                    "filenetId": "{BEEC1D63-4B24-4A13-A0DA-C0DBAEC64456}",
                    "generated": false,
                    "createdDate": "2019-11-21T00:57:20.108Z",
                    "createdBy": "CSPUsr2",
                    "isOwner": true,
                    "bundledDocuments": null
                },
                {
                    "id": 26,
                    "customerId": "200000137",
                    "externalDocumentTitle": "testing.pdf",
                    "documentComments": "TEST26",
                    "locationName": "EDRMUtiltyStorage",
                    "documentVersionId": "{564117D9-72F6-4B59-BE3D-5777AFB80456}",
                    "documentName": "TEST26.txt",
                    "documentType": "CO,FI,FA,SE,AS,PC",
                    "filenetId": "{BEEC1D63-4B24-4A13-A0DA-C0DBAEC64456}",
                    "generated": false,
                    "createdDate": "2019-11-21T00:57:20.108Z",
                    "createdBy": "CSPUsr2",
                    "isOwner": true,
                    "bundledDocuments": null
                },
                {
                    "id": 27,
                    "customerId": "200000137",
                    "externalDocumentTitle": "testing.pdf",
                    "documentComments": "TEST27",
                    "locationName": "EDRMUtiltyStorage",
                    "documentVersionId": "{564117D9-72F6-4B59-BE3D-5777AFB80456}",
                    "documentName": "Test27.txt",
                    "documentType": "CO,FI,FA,SE,AS,PC",
                    "filenetId": "{BEEC1D63-4B24-4A13-A0DA-C0DBAEC64456}",
                    "generated": false,
                    "createdDate": "2019-11-21T00:57:20.108Z",
                    "createdBy": "CSPUsr2",
                    "isOwner": true,
                    "bundledDocuments": null
                },
                {
                    "id": 28,
                    "customerId": "200000137",
                    "externalDocumentTitle": "testing.pdf",
                    "documentComments": "TEST18",
                    "locationName": "EDRMUtiltyStorage",
                    "documentVersionId": "{564117D9-72F6-4B59-BE3D-5777AFB80456}",
                    "documentName": "TEST28.txt",
                    "documentType": "CO,FI,FA,SE,AS,PC",
                    "filenetId": "{BEEC1D63-4B24-4A13-A0DA-C0DBAEC64456}",
                    "generated": false,
                    "createdDate": "2019-11-21T00:57:20.108Z",
                    "createdBy": "CSPUsr2",
                    "isOwner": true,
                    "bundledDocuments": null
                },{
                    "id": 29,
                    "customerId": "200000137",
                    "externalDocumentTitle": "testing.pdf",
                    "documentComments": "TEST19",
                    "locationName": "EDRMUtiltyStorage",
                    "documentVersionId": "{564117D9-72F6-4B59-BE3D-5777AFB80456}",
                    "documentName": "Test29.txt",
                    "documentType": "CO,FI,FA,SE,AS,PC",
                    "filenetId": "{BEEC1D63-4B24-4A13-A0DA-C0DBAEC64456}",
                    "generated": false,
                    "createdDate": "2019-11-21T00:57:20.108Z",
                    "createdBy": "CSPUsr2",
                    "isOwner": true,
                    "bundledDocuments": null
                },
                {
                    "id": 30,
                    "customerId": "200000137",
                    "externalDocumentTitle": "testing.pdf",
                    "documentComments": "TEST30",
                    "locationName": "EDRMUtiltyStorage",
                    "documentVersionId": "{564117D9-72F6-4B59-BE3D-5777AFB80456}",
                    "documentName": "TEST30.txt",
                    "documentType": "CO,FI,FA,SE,AS,PC",
                    "filenetId": "{BEEC1D63-4B24-4A13-A0DA-C0DBAEC64456}",
                    "generated": false,
                    "createdDate": "2019-11-21T00:57:20.108Z",
                    "createdBy": "CSPUsr2",
                    "isOwner": true,
                    "bundledDocuments": null
                }
            ]
        },
        {
            "documentTypeCode": "LQ",
            "documentTypeDescription": "Checklists / Executed Documents",
            "documents": [
                {
                    "id": 31,
                    "customerId": "200000137",
                    "externalDocumentTitle": "testing.pdf",
                    "documentComments": "TEST31",
                    "locationName": "EDRMUtiltyStorage",
                    "documentVersionId": "{564117D9-72F6-4B59-BE3D-5777AFB80456}",
                    "documentName": "Test31.txt",
                    "documentType": "CO,FI,FA,SE,AS,PC",
                    "filenetId": "{BEEC1D63-4B24-4A13-A0DA-C0DBAEC64456}",
                    "generated": false,
                    "createdDate": "2019-11-21T00:57:20.108Z",
                    "createdBy": "CSPUsr2",
                    "isOwner": true,
                    "bundledDocuments": null
                },
                {
                    "id": 32,
                    "customerId": "200000137",
                    "externalDocumentTitle": "testing.pdf",
                    "documentComments": "TEST32",
                    "locationName": "EDRMUtiltyStorage",
                    "documentVersionId": "{564117D9-72F6-4B59-BE3D-5777AFB80456}",
                    "documentName": "TEST32.txt",
                    "documentType": "CO,FI,FA,SE,AS,PC",
                    "filenetId": "{BEEC1D63-4B24-4A13-A0DA-C0DBAEC64456}",
                    "generated": false,
                    "createdDate": "2019-11-21T00:57:20.108Z",
                    "createdBy": "CSPUsr2",
                    "isOwner": true,
                    "bundledDocuments": null
                },
                {
                    "id": 33,
                    "customerId": "200000137",
                    "externalDocumentTitle": "testing.pdf",
                    "documentComments": "TEST33",
                    "locationName": "EDRMUtiltyStorage",
                    "documentVersionId": "{564117D9-72F6-4B59-BE3D-5777AFB80456}",
                    "documentName": "Test33.txt",
                    "documentType": "CO,FI,FA,SE,AS,PC",
                    "filenetId": "{BEEC1D63-4B24-4A13-A0DA-C0DBAEC64456}",
                    "generated": false,
                    "createdDate": "2019-11-21T00:57:20.108Z",
                    "createdBy": "CSPUsr2",
                    "isOwner": true,
                    "bundledDocuments": null
                },
                {
                    "id": 34,
                    "customerId": "200000137",
                    "externalDocumentTitle": "testing.pdf",
                    "documentComments": "TEST34",
                    "locationName": "EDRMUtiltyStorage",
                    "documentVersionId": "{564117D9-72F6-4B59-BE3D-5777AFB80456}",
                    "documentName": "TEST34.txt",
                    "documentType": "CO,FI,FA,SE,AS,PC",
                    "filenetId": "{BEEC1D63-4B24-4A13-A0DA-C0DBAEC64456}",
                    "generated": false,
                    "createdDate": "2019-11-21T00:57:20.108Z",
                    "createdBy": "CSPUsr2",
                    "isOwner": true,
                    "bundledDocuments": null
                },
                {
                    "id": 35,
                    "customerId": "200000137",
                    "externalDocumentTitle": "testing.pdf",
                    "documentComments": "TEST35",
                    "locationName": "EDRMUtiltyStorage",
                    "documentVersionId": "{564117D9-72F6-4B59-BE3D-5777AFB80456}",
                    "documentName": "Test35.txt",
                    "documentType": "CO,FI,FA,SE,AS,PC",
                    "filenetId": "{BEEC1D63-4B24-4A13-A0DA-C0DBAEC64456}",
                    "generated": false,
                    "createdDate": "2019-11-21T00:57:20.108Z",
                    "createdBy": "CSPUsr2",
                    "isOwner": true,
                    "bundledDocuments": null
                },
                {
                    "id": 36,
                    "customerId": "200000137",
                    "externalDocumentTitle": "testing.pdf",
                    "documentComments": "TEST36",
                    "locationName": "EDRMUtiltyStorage",
                    "documentVersionId": "{564117D9-72F6-4B59-BE3D-5777AFB80456}",
                    "documentName": "TEST36.txt",
                    "documentType": "CO,FI,FA,SE,AS,PC",
                    "filenetId": "{BEEC1D63-4B24-4A13-A0DA-C0DBAEC64456}",
                    "generated": false,
                    "createdDate": "2019-11-21T00:57:20.108Z",
                    "createdBy": "CSPUsr2",
                    "isOwner": true,
                    "bundledDocuments": null
                },
                {
                    "id": 37,
                    "customerId": "200000137",
                    "externalDocumentTitle": "testing.pdf",
                    "documentComments": "TEST37",
                    "locationName": "EDRMUtiltyStorage",
                    "documentVersionId": "{564117D9-72F6-4B59-BE3D-5777AFB80456}",
                    "documentName": "Test37.txt",
                    "documentType": "CO,FI,FA,SE,AS,PC",
                    "filenetId": "{BEEC1D63-4B24-4A13-A0DA-C0DBAEC64456}",
                    "generated": false,
                    "createdDate": "2019-11-21T00:57:20.108Z",
                    "createdBy": "CSPUsr2",
                    "isOwner": true,
                    "bundledDocuments": null
                },
                {
                    "id": 38,
                    "customerId": "200000137",
                    "externalDocumentTitle": "testing.pdf",
                    "documentComments": "TEST38",
                    "locationName": "EDRMUtiltyStorage",
                    "documentVersionId": "{564117D9-72F6-4B59-BE3D-5777AFB80456}",
                    "documentName": "TEST38.txt",
                    "documentType": "CO,FI,FA,SE,AS,PC",
                    "filenetId": "{BEEC1D63-4B24-4A13-A0DA-C0DBAEC64456}",
                    "generated": false,
                    "createdDate": "2019-11-21T00:57:20.108Z",
                    "createdBy": "CSPUsr2",
                    "isOwner": true,
                    "bundledDocuments": null
                },{
                    "id": 39,
                    "customerId": "200000137",
                    "externalDocumentTitle": "testing.pdf",
                    "documentComments": "TEST39",
                    "locationName": "EDRMUtiltyStorage",
                    "documentVersionId": "{564117D9-72F6-4B59-BE3D-5777AFB80456}",
                    "documentName": "Test39.txt",
                    "documentType": "CO,FI,FA,SE,AS,PC",
                    "filenetId": "{BEEC1D63-4B24-4A13-A0DA-C0DBAEC64456}",
                    "generated": false,
                    "createdDate": "2019-11-21T00:57:20.108Z",
                    "createdBy": "CSPUsr2",
                    "isOwner": true,
                    "bundledDocuments": null
                },
                {
                    "id": 40,
                    "customerId": "200000137",
                    "externalDocumentTitle": "testing.pdf",
                    "documentComments": "TEST40",
                    "locationName": "EDRMUtiltyStorage",
                    "documentVersionId": "{564117D9-72F6-4B59-B3D-5777AFB80456}",
                    "documentName": "TEST40.txt",
                    "documentType": "CO,FI,FA,SE,AS,PC",
                    "filenetId": "{BEEC1D63-4B24-4A13-A0DA-C0DBAEC64456}",
                    "generated": false,
                    "createdDate": "2019-11-21T00:57:20.108Z",
                    "createdBy": "CSPUsr2",
                    "isOwner": true,
                    "bundledDocuments": null
                }
            ]
        },
        {
            "documentTypeCode": "SE",
            "documentTypeDescription": "Securities / Property",
            "documents": [
                {
                    "id": 4,
                    "customerId": "200000137",
                    "externalDocumentTitle": "testing.pdf",
                    "documentComments": "chethanNew",
                    "locationName": "EDRMUtiltyStorage",
                    "documentVersionId": "{564117D9-72F6-4B59-BE3D-5777AFB80456}",
                    "documentName": "testing.pdf",
                    "documentType": "CO,FI,FA,SE,AS,PC",
                    "filenetId": "{BEEC1D63-4B24-4A13-A0DA-C0DBAEC64456}",
                    "generated": false,
                    "createdDate": "2019-11-21T00:57:20.108Z",
                    "createdBy": "CSPUsr2",
                    "isOwner": true,
                    "bundledDocuments": null
                },
                {
                    "id": 41,
                    "customerId": "200000137",
                    "externalDocumentTitle": "testing.pdf",
                    "documentComments": "TEST41",
                    "locationName": "EDRMUtiltyStorage",
                    "documentVersionId": "{564117D9-72F6-4B59-BE3D-5777AFB80456}",
                    "documentName": "Test41.txt",
                    "documentType": "CO,FI,FA,SE,AS,PC",
                    "filenetId": "{BEEC1D63-4B24-4A13-A0DA-C0DBAEC64456}",
                    "generated": false,
                    "createdDate": "2019-11-21T00:57:20.108Z",
                    "createdBy": "CSPUsr2",
                    "isOwner": true,
                    "bundledDocuments": null
                },
                {
                    "id": 42,
                    "customerId": "200000137",
                    "externalDocumentTitle": "testing.pdf",
                    "documentComments": "TEST42",
                    "locationName": "EDRMUtiltyStorage",
                    "documentVersionId": "{564117D9-72F6-4B59-BE3D-5777AFB80456}",
                    "documentName": "TEST42.txt",
                    "documentType": "CO,FI,FA,SE,AS,PC",
                    "filenetId": "{BEEC1D63-4B24-4A13-A0DA-C0DBAEC64456}",
                    "generated": false,
                    "createdDate": "2019-11-21T00:57:20.108Z",
                    "createdBy": "CSPUsr2",
                    "isOwner": true,
                    "bundledDocuments": null
                },
                {
                    "id": 43,
                    "customerId": "200000137",
                    "externalDocumentTitle": "testing.pdf",
                    "documentComments": "TEST43",
                    "locationName": "EDRMUtiltyStorage",
                    "documentVersionId": "{564117D9-72F6-4B59-BE3D-5777AFB80456}",
                    "documentName": "Test43.txt",
                    "documentType": "CO,FI,FA,SE,AS,PC",
                    "filenetId": "{BEEC1D63-4B24-4A13-A0DA-C0DBAEC64456}",
                    "generated": false,
                    "createdDate": "2019-11-21T00:57:20.108Z",
                    "createdBy": "CSPUsr2",
                    "isOwner": true,
                    "bundledDocuments": null
                },
                {
                    "id": 44,
                    "customerId": "200000137",
                    "externalDocumentTitle": "testing.pdf",
                    "documentComments": "TEST44",
                    "locationName": "EDRMUtiltyStorage",
                    "documentVersionId": "{564117D9-72F6-4B59-BE3D-5777AFB80456}",
                    "documentName": "TEST44.txt",
                    "documentType": "CO,FI,FA,SE,AS,PC",
                    "filenetId": "{BEEC1D63-4B24-4A13-A0DA-C0DBAEC64456}",
                    "generated": false,
                    "createdDate": "2019-11-21T00:57:20.108Z",
                    "createdBy": "CSPUsr2",
                    "isOwner": true,
                    "bundledDocuments": null
                },
                {
                    "id": 45,
                    "customerId": "200000137",
                    "externalDocumentTitle": "testing.pdf",
                    "documentComments": "TEST25",
                    "locationName": "EDRMUtiltyStorage",
                    "documentVersionId": "{564117D9-72F6-4B59-BE3D-5777AFB80456}",
                    "documentName": "Test45.txt",
                    "documentType": "CO,FI,FA,SE,AS,PC",
                    "filenetId": "{BEEC1D63-4B24-4A13-A0DA-C0DBAEC64456}",
                    "generated": false,
                    "createdDate": "2019-11-21T00:57:20.108Z",
                    "createdBy": "CSPUsr2",
                    "isOwner": true,
                    "bundledDocuments": null
                },
                {
                    "id": 46,
                    "customerId": "200000137",
                    "externalDocumentTitle": "testing.pdf",
                    "documentComments": "TEST46",
                    "locationName": "EDRMUtiltyStorage",
                    "documentVersionId": "{564117D9-72F6-4B59-BE3D-5777AFB80456}",
                    "documentName": "TEST46.txt",
                    "documentType": "CO,FI,FA,SE,AS,PC",
                    "filenetId": "{BEEC1D63-4B24-4A13-A0DA-C0DBAEC64456}",
                    "generated": false,
                    "createdDate": "2019-11-21T00:57:20.108Z",
                    "createdBy": "CSPUsr2",
                    "isOwner": true,
                    "bundledDocuments": null
                },
                {
                    "id": 47,
                    "customerId": "200000137",
                    "externalDocumentTitle": "testing.pdf",
                    "documentComments": "TEST47",
                    "locationName": "EDRMUtiltyStorage",
                    "documentVersionId": "{564117D9-72F6-4B59-BE3D-5777AFB80456}",
                    "documentName": "Test47.txt",
                    "documentType": "CO,FI,FA,SE,AS,PC",
                    "filenetId": "{BEEC1D63-4B24-4A13-A0DA-C0DBAEC64456}",
                    "generated": false,
                    "createdDate": "2019-11-21T00:57:20.108Z",
                    "createdBy": "CSPUsr2",
                    "isOwner": true,
                    "bundledDocuments": null
                },
                {
                    "id": 48,
                    "customerId": "200000137",
                    "externalDocumentTitle": "testing.pdf",
                    "documentComments": "TEST48",
                    "locationName": "EDRMUtiltyStorage",
                    "documentVersionId": "{564117D9-72F6-4B59-BE3D-5777AFB80456}",
                    "documentName": "TEST48.txt",
                    "documentType": "CO,FI,FA,SE,AS,PC",
                    "filenetId": "{BEEC1D63-4B24-4A13-A0DA-C0DBAEC64456}",
                    "generated": false,
                    "createdDate": "2019-11-21T00:57:20.108Z",
                    "createdBy": "CSPUsr2",
                    "isOwner": true,
                    "bundledDocuments": null
                },{
                    "id": 49,
                    "customerId": "200000137",
                    "externalDocumentTitle": "testing.pdf",
                    "documentComments": "TEST49",
                    "locationName": "EDRMUtiltyStorage",
                    "documentVersionId": "{564117D9-72F6-4B59-BE3D-5777AFB80456}",
                    "documentName": "Test49.txt",
                    "documentType": "CO,FI,FA,SE,AS,PC",
                    "filenetId": "{BEEC1D63-4B24-4A13-A0DA-C0DBAEC64456}",
                    "generated": false,
                    "createdDate": "2019-11-21T00:57:20.108Z",
                    "createdBy": "CSPUsr2",
                    "isOwner": true,
                    "bundledDocuments": null
                },
                {
                    "id": 50,
                    "customerId": "200000137",
                    "externalDocumentTitle": "testing.pdf",
                    "documentComments": "TEST50",
                    "locationName": "EDRMUtiltyStorage",
                    "documentVersionId": "{564117D9-72F6-4B59-BE3D-5777AFB80456}",
                    "documentName": "TEST50.txt",
                    "documentType": "CO,FI,FA,SE,AS,PC",
                    "filenetId": "{BEEC1D63-4B24-4A13-A0DA-C0DBAEC64456}",
                    "generated": false,
                    "createdDate": "2019-11-21T00:57:20.108Z",
                    "createdBy": "CSPUsr2",
                    "isOwner": true,
                    "bundledDocuments": null
                }
            ]
        },
        {
            "documentTypeCode": "AS",
            "documentTypeDescription": "ASIC Report",
            "documents": [
                {
                    "id": 4,
                    "customerId": "200000137",
                    "externalDocumentTitle": "testing.pdf",
                    "documentComments": "chethanNew",
                    "locationName": "EDRMUtiltyStorage",
                    "documentVersionId": "{564117D9-72F6-4B59-BE3D-5777AFB80456}",
                    "documentName": "testing.pdf",
                    "documentType": "CO,FI,FA,SE,AS,PC",
                    "filenetId": "{BEEC1D63-4B24-4A13-A0DA-C0DBAEC64456}",
                    "generated": false,
                    "createdDate": "2019-11-21T00:57:20.108Z",
                    "createdBy": "CSPUsr2",
                    "isOwner": true,
                    "bundledDocuments": null
                }
            ]
        },
        {
            "documentTypeCode": "PC",
            "documentTypeDescription": "Pricing Confirmation / Conditions Precedent",
            "documents": [
                {
                    "id": 4,
                    "customerId": "200000137",
                    "externalDocumentTitle": "testing.pdf",
                    "documentComments": "chethanNew",
                    "locationName": "EDRMUtiltyStorage",
                    "documentVersionId": "{564117D9-72F6-4B59-BE3D-5777AFB80456}",
                    "documentName": "testing.pdf",
                    "documentType": "CO,FI,FA,SE,AS,PC",
                    "filenetId": "{BEEC1D63-4B24-4A13-A0DA-C0DBAEC64456}",
                    "generated": false,
                    "createdDate": "2019-11-21T00:57:20.108Z",
                    "createdBy": "CSPUsr2",
                    "isOwner": true,
                    "bundledDocuments": null
                }
            ]
        },
        {
            "documentTypeCode": "NA",
            "documentTypeDescription": null,
            "documents": []
        }
    ]
}