{
  "resultsReturned": 50,
  "resultsAvailable": 100,
  "results": [
    {
      "capId": "4024958740",
      "businessName": "TTRGHFHKMBB",
      "abn": "51824753556",
      "acn": "",
      "address": "2 GHILGAI ROAD, MERRIMAC, QLD, 4226, AUSTRALIA",
      "verificationStatus": "NO VERIFICATION LEVEL ISSUED",
      "kycStatus": "NO STATUS ISSUED",
      "currentCapTbl": 0
    },
    {
      "capId": "4024955406",
      "businessName": "TRUSTEEDRES",
      "abn": "51824753556",
      "acn": "",
      "address": "3 KOMODO COURT, PARREARRA, QLD, 4575, AUSTRALIA",
      "verificationStatus": "NO VERIFICATION LEVEL ISSUED",
      "kycStatus": "NO STATUS ISSUED",
      "currentCapTbl": 0
    },
    {
      "capId": "4024958465",
      "businessName": "TLKJHLKJH",
      "abn": "51824753556",
      "acn": "",
      "address": "BANGARATTA, 385 FOGDEN ROAD, TALDRA, SA, 5311, AUSTRALIA",
      "verificationStatus": "NO VERIFICATION LEVEL ISSUED",
      "kycStatus": "NO STATUS ISSUED",
      "currentCapTbl": 0
    },
    {
      "capId": "4024882889",
      "businessName": "KASTHURI CAA FTUDTT",
      "abn": "51824753556",
      "acn": "",
      "address": "RIVERSDALE, 333 SEVEN GATES RD, ADAMINABY, NSW, 2629, AUSTRALIA",
      "verificationStatus": "Verified",
      "kycStatus": "Partially Complete",
      "currentCapTbl": 0
    },
    {
      "capId": "4024866467",
      "businessName": "TOY111",
      "abn": "51824753556",
      "acn": "",
      "address": "BEML LAYOUT, 150 STURT ST, STREET, MELBOURNE, VIC, 3000, AUSTRALIA",
      "verificationStatus": "NO VERIFICATION LEVEL ISSUED",
      "kycStatus": "NO STATUS ISSUED",
      "currentCapTbl": 0
    },
    {
      "capId": "4024863703",
      "businessName": "ABC",
      "abn": "51824753556",
      "acn": "",
      "address": "150 STURT ST, MELBOURNE, VIC, 3000, AUSTRALIA",
      "verificationStatus": "NO VERIFICATION LEVEL ISSUED",
      "kycStatus": "NO STATUS ISSUED",
      "currentCapTbl": 0
    },
    {
      "capId": "4024873869",
      "businessName": "CMREXECUTION15",
      "abn": "51824753556",
      "acn": "",
      "address": "55, COLLINS, MELBOURNE, VIC, 3000, AUSTRALIA",
      "verificationStatus": "NO VERIFICATION LEVEL ISSUED",
      "kycStatus": "NO STATUS ISSUED",
      "currentCapTbl": 0
    },
    {
      "capId": "4024866733",
      "businessName": "SIT13TEST01001",
      "abn": "51824753556",
      "acn": "",
      "address": "55, COLLINS, MELBOURNE, VIC, 3000, AUSTRALIA",
      "verificationStatus": "NO VERIFICATION LEVEL ISSUED",
      "kycStatus": "NO STATUS ISSUED",
      "currentCapTbl": 0
    },
    {
      "capId": "4024864541",
      "businessName": "BARRISTHAN SELMY5",
      "abn": "51824753556",
      "acn": "",
      "address": "BEML LAYOUT, 150 STURT ST, STREET, MELBOURNE, VIC, 3000, AUSTRALIA",
      "verificationStatus": "NO VERIFICATION LEVEL ISSUED",
      "kycStatus": "NO STATUS ISSUED",
      "currentCapTbl": 0
    },
    {
      "capId": "4024872655",
      "businessName": "IB4BMANISH3",
      "abn": "51824753556",
      "acn": "",
      "address": "55, COLLINS, MELBOURNE, VIC, 3000, AUSTRALIA",
      "verificationStatus": "NO VERIFICATION LEVEL ISSUED",
      "kycStatus": "NO STATUS ISSUED",
      "currentCapTbl": 0
    },
    {
      "capId": "4024873871",
      "businessName": "CMREXECUTION17",
      "abn": "51824753556",
      "acn": "",
      "address": "55, COLLINS, MELBOURNE, VIC, 3000, AUSTRALIA",
      "verificationStatus": "NO VERIFICATION LEVEL ISSUED",
      "kycStatus": "NO STATUS ISSUED",
      "currentCapTbl": 0
    },
    {
      "capId": "4024863966",
      "businessName": "LOGAN",
      "abn": "51824753556",
      "acn": "",
      "address": "TEST, TESTING, MELBOURNE, VIC, 3000, AUSTRALIA",
      "verificationStatus": "NO VERIFICATION LEVEL ISSUED",
      "kycStatus": "NO STATUS ISSUED",
      "currentCapTbl": 0
    },
    {
      "capId": "4024863625",
      "businessName": "PRIYA YAMMU",
      "abn": "51824753556",
      "acn": "",
      "address": "TEST, TESTING, MELBOURNE, VIC, 3000, AUSTRALIA",
      "verificationStatus": "NO VERIFICATION LEVEL ISSUED",
      "kycStatus": "NO STATUS ISSUED",
      "currentCapTbl": 0
    },
    {
      "capId": "4024873632",
      "businessName": "*FINANCIAL*",
      "abn": "51824753556",
      "acn": "",
      "address": "650 SEVEN GATES ROAD, ADAMINABY, NSW, 2629, AUSTRALIA",
      "verificationStatus": "NO VERIFICATION LEVEL ISSUED",
      "kycStatus": "NO STATUS ISSUED",
      "currentCapTbl": 0
    },
    {
      "capId": "4024953638",
      "businessName": "TEFSGG HSHH",
      "abn": "51824753556",
      "acn": "",
      "address": "3148 ESK KILCOY ROAD, HAZELDEAN, QLD, 4515, AUSTRALIA",
      "verificationStatus": "NO VERIFICATION LEVEL ISSUED",
      "kycStatus": "NO STATUS ISSUED",
      "currentCapTbl": 0
    },
    {
      "capId": "4024866738",
      "businessName": "SIT13TEST01004",
      "abn": "51824753556",
      "acn": "",
      "address": "55, COLLINS, MELBOURNE, VIC, 3000, AUSTRALIA",
      "verificationStatus": "NO VERIFICATION LEVEL ISSUED",
      "kycStatus": "NO STATUS ISSUED",
      "currentCapTbl": 0
    },
    {
      "capId": "4024948490",
      "businessName": "TESKTY LIMITED",
      "abn": "51824753556",
      "acn": "",
      "address": "GMH, 1 BALLARAT ROAD, NORTH GEELONG, VIC, 3215, AUSTRALIA",
      "verificationStatus": "NO VERIFICATION LEVEL ISSUED",
      "kycStatus": "NO STATUS ISSUED",
      "currentCapTbl": 0
    },
    {
      "capId": "4024874968",
      "businessName": "NEWDATA2",
      "abn": "51824753556",
      "acn": "",
      "address": "55, COLLINS, MELBOURNE, VIC, 3000, AUSTRALIA",
      "verificationStatus": "NO VERIFICATION LEVEL ISSUED",
      "kycStatus": "NO STATUS ISSUED",
      "currentCapTbl": 0
    },
    {
      "capId": "4024872654",
      "businessName": "IB4BMANISH2",
      "abn": "51824753556",
      "acn": "",
      "address": "55, COLLINS, MELBOURNE, VIC, 3000, AUSTRALIA",
      "verificationStatus": "NO VERIFICATION LEVEL ISSUED",
      "kycStatus": "NO STATUS ISSUED",
      "currentCapTbl": 0
    },
    {
      "capId": "4024957654",
      "businessName": "TRUSTOKKIMN",
      "abn": "51824753556",
      "acn": "",
      "address": "1A BRIGID BOULEVARD, AUGUSTINE HEIGHTS, QLD, 4300, AUSTRALIA",
      "verificationStatus": "NO VERIFICATION LEVEL ISSUED",
      "kycStatus": "NO STATUS ISSUED",
      "currentCapTbl": 0
    },
    {
      "capId": "4024873590",
      "businessName": "ABHILASHA15",
      "abn": "51824753556",
      "acn": "",
      "address": "55, COLLINS, MELBOURNE, VIC, 3000, AUSTRALIA",
      "verificationStatus": "NO VERIFICATION LEVEL ISSUED",
      "kycStatus": "NO STATUS ISSUED",
      "currentCapTbl": 0
    },
    {
      "capId": "4024869044",
      "businessName": "DONALD DON",
      "abn": "51824753556",
      "acn": "",
      "address": "TEST, MELBOURNE, VIC, 3000, AUSTRALIA",
      "verificationStatus": "NO VERIFICATION LEVEL ISSUED",
      "kycStatus": "NO STATUS ISSUED",
      "currentCapTbl": 0
    },
    {
      "capId": "4024949227",
      "businessName": "TRERU LIMPOP",
      "abn": "51824753556",
      "acn": "",
      "address": "7 ACUBA GROVE, QUAKERS HILL, NSW, 2763, AUSTRALIA",
      "verificationStatus": "NO VERIFICATION LEVEL ISSUED",
      "kycStatus": "NO STATUS ISSUED",
      "currentCapTbl": 0
    },
    {
      "capId": "4024864608",
      "businessName": "BARRISTHAN SELMY26",
      "abn": "51824753556",
      "acn": "",
      "address": "BEML LAYOUT, 150 STURT ST, STREET, MELBOURNE, VIC, 3000, AUSTRALIA",
      "verificationStatus": "NO VERIFICATION LEVEL ISSUED",
      "kycStatus": "NO STATUS ISSUED",
      "currentCapTbl": 0
    },
    {
      "capId": "4024873608",
      "businessName": "ABHILASHA19",
      "abn": "51824753556",
      "acn": "",
      "address": "55, COLLINS, MELBOURNE, VIC, 3000, AUSTRALIA",
      "verificationStatus": "NO VERIFICATION LEVEL ISSUED",
      "kycStatus": "NO STATUS ISSUED",
      "currentCapTbl": 0
    },
    {
      "capId": "4019958145",
      "businessName": "REGIS PAVING PTY LTD",
      "abn": "51824753556",
      "acn": "",
      "address": "48 ALICE ST, TURRAMURRA, NSW, 2074, AUSTRALIA",
      "verificationStatus": "NO VERIFICATION LEVEL ISSUED",
      "kycStatus": "NO STATUS ISSUED",
      "currentCapTbl": 0
    },
    {
      "capId": "4024955958",
      "businessName": "REAL FIGHT CLUB",
      "abn": "51824753556",
      "acn": "",
      "address": "SYDNEY ADVENTIST COLLEGE, 159 ALBERT ROAD, STRATHFIELD, NSW, 2135, AUSTRALIA",
      "verificationStatus": "NO VERIFICATION LEVEL ISSUED",
      "kycStatus": "NO STATUS ISSUED",
      "currentCapTbl": 0
    },
    {
      "capId": "4024863705",
      "businessName": "NPPREGTRAIL3",
      "abn": "51824753556",
      "acn": "",
      "address": "",
      "verificationStatus": "NO VERIFICATION LEVEL ISSUED",
      "kycStatus": "NO STATUS ISSUED",
      "currentCapTbl": 0
    },
    {
      "capId": "4024867675",
      "businessName": "RHEA53",
      "abn": "51824753556",
      "acn": "",
      "address": "BEML LAYOUT, 150 STURT ST, STREET, MELBOURNE, VIC, 3000, AUSTRALIA",
      "verificationStatus": "NO VERIFICATION LEVEL ISSUED",
      "kycStatus": "NO STATUS ISSUED",
      "currentCapTbl": 0
    },
    {
      "capId": "4024867245",
      "businessName": "RHEA27",
      "abn": "51824753556",
      "acn": "",
      "address": "BEML LAYOUT, 150 STURT ST, STREET, MELBOURNE, VIC, 3000, AUSTRALIA",
      "verificationStatus": "NO VERIFICATION LEVEL ISSUED",
      "kycStatus": "NO STATUS ISSUED",
      "currentCapTbl": 0
    },
    {
      "capId": "4024873607",
      "businessName": "ABHILASHA18",
      "abn": "51824753556",
      "acn": "",
      "address": "55, COLLINS, MELBOURNE, VIC, 3000, AUSTRALIA",
      "verificationStatus": "NO VERIFICATION LEVEL ISSUED",
      "kycStatus": "NO STATUS ISSUED",
      "currentCapTbl": 0
    },
    {
      "capId": "4024866679",
      "businessName": "TOY115",
      "abn": "51824753556",
      "acn": "",
      "address": "BEML LAYOUT, 150 STURT ST, STREET, MELBOURNE, VIC, 3000, AUSTRALIA",
      "verificationStatus": "NO VERIFICATION LEVEL ISSUED",
      "kycStatus": "NO STATUS ISSUED",
      "currentCapTbl": 0
    },
    {
      "capId": "4024866717",
      "businessName": "SIT13TEST0189",
      "abn": "51824753556",
      "acn": "",
      "address": "55, COLLINS, MELBOURNE, VIC, 3000, AUSTRALIA",
      "verificationStatus": "NO VERIFICATION LEVEL ISSUED",
      "kycStatus": "NO STATUS ISSUED",
      "currentCapTbl": 0
    },
    {
      "capId": "4024954813",
      "businessName": "TESTER TRUST",
      "abn": "51824753556",
      "acn": "",
      "address": "MELYRA, 210 BALD HILLS ROAD, GRENFELL, NSW, 2810, AUSTRALIA",
      "verificationStatus": "NO VERIFICATION LEVEL ISSUED",
      "kycStatus": "NO STATUS ISSUED",
      "currentCapTbl": 0
    },
    {
      "capId": "4024867295",
      "businessName": "YADAV001",
      "abn": "51824753556",
      "acn": "",
      "address": "BEML LAYOUT, 150 STURT ST, STREET, MELBOURNE, VIC, 3000, AUSTRALIA",
      "verificationStatus": "NO VERIFICATION LEVEL ISSUED",
      "kycStatus": "NO STATUS ISSUED",
      "currentCapTbl": 0
    },
    {
      "capId": "4024863504",
      "businessName": "NPPIB4",
      "abn": "51824753556",
      "acn": "",
      "address": "150 STURT ST, MELBOURNE, VIC, 3000, AUSTRALIA",
      "verificationStatus": "NO VERIFICATION LEVEL ISSUED",
      "kycStatus": "NO STATUS ISSUED",
      "currentCapTbl": 0
    },
    {
      "capId": "4024864637",
      "businessName": "BARRISTHAN SELMY34",
      "abn": "51824753556",
      "acn": "",
      "address": "BEML LAYOUT, 150 STURT ST, STREET, MELBOURNE, VIC, 3000, AUSTRALIA",
      "verificationStatus": "NO VERIFICATION LEVEL ISSUED",
      "kycStatus": "NO STATUS ISSUED",
      "currentCapTbl": 0
    },
    {
      "capId": "4024864629",
      "businessName": "RUSSELL COTCHILLI",
      "abn": "51824753556",
      "acn": "",
      "address": "BEML LAYOUT, 150 STURT ST, STREET, MELBOURNE, VIC, 3000, AUSTRALIA",
      "verificationStatus": "NO VERIFICATION LEVEL ISSUED",
      "kycStatus": "NO STATUS ISSUED",
      "currentCapTbl": 0
    },
    {
      "capId": "4024863478",
      "businessName": "KEERTHI HAPPY UGADI",
      "abn": "51824753556",
      "acn": "",
      "address": "TEST, TESTING, MELBOURNE, VIC, 3000, AUSTRALIA",
      "verificationStatus": "NO VERIFICATION LEVEL ISSUED",
      "kycStatus": "NO STATUS ISSUED",
      "currentCapTbl": 0
    },
    {
      "capId": "4024866845",
      "businessName": "SIT13TEST0102",
      "abn": "51824753556",
      "acn": "",
      "address": "55, COLLINS, MELBOURNE, VIC, 3000, AUSTRALIA",
      "verificationStatus": "NO VERIFICATION LEVEL ISSUED",
      "kycStatus": "NO STATUS ISSUED",
      "currentCapTbl": 0
    },
    {
      "capId": "4024863479",
      "businessName": "TEST 714",
      "abn": "51824753556",
      "acn": "",
      "address": "150 STURT ST, MELBOURNE, VIC, 3000, AUSTRALIA",
      "verificationStatus": "NO VERIFICATION LEVEL ISSUED",
      "kycStatus": "NO STATUS ISSUED",
      "currentCapTbl": 0
    },
    {
      "capId": "4024866493",
      "businessName": "TOY126",
      "abn": "51824753556",
      "acn": "",
      "address": "BEML LAYOUT, 150 STURT ST, STREET, MELBOURNE, VIC, 3000, AUSTRALIA",
      "verificationStatus": "NO VERIFICATION LEVEL ISSUED",
      "kycStatus": "NO STATUS ISSUED",
      "currentCapTbl": 0
    },
    {
      "capId": "4024863774",
      "businessName": "REGBANG18",
      "abn": "51824753556",
      "acn": "",
      "address": "150 STURT ST, MELBOURNE, VIC, 3000, AUSTRALIA",
      "verificationStatus": "NO VERIFICATION LEVEL ISSUED",
      "kycStatus": "NO STATUS ISSUED",
      "currentCapTbl": 0
    },
    {
      "capId": "4024864005",
      "businessName": "TOY18",
      "abn": "51824753556",
      "acn": "",
      "address": "BEML LAYOUT, 150 STURT ST, STREET, MELBOURNE, VIC, 3000, AUSTRALIA",
      "verificationStatus": "NO VERIFICATION LEVEL ISSUED",
      "kycStatus": "NO STATUS ISSUED",
      "currentCapTbl": 0
    },
    {
      "capId": "4024869805",
      "businessName": "HITHA92",
      "abn": "51824753556",
      "acn": "",
      "address": "BEML LAYOUT, 150 STURT ST, STREET, MELBOURNE, VIC, 3000, AUSTRALIA",
      "verificationStatus": "NO VERIFICATION LEVEL ISSUED",
      "kycStatus": "NO STATUS ISSUED",
      "currentCapTbl": 0
    },
    {
      "capId": "4024949213",
      "businessName": "TEFSFS DHDGGH",
      "abn": "51824753556",
      "acn": "",
      "address": "4 WYPERFELD PLACE, BOW BOWING, NSW, 2566, AUSTRALIA",
      "verificationStatus": "NO VERIFICATION LEVEL ISSUED",
      "kycStatus": "NO STATUS ISSUED",
      "currentCapTbl": 0
    },
    {
      "capId": "4024866907",
      "businessName": "SIT13TEST0277",
      "abn": "51824753556",
      "acn": "",
      "address": "55, COLLINS, MELBOURNE, VIC, 3000, AUSTRALIA",
      "verificationStatus": "NO VERIFICATION LEVEL ISSUED",
      "kycStatus": "NO STATUS ISSUED",
      "currentCapTbl": 0
    },
    {
      "capId": "4024866737",
      "businessName": "SIT13TEST01004",
      "abn": "51824753556",
      "acn": "",
      "address": "",
      "verificationStatus": "NO VERIFICATION LEVEL ISSUED",
      "kycStatus": "NO STATUS ISSUED",
      "currentCapTbl": 0
    },
    {
      "capId": "4024864636",
      "businessName": "BARRISTHAN SELMY33",
      "abn": "51824753556",
      "acn": "",
      "address": "BEML LAYOUT, 150 STURT ST, STREET, MELBOURNE, VIC, 3000, AUSTRALIA",
      "verificationStatus": "NO VERIFICATION LEVEL ISSUED",
      "kycStatus": "NO STATUS ISSUED",
      "currentCapTbl": 0
    },
    {
      "capId": "4024866478",
      "businessName": "TOY123",
      "abn": "51824753556",
      "acn": "",
      "address": "BEML LAYOUT, 150 STURT ST, STREET, MELBOURNE, VIC, 3000, AUSTRALIA",
      "verificationStatus": "NO VERIFICATION LEVEL ISSUED",
      "kycStatus": "NO STATUS ISSUED",
      "currentCapTbl": 0
    }
  ]
}