[
	{
	  "anzUser": null,
	  "anzUserContact": null,
	  "applicationId": "1000000001",
	  "applicationType": null,
	  "cpnId": "null",
	  "created": "2019-10-14T06:44:27.092Z",
	  "currentCcr": null,
	  "entityId": "2003066081",
	  "entityName": "Abric Delivery General",
	  "externalSystemApplicationId": null,
	  "finalCcr": null,
	  "finalisationKit": null,
	  "form": "SF",
	  "formDesc": null,
	  "lendingIncrease": 10000,
	  "olaSubmissionReasonCode": null,
	  "oppId": null,
	  "orderAdditionalInfo": null,
	  "owner": false,
	  "reviewDueDate": null,
	  "status": "PENDING_CUSTOMER_LINK",
	  "statusDays": 32,
	  "statusId": null,
	  "statusMessage": null,
	  "wasFormTypeCalculated": false
	},
	{
	  "applicationId": "1000168120",
	  "entityName": "Roemer Security Services",
	  "entityId": "4022691220",
	  "lendingIncrease": 37100,
	  "status": "NEW",
	  "statusDays": 7,
	  "statusId": null,
	  "oppId": "1-2345678 ",
	  "cpnId": "null",
	  "form": "LF",
	  "formDesc": null,
	  "created": "2019-10-30T03:28:20.575Z",
	  "anzUser": "Brodie Grundy",
	  "anzUserContact": null,
	  "finalisationKit": null,
	  "statusMessage": null,
	  "currentCcr": "04",
	  "finalCcr": null,
	  "wasFormTypeCalculated": true,
	  "applicationType": "F",
	  "reviewDueDate": null,
	  "orderAdditionalInfo": null,
	  "owner": true
	},
	{
	  "applicationId": "1000168057",
	  "entityName": "Roemer Security Services",
	  "entityId": "4022691220",
	  "lendingIncrease": 0,
	  "status": "NEW",
	  "statusDays": 7,
	  "statusId": null,
	  "oppId": null,
	  "cpnId": "null",
	  "form": "SF",
	  "formDesc": null,
	  "created": "2019-10-29T22:29:36.187Z",
	  "anzUser": "Brodie Grundy",
	  "anzUserContact": null,
	  "finalisationKit": null,
	  "statusMessage": null,
	  "currentCcr": "04",
	  "finalCcr": null,
	  "wasFormTypeCalculated": false,
	  "applicationType": null,
	  "reviewDueDate": null,
	  "orderAdditionalInfo": null,
	  "owner": true
	},
	{
	  "applicationId": "1000167440",
	  "entityName": "Roemer Security Services",
	  "entityId": "4022691220",
	  "lendingIncrease": 0,
	  "status": "NEW",
	  "statusDays": 16,
	  "statusId": null,
	  "oppId": null,
	  "cpnId": "null",
	  "form": "SF",
	  "formDesc": null,
	  "created": "2019-10-21T04:48:48.138Z",
	  "anzUser": "Brodie Grundy",
	  "anzUserContact": null,
	  "finalisationKit": null,
	  "statusMessage": null,
	  "currentCcr": "04",
	  "finalCcr": null,
	  "wasFormTypeCalculated": false,
	  "applicationType": null,
	  "reviewDueDate": null,
	  "orderAdditionalInfo": null,
	  "owner": true
	},
	{
	  "applicationId": "1000167377",
	  "entityName": "Roemer Security Services",
	  "entityId": "4022691220",
	  "lendingIncrease": 0,
	  "status": "WITHDRAWN",
	  "statusDays": 16,
	  "statusId": null,
	  "oppId": null,
	  "cpnId": "null",
	  "form": "SF",
	  "formDesc": null,
	  "created": "2019-10-21T01:02:04.179Z",
	  "anzUser": "Brodie Grundy",
	  "anzUserContact": null,
	  "finalisationKit": null,
	  "statusMessage": null,
	  "currentCcr": "04",
	  "finalCcr": null,
	  "wasFormTypeCalculated": false,
	  "applicationType": null,
	  "reviewDueDate": null,
	  "orderAdditionalInfo": null,
	  "owner": true
	},
	{
	  "applicationId": "1000167356",
	  "entityName": "Roemer Security Services",
	  "entityId": "4022691220",
	  "lendingIncrease": 0,
	  "status": "NEW",
	  "statusDays": 16,
	  "statusId": null,
	  "oppId": null,
	  "cpnId": "null",
	  "form": "SF",
	  "formDesc": null,
	  "created": "2019-10-21T01:00:50.597Z",
	  "anzUser": "Brodie Grundy",
	  "anzUserContact": null,
	  "finalisationKit": null,
	  "statusMessage": null,
	  "currentCcr": "04",
	  "finalCcr": null,
	  "wasFormTypeCalculated": false,
	  "applicationType": null,
	  "reviewDueDate": null,
	  "orderAdditionalInfo": null,
	  "owner": true
	},
	{
	  "applicationId": "1000167353",
	  "entityName": "Roemer Security Services",
	  "entityId": "4022691220",
	  "lendingIncrease": 0,
	  "status": "NEW",
	  "statusDays": 16,
	  "statusId": null,
	  "oppId": null,
	  "cpnId": "null",
	  "form": "SF",
	  "formDesc": null,
	  "created": "2019-10-21T00:58:36.355Z",
	  "anzUser": "Brodie Grundy",
	  "anzUserContact": null,
	  "finalisationKit": null,
	  "statusMessage": null,
	  "currentCcr": "04",
	  "finalCcr": null,
	  "wasFormTypeCalculated": false,
	  "applicationType": null,
	  "reviewDueDate": null,
	  "orderAdditionalInfo": null,
	  "owner": true
	},
	{
	  "applicationId": "1000167348",
	  "entityName": "Roemer Security Services",
	  "entityId": "4022691220",
	  "lendingIncrease": 0,
	  "status": "NEW",
	  "statusDays": 16,
	  "statusId": null,
	  "oppId": null,
	  "cpnId": "null",
	  "form": "SF",
	  "formDesc": null,
	  "created": "2019-10-21T00:55:54.914Z",
	  "anzUser": "Brodie Grundy",
	  "anzUserContact": null,
	  "finalisationKit": null,
	  "statusMessage": null,
	  "currentCcr": "04",
	  "finalCcr": null,
	  "wasFormTypeCalculated": false,
	  "applicationType": null,
	  "reviewDueDate": null,
	  "orderAdditionalInfo": null,
	  "owner": true
	},
	{
	  "applicationId": "1000167347",
	  "entityName": "Roemer Security Services",
	  "entityId": "4022691220",
	  "lendingIncrease": 0,
	  "status": "PENDING_NEW",
	  "statusDays": 16,
	  "statusId": null,
	  "oppId": null,
	  "cpnId": "null",
	  "form": "SF",
	  "formDesc": null,
	  "created": "2019-10-21T00:54:47.513Z",
	  "anzUser": null,
	  "anzUserContact": null,
	  "finalisationKit": null,
	  "statusMessage": null,
	  "currentCcr": "04",
	  "finalCcr": null,
	  "wasFormTypeCalculated": false,
	  "applicationType": null,
	  "reviewDueDate": null,
	  "orderAdditionalInfo": null,
	  "owner": false
	},
	{
	  "applicationId": "1000167333",
	  "entityName": "Miltraz Pty Ltd",
	  "entityId": "4022691220",
	  "lendingIncrease": 0,
	  "status": "PENDING_NEW",
	  "statusDays": 16,
	  "statusId": null,
	  "oppId": null,
	  "cpnId": "null",
	  "form": "SF",
	  "formDesc": null,
	  "created": "2019-10-21T00:12:31.001Z",
	  "anzUser": null,
	  "anzUserContact": null,
	  "finalisationKit": null,
	  "statusMessage": null,
	  "currentCcr": "04",
	  "finalCcr": null,
	  "wasFormTypeCalculated": false,
	  "applicationType": null,
	  "reviewDueDate": null,
	  "orderAdditionalInfo": null,
	  "owner": false
	},
	{
	  "applicationId": "1000167232",
	  "entityName": "Roemer Security Services",
	  "entityId": "4022691220",
	  "lendingIncrease": 0,
	  "status": "NEW",
	  "statusDays": 19,
	  "statusId": null,
	  "oppId": null,
	  "cpnId": "null",
	  "form": "SF",
	  "formDesc": null,
	  "created": "2019-10-18T02:17:06.196Z",
	  "anzUser": "Brodie Grundy",
	  "anzUserContact": null,
	  "finalisationKit": null,
	  "statusMessage": null,
	  "currentCcr": "04",
	  "finalCcr": null,
	  "wasFormTypeCalculated": false,
	  "applicationType": null,
	  "reviewDueDate": null,
	  "orderAdditionalInfo": null,
	  "owner": true
	},
	{
	  "applicationId": "1000167229",
	  "entityName": "Roemer Security Services",
	  "entityId": "4022691220",
	  "lendingIncrease": 0,
	  "status": "NEW",
	  "statusDays": 19,
	  "statusId": null,
	  "oppId": null,
	  "cpnId": "null",
	  "form": "SF",
	  "formDesc": null,
	  "created": "2019-10-18T02:13:40.246Z",
	  "anzUser": "Brodie Grundy",
	  "anzUserContact": null,
	  "finalisationKit": null,
	  "statusMessage": null,
	  "currentCcr": "04",
	  "finalCcr": null,
	  "wasFormTypeCalculated": false,
	  "applicationType": null,
	  "reviewDueDate": null,
	  "orderAdditionalInfo": null,
	  "owner": true
	},
	{
	  "applicationId": "1000166964",
	  "entityName": "Roemer Security Services",
	  "entityId": "4022691220",
	  "lendingIncrease": 0,
	  "status": "NEW",
	  "statusDays": 22,
	  "statusId": null,
	  "oppId": null,
	  "cpnId": "null",
	  "form": "SF",
	  "formDesc": null,
	  "created": "2019-10-15T04:50:12.639Z",
	  "anzUser": "Brodie Grundy",
	  "anzUserContact": null,
	  "finalisationKit": null,
	  "statusMessage": null,
	  "currentCcr": "04",
	  "finalCcr": null,
	  "wasFormTypeCalculated": false,
	  "applicationType": null,
	  "reviewDueDate": null,
	  "orderAdditionalInfo": null,
	  "owner": true
	}
  ]