{
  "application": {
    "additionalInfoRevision": 3,
    "appHistoryVerification": {
      "hasInflightApplications": false,
      "isAdditionalFinInfoAvailable": true,
      "isAppsTobeContinued": null,
      "lastDrawdownDate": null
    },
    "applicationCreatedDateTime": "2019-01-20T23:00:40.740Z",
    "applicationId": 1100001026,
    "applicationOwner": {
      "firstName": "Adam",
      "lastName": "Treloar",
      "ownerLanId": "CSPUsr2"
    },
    "applicationSource": "CFOLA",
    "applicationStatus": "PENDING_CUSTOMER_LINK",
    "applicationStatusVersion": 96,
    "applicationSubmittedDateTime": null,
    "applicationType": "OLA",
    "applicationVersion": 4,
    "assessmentSummary": null,
    "azReviewDate": null,
    "bankerDeclaration": {
      "isNewBusinessEntityCreated": false,
      "isNewIndividualEntityCreated": false
    },
    "character": null,
    "checklist": [],
    "collateral": null,
    "comments": {
      "commentList": []
    },
    "customerInterviewDate": null,
    "drawdown": null,
    "entities": {
      "associatedParties": [
        {
          "__id": "11",
          "abn": null,
          "abnStatus": null,
          "abnStatusDate": null,
          "acn": null,
          "acnRegistrationDate": null,
          "acnStatus": null,
          "address": "  ",
          "addressVerified": true,
          "asicCfcDate": null,
          "asicCfcUrl": null,
          "asicSearchDate": null,
          "beneficiaryTrustIds": [],
          "businessEntityType": null,
          "businessName": null,
          "consentFlag": true,
          "countryOfCitizenship": "AU",
          "countryOfSecondaryCitizenship": "IN",
          "cpId": null,
          "creditPrivacyConsent": true,
          "crsDetails": null,
          "custStatusFlag": null,
          "customerId": "300000001",
          "dateOfBirth": "1990-07-05",
          "driversLicense": "123ABCDEF",
          "driversLicenseState": "VIC",
          "emailAddress": "bigbusinessidea@smallandbigbusinessworldwide.com.au",
          "entityName": "Sarah Lee",
          "faxNumber": null,
          "firstName": "Sarah",
          "homeNumber": null,
          "isAssociatedPartyBeneficiary": null,
          "isBorrowingEntityTrustee": false,
          "isLegalFinancialAdviceMandatory": null,
          "isPersonBeneficiary": null,
          "kycBranchId": null,
          "kycStatus": null,
          "lastName": "Lee",
          "letterOfOfferName": null,
          "mailingAddress": null,
          "mailingAddressCountry": null,
          "mailingAddressPoBox": null,
          "mailingAddressPostcode": null,
          "mailingAddressPropertyName": null,
          "mailingAddressState": null,
          "mailingAddressStreetName": null,
          "mailingAddressStreetNumber": null,
          "mailingAddressStreetType": null,
          "mailingAddressSuburbTown": null,
          "mailingAddressUnitNumber": null,
          "mailingAddressVerified": null,
          "marriedOrDeFacto": null,
          "marriedTo": null,
          "middleName": "Smith",
          "multipleClgAvailable": null,
          "notes": {
            "capCustomerId": "300000001",
            "countryOfCitizenship": "AU",
            "crsDetails": null,
            "dateOfBirth": "1990-07-05",
            "emailAddress": "bigbusinessidea@smallandbigbusinessworldwide.com.au",
            "firstName": "Sarah",
            "homeNumber": "",
            "lastName": "Lee",
            "mailingAddress": "",
            "middleName": "Smith",
            "mobileNumber": "+6133331234",
            "notesType": "AP",
            "otherCountriesOfCitizenship": "IN",
            "residentialAddress": "DOCKLANDS, VIC, 3008",
            "title": "Miss",
            "udId": "f30299b9-ea14-4d4b-ba8e-bfaf7c768d9e",
            "workNumber": "+6122223333"
          },
          "numberOfDependants": null,
          "partyFromAsic": null,
          "phoneNumber": "+6133331234",
          "phoneType": "M",
          "primarySourceOfIncome": null,
          "providingGuarantee": null,
          "relationshipToBorrowingEntity": "Director",
          "residentialAddressCountry": "AU",
          "residentialAddressPoBox": "",
          "residentialAddressPopulated": true,
          "residentialAddressPostcode": "3008",
          "residentialAddressPropertyName": "",
          "residentialAddressState": "VIC",
          "residentialAddressStreetName": "Collins",
          "residentialAddressStreetNumber": "833",
          "residentialAddressStreetType": "ST",
          "residentialAddressSuburbTown": "DOCKLANDS",
          "residentialAddressUnitNumber": "2p",
          "residentialStatus": null,
          "signatories": [],
          "title": "Miss",
          "trustIds": [],
          "useAsContactPerson": true,
          "verifiedInCap": null,
          "workNumber": "+6122223333"
        }
      ],
      "borrowers": [
        {
          "current": null,
          "proposed": {
            "__id": "2",
            "abn": "36 114 320 811",
            "abnStatus": "ACT",
            "abnStatusDate": "2000-03-24",
            "acn": "114 320 811",
            "acnRegistrationDate": "2010-10-10",
            "acnStatus": "REGD",
            "anzsic": "9526",
            "asicCfcDate": null,
            "asicCfcUrl": null,
            "asicReportDateTime": null,
            "asicSearchDate": null,
            "bankPrimaryAccountHeld": "ANZ",
            "borrowerRelationship": "Borrower",
            "bsbForNewFacilities": "011212",
            "businessCisId": "200000212",
            "businessContact": "XIN PARSONS all",
            "businessEntityType": "08",
            "businessFaxNumber": null,
            "businessName": "Abc Pty Ltd",
            "businessPhoneNumber": "+61599999999",
            "businessPhoneType": "M",
            "clgCpId": "R0609",
            "clgKycBranchId": null,
            "clgName": "Big Butchers Clg",
            "clgNumber": "7200000025",
            "clgPrimaryContactNumber": null,
            "companyStructureVerification": {
              "businessCommencedDate": null,
              "isApplicantOwnershipComplete": true,
              "isCurrentListedDirsIdentified": true,
              "isListedDirectorsStatusCurrent": true,
              "isOwnershipOneYear": true,
              "isSecrataryADirector": true,
              "isSoleTraderIndNameFullyMatched": null,
              "isSoleTraderIndSame": null
            },
            "connectPlusUniqueId": null,
            "cpId": null,
            "crsDetails": [
              {
                "taxResidentCountry": "US",
                "tin": "123456789",
                "tinunavailableExplanation": "Z",
                "tinunavailableReason": "Cannot contact source country"
              }
            ],
            "custStatusFlag": null,
            "customerId": null,
            "customerType": "BUSINESS",
            "dateOfBirth": null,
            "dateTradingCommenced": "2010-10-10",
            "driversLicense": null,
            "driversLicenseState": null,
            "emailAddress": "abc@gmail.com",
            "entityVerification": {
              "companyClass": "Limited by Shares",
              "companySubClass": "Proprietary Company",
              "companyType": "Australian Proprietary Company",
              "gstStatusDate": "2010-10-10",
              "isAcnAbnMatched": true,
              "isAcnBusinessNameMatched": true,
              "isBusinessNameRegistered": true,
              "isGstRegisteredForAbn": true,
              "originatedCountry": "AU"
            },
            "existingCustomer": true,
            "firstName": null,
            "importExport": null,
            "individualCisId": null,
            "individualEntityType": null,
            "individualFaxNumber": null,
            "individualPhoneNumber": null,
            "individualPhoneType": null,
            "investInProperty": false,
            "isBorrowingEntityTrustee": false,
            "isClgCpIdIneligible": false,
            "isDiversifiedCoreActivities": false,
            "isExistingBusiness": false,
            "kycBranchId": null,
            "kycStatus": null,
            "lastName": null,
            "leasePlantMotorVehicle": null,
            "lengthOfRelationshipWithANZ": null,
            "letterOfOfferName": null,
            "mailingAddress": " 1 Low Street, ",
            "mailingAddressCountry": "AU",
            "mailingAddressPoBox": "",
            "mailingAddressPopulated": true,
            "mailingAddressPostcode": "3455",
            "mailingAddressPropertyName": "",
            "mailingAddressState": "VIC",
            "mailingAddressStreetName": "Bay drive",
            "mailingAddressStreetNumber": "833",
            "mailingAddressStreetType": "DR",
            "mailingAddressSuburbTown": "Lithgow",
            "mailingAddressUnitNumber": "11A",
            "mailingAddressVerified": true,
            "marriedOrDeFacto": null,
            "marriedTo": null,
            "middleName": null,
            "moreThan25InOneCustomer": false,
            "moreThan25InOneSupplier": false,
            "multipleClgAvailable": null,
            "natureOfApplication": "06",
            "notes": {
              "abn": "35080895012",
              "acn": "080895012",
              "anzsic": "2852",
              "businessName": "ACG1 PTY LTD",
              "capCustomerId": "200000212",
              "crsDetails": [
                {
                  "taxResidentCountry": "US",
                  "tin": "123456789",
                  "tinunavailableExplanation": "Z",
                  "tinunavailableReason": "Cannot contact source country"
                }
              ],
              "emailAddress": "abc@gmail.com",
              "mailingAddress": "1 Low Street,, Lithgow, VIC, 3455",
              "notesType": "BE",
              "registeredBusinessAddress": "11A/833 Bay drive DR Meadowbank, Meadowbank, NSW, 2114",
              "registeredBusinessAddressVerified": true,
              "residentialAddress": "1 Low Street,, Lithgow, VIC, 3455",
              "taxResidentOutsideOfAustralia": "No",
              "businessContactName": "XIN PARSONS all",
              "businessContactTitle": "The Directors",
              "businessContactNumber": "+61599999999",
              "title": "The Directors",
              "udId": "ebff69cf-74ec-47c7-81a5-6f02c5406ac4"
            },
            "numberOfBeneficiariesShareholders": null,
            "numberOfBorrowingLegalEntities": "1",
            "numberOfDependants": null,
            "numberOfDirectorsPartnersProprietors": "1",
            "numberOfEmployedPeople": null,
            "numberOfKeyPersonnel": null,
            "numberOfLegalBorrowingEntitiesInBusinessGroup": null,
            "numberOfLegalEntitiesWithANZ": null,
            "ownOtherOperatingProperty": null,
            "privacyConsent": null,
            "problemsWithOtherBanksIn12Months": null,
            "purchaseStartupCost": null,
            "registeredAddressPopulated": true,
            "registeredBusinessAddress": "11A/833 Bay drive DR Meadowbank",
            "registeredBusinessAddressCountry": "AU",
            "registeredBusinessAddressPoBox": "",
            "registeredBusinessAddressPostcode": "2114",
            "registeredBusinessAddressPropertyName": "",
            "registeredBusinessAddressState": "NSW",
            "registeredBusinessAddressStreetName": "Bay drive",
            "registeredBusinessAddressStreetNumber": "833",
            "registeredBusinessAddressStreetType": "DR",
            "registeredBusinessAddressSuburbTown": "Meadowbank",
            "registeredBusinessAddressUnitNumber": "11A",
            "residentialAddress": " 1 Low Street, ",
            "residentialAddressCountry": "AU",
            "residentialAddressPoBox": "",
            "residentialAddressPopulated": true,
            "residentialAddressPostcode": "3455",
            "residentialAddressPropertyName": "",
            "residentialAddressState": "VIC",
            "residentialAddressStreetName": "Bay drive",
            "residentialAddressStreetNumber": "833",
            "residentialAddressStreetType": "DR",
            "residentialAddressSuburbTown": "Lithgow",
            "residentialAddressUnitNumber": "11A",
            "residentialAddressVerified": true,
            "residentialStatus": null,
            "rmName": "Jane Brown Abcdefghijklmnopqrstuvwxyzabc",
            "rmPhone": null,
            "sameAsTradingAddress": null,
            "securityIndicator": null,
            "taxResidentOutsideOfAustralia": "A",
            "title": "The Directors",
            "tradingName": null,
            "trustIds": [],
            "trustName": "Abc Pty Ltd",
            "trustType": "08",
            "trusts": null,
            "yearsIndustryExperience": null,
            "yearsManagementExperience": null,
            "yearsSinceLastDiversified": null,
            "yearsWithCurrentBanker": null
          }
        }
      ],
      "trusts": []
    },
    "externalSystemApplicationId": "16894",
    "facilities": {
      "facilityList": [
        {
          "__id": "16",
          "accountRelationship": "SOL",
          "amended": false,
          "borrowerIds": [
            "200000212"
          ],
          "current": null,
          "facilityId": 16,
          "isModified": false,
          "isNew": true,
          "isNonAnzFacility": false,
          "isReadOnly": false,
          "proposed": {
            "accountBsb": null,
            "accountName": null,
            "accountStatus": null,
            "accountType": null,
            "adjustedTbl": 150000.00,
            "amountForRedraw": null,
            "balloonAmount": null,
            "borrowerRelations": null,
            "ccrRating": null,
            "cpid": null,
            "creditFacilityFee": null,
            "creditFacilityFeeCode": null,
            "creditFacilityFeeFrequency": null,
            "currentBalance": null,
            "custProduct": null,
            "daysDelinquent": null,
            "detailsOfFacilityPurpose": null,
            "drawingTermDays": null,
            "establishmentFee": null,
            "facilityAccountNumber": null,
            "facilityExpiryDate": null,
            "facilityPurpose": "01",
            "facilityType": "ABL - Fixed",
            "fixedInterestRate": 14.99,
            "fixedRateTermMonths": 0,
            "fixedRateTermYears": 4,
            "foreignCurrency": null,
            "hasANZBusinessPkg": null,
            "hasExpired": null,
            "hasExpiryDate": null,
            "hasLockRate": false,
            "iGFacilityFeeAmount": null,
            "iGFacilityFeeFrequency": null,
            "iGFacilityFeeLimit": null,
            "iGFeePerBankGuaranteeAmount": null,
            "iGFeePerBankGuaranteeFrequency": null,
            "iGFeePerBankGuaranteeLimit": null,
            "iGType": null,
            "includeInOffer": true,
            "institution": null,
            "interestChargeCycle": "MAR",
            "interestMargin": null,
            "interestOnlyTermMonths": null,
            "interestOnlyTermYears": null,
            "interestPaymentAccountNumber": null,
            "interestRate": 14.99,
            "isBalloonPayment": false,
            "isFullyDrawn": null,
            "isL5CashCovered": null,
            "isOffsetOffered": null,
            "isProductFullyResidentiallySecured": false,
            "isRedrawOption": null,
            "isRevolvingLimit": null,
            "liabilityType": null,
            "limit": 150000.00,
            "limitApprovalFee": null,
            "limitVerified": null,
            "lineManagerApprovalReceived": null,
            "linkedToClg": null,
            "loanAdminCharge": 187.50,
            "loanAdminChargeCode": "K",
            "loanAdminChargeFrequency": "Q",
            "loanApprovalFee": 0.00,
            "lockRate": null,
            "lockRateExpiryDate": null,
            "lockRateFee": null,
            "marginAfterFixedRateTerm": null,
            "openedDate": null,
            "preProcessingChanges": null,
            "productCategory": "ABL",
            "productCode": "ILS",
            "productStatus": "Active",
            "qualifyingNatureOfTheProduct": null,
            "referenceIndex": "HB",
            "referenceIndexRate": null,
            "remainingTermMonths": null,
            "remainingTermYears": null,
            "renewalFee": null,
            "repaymentAmount": 9000.00,
            "repaymentCriteria": null,
            "repaymentFrequency": "M",
            "repaymentNature": "PI",
            "sbosProductCode": "SBOS14",
            "secured": null,
            "sequence": null,
            "subProductCode": "OFB",
            "subProductDescription": null,
            "totalTermMonths": 0,
            "totalTermYears": 4,
            "unappliedFundsBalance": null
          },
          "reasonForNonSelection": null,
          "selectedForApplication": null,
          "selectedGroupId": null
        },
        {
          "__id": "27",
          "accountRelationship": "SOL",
          "amended": false,
          "borrowerIds": [
            "200000212"
          ],
          "current": {
            "accountBsb": null,
            "accountName": null,
            "accountStatus": null,
            "accountType": null,
            "adjustedTbl": null,
            "amountForRedraw": null,
            "balloonAmount": null,
            "borrowerRelations": null,
            "ccrRating": null,
            "cpid": null,
            "creditFacilityFee": null,
            "creditFacilityFeeCode": null,
            "creditFacilityFeeFrequency": null,
            "currentBalance": 1000.00,
            "custProduct": null,
            "daysDelinquent": null,
            "detailsOfFacilityPurpose": null,
            "drawingTermDays": null,
            "establishmentFee": null,
            "facilityAccountNumber": null,
            "facilityExpiryDate": null,
            "facilityPurpose": "01",
            "facilityType": null,
            "fixedInterestRate": null,
            "fixedRateTermMonths": null,
            "fixedRateTermYears": null,
            "foreignCurrency": null,
            "hasANZBusinessPkg": null,
            "hasExpired": null,
            "hasExpiryDate": false,
            "hasLockRate": null,
            "iGFacilityFeeAmount": null,
            "iGFacilityFeeFrequency": null,
            "iGFacilityFeeLimit": null,
            "iGFeePerBankGuaranteeAmount": null,
            "iGFeePerBankGuaranteeFrequency": null,
            "iGFeePerBankGuaranteeLimit": null,
            "iGType": null,
            "includeInOffer": true,
            "institution": "ANZ",
            "interestChargeCycle": null,
            "interestMargin": null,
            "interestOnlyTermMonths": 5,
            "interestOnlyTermYears": 1,
            "interestPaymentAccountNumber": null,
            "interestRate": 14.99,
            "isBalloonPayment": null,
            "isFullyDrawn": null,
            "isL5CashCovered": null,
            "isOffsetOffered": null,
            "isProductFullyResidentiallySecured": null,
            "isRedrawOption": null,
            "isRevolvingLimit": null,
            "liabilityType": "TML",
            "limit": 1000.00,
            "limitApprovalFee": null,
            "limitVerified": null,
            "lineManagerApprovalReceived": null,
            "linkedToClg": null,
            "loanAdminCharge": null,
            "loanAdminChargeCode": null,
            "loanAdminChargeFrequency": null,
            "loanApprovalFee": null,
            "lockRate": null,
            "lockRateExpiryDate": null,
            "lockRateFee": null,
            "marginAfterFixedRateTerm": null,
            "openedDate": null,
            "preProcessingChanges": null,
            "productCategory": "ABL",
            "productCode": null,
            "productStatus": null,
            "qualifyingNatureOfTheProduct": null,
            "referenceIndex": null,
            "referenceIndexRate": null,
            "remainingTermMonths": 11,
            "remainingTermYears": 5,
            "renewalFee": null,
            "repaymentAmount": 500.00,
            "repaymentCriteria": null,
            "repaymentFrequency": "M",
            "repaymentNature": null,
            "sbosProductCode": null,
            "secured": null,
            "sequence": null,
            "subProductCode": null,
            "subProductDescription": null,
            "totalTermMonths": null,
            "totalTermYears": null,
            "unappliedFundsBalance": null
          },
          "facilityId": 27,
          "isModified": false,
          "isNew": false,
          "isNonAnzFacility": false,
          "isReadOnly": false,
          "proposed": null,
          "reasonForNonSelection": null,
          "selectedForApplication": null,
          "selectedGroupId": null
        },
        {
          "__id": "29",
          "accountRelationship": "SOL",
          "amended": false,
          "borrowerIds": [
            "200000212"
          ],
          "current": {
            "accountBsb": null,
            "accountName": null,
            "accountStatus": null,
            "accountType": null,
            "adjustedTbl": null,
            "amountForRedraw": null,
            "balloonAmount": null,
            "borrowerRelations": null,
            "ccrRating": null,
            "cpid": null,
            "creditFacilityFee": null,
            "creditFacilityFeeCode": null,
            "creditFacilityFeeFrequency": null,
            "currentBalance": 1000.00,
            "custProduct": null,
            "daysDelinquent": null,
            "detailsOfFacilityPurpose": null,
            "drawingTermDays": null,
            "establishmentFee": null,
            "facilityAccountNumber": null,
            "facilityExpiryDate": null,
            "facilityPurpose": "01",
            "facilityType": "Term loan",
            "fixedInterestRate": null,
            "fixedRateTermMonths": null,
            "fixedRateTermYears": null,
            "foreignCurrency": null,
            "hasANZBusinessPkg": null,
            "hasExpired": null,
            "hasExpiryDate": false,
            "hasLockRate": null,
            "iGFacilityFeeAmount": null,
            "iGFacilityFeeFrequency": null,
            "iGFacilityFeeLimit": null,
            "iGFeePerBankGuaranteeAmount": null,
            "iGFeePerBankGuaranteeFrequency": null,
            "iGFeePerBankGuaranteeLimit": null,
            "iGType": null,
            "includeInOffer": true,
            "institution": "OTHER",
            "interestChargeCycle": null,
            "interestMargin": null,
            "interestOnlyTermMonths": 5,
            "interestOnlyTermYears": 1,
            "interestPaymentAccountNumber": null,
            "interestRate": 14.99,
            "isBalloonPayment": null,
            "isFullyDrawn": null,
            "isL5CashCovered": null,
            "isOffsetOffered": null,
            "isProductFullyResidentiallySecured": null,
            "isRedrawOption": null,
            "isRevolvingLimit": null,
            "liabilityType": "TML",
            "limit": 1000.00,
            "limitApprovalFee": null,
            "limitVerified": null,
            "lineManagerApprovalReceived": null,
            "linkedToClg": null,
            "loanAdminCharge": null,
            "loanAdminChargeCode": null,
            "loanAdminChargeFrequency": null,
            "loanApprovalFee": null,
            "lockRate": null,
            "lockRateExpiryDate": null,
            "lockRateFee": null,
            "marginAfterFixedRateTerm": null,
            "openedDate": null,
            "preProcessingChanges": null,
            "productCategory": "Non-ANZ Facility",
            "productCode": null,
            "productStatus": null,
            "qualifyingNatureOfTheProduct": null,
            "referenceIndex": null,
            "referenceIndexRate": null,
            "remainingTermMonths": 11,
            "remainingTermYears": 5,
            "renewalFee": null,
            "repaymentAmount": null,
            "repaymentCriteria": null,
            "repaymentFrequency": null,
            "repaymentNature": null,
            "sbosProductCode": "NONANZ03",
            "secured": null,
            "sequence": null,
            "subProductCode": null,
            "subProductDescription": null,
            "totalTermMonths": null,
            "totalTermYears": null,
            "unappliedFundsBalance": null
          },
          "facilityId": 29,
          "isModified": false,
          "isNew": false,
          "isNonAnzFacility": true,
          "isReadOnly": false,
          "proposed": null,
          "reasonForNonSelection": null,
          "selectedForApplication": null,
          "selectedGroupId": null
        },
        {
          "__id": "30",
          "accountRelationship": "SOL",
          "amended": false,
          "borrowerIds": [
            "200000212"
          ],
          "current": {
            "accountBsb": null,
            "accountName": null,
            "accountStatus": null,
            "accountType": null,
            "adjustedTbl": null,
            "amountForRedraw": null,
            "balloonAmount": null,
            "borrowerRelations": null,
            "ccrRating": null,
            "cpid": null,
            "creditFacilityFee": null,
            "creditFacilityFeeCode": null,
            "creditFacilityFeeFrequency": null,
            "currentBalance": 1000.00,
            "custProduct": null,
            "daysDelinquent": null,
            "detailsOfFacilityPurpose": null,
            "drawingTermDays": null,
            "establishmentFee": null,
            "facilityAccountNumber": null,
            "facilityExpiryDate": null,
            "facilityPurpose": "01",
            "facilityType": null,
            "fixedInterestRate": null,
            "fixedRateTermMonths": null,
            "fixedRateTermYears": null,
            "foreignCurrency": null,
            "hasANZBusinessPkg": null,
            "hasExpired": null,
            "hasExpiryDate": false,
            "hasLockRate": null,
            "iGFacilityFeeAmount": null,
            "iGFacilityFeeFrequency": null,
            "iGFacilityFeeLimit": null,
            "iGFeePerBankGuaranteeAmount": null,
            "iGFeePerBankGuaranteeFrequency": null,
            "iGFeePerBankGuaranteeLimit": null,
            "iGType": null,
            "includeInOffer": true,
            "institution": "ANZ",
            "interestChargeCycle": null,
            "interestMargin": null,
            "interestOnlyTermMonths": null,
            "interestOnlyTermYears": null,
            "interestPaymentAccountNumber": null,
            "interestRate": 14.99,
            "isBalloonPayment": null,
            "isFullyDrawn": null,
            "isL5CashCovered": null,
            "isOffsetOffered": null,
            "isProductFullyResidentiallySecured": null,
            "isRedrawOption": null,
            "isRevolvingLimit": null,
            "liabilityType": "OLL",
            "limit": 1000.00,
            "limitApprovalFee": null,
            "limitVerified": null,
            "lineManagerApprovalReceived": null,
            "linkedToClg": null,
            "loanAdminCharge": null,
            "loanAdminChargeCode": null,
            "loanAdminChargeFrequency": null,
            "loanApprovalFee": null,
            "lockRate": null,
            "lockRateExpiryDate": null,
            "lockRateFee": null,
            "marginAfterFixedRateTerm": null,
            "openedDate": null,
            "preProcessingChanges": null,
            "productCategory": "Other",
            "productCode": null,
            "productStatus": null,
            "qualifyingNatureOfTheProduct": null,
            "referenceIndex": null,
            "referenceIndexRate": null,
            "remainingTermMonths": null,
            "remainingTermYears": null,
            "renewalFee": null,
            "repaymentAmount": null,
            "repaymentCriteria": null,
            "repaymentFrequency": null,
            "repaymentNature": null,
            "sbosProductCode": null,
            "secured": null,
            "sequence": null,
            "subProductCode": null,
            "subProductDescription": null,
            "totalTermMonths": null,
            "totalTermYears": null,
            "unappliedFundsBalance": null
          },
          "facilityId": 30,
          "isModified": false,
          "isNew": false,
          "isNonAnzFacility": false,
          "isReadOnly": false,
          "proposed": null,
          "reasonForNonSelection": null,
          "selectedForApplication": null,
          "selectedGroupId": null
        },
        {
          "__id": "31",
          "accountRelationship": "SOL",
          "amended": false,
          "borrowerIds": [
            "200000212"
          ],
          "current": {
            "accountBsb": null,
            "accountName": null,
            "accountStatus": null,
            "accountType": null,
            "adjustedTbl": null,
            "amountForRedraw": null,
            "balloonAmount": null,
            "borrowerRelations": null,
            "ccrRating": null,
            "cpid": null,
            "creditFacilityFee": null,
            "creditFacilityFeeCode": null,
            "creditFacilityFeeFrequency": null,
            "currentBalance": 1000.00,
            "custProduct": null,
            "daysDelinquent": null,
            "detailsOfFacilityPurpose": null,
            "drawingTermDays": null,
            "establishmentFee": null,
            "facilityAccountNumber": null,
            "facilityExpiryDate": null,
            "facilityPurpose": "01",
            "facilityType": "Other",
            "fixedInterestRate": null,
            "fixedRateTermMonths": null,
            "fixedRateTermYears": null,
            "foreignCurrency": null,
            "hasANZBusinessPkg": null,
            "hasExpired": null,
            "hasExpiryDate": false,
            "hasLockRate": null,
            "iGFacilityFeeAmount": null,
            "iGFacilityFeeFrequency": null,
            "iGFacilityFeeLimit": null,
            "iGFeePerBankGuaranteeAmount": null,
            "iGFeePerBankGuaranteeFrequency": null,
            "iGFeePerBankGuaranteeLimit": null,
            "iGType": null,
            "includeInOffer": true,
            "institution": "OTHER",
            "interestChargeCycle": null,
            "interestMargin": null,
            "interestOnlyTermMonths": null,
            "interestOnlyTermYears": null,
            "interestPaymentAccountNumber": null,
            "interestRate": 14.99,
            "isBalloonPayment": null,
            "isFullyDrawn": null,
            "isL5CashCovered": null,
            "isOffsetOffered": null,
            "isProductFullyResidentiallySecured": null,
            "isRedrawOption": null,
            "isRevolvingLimit": null,
            "liabilityType": "OLL",
            "limit": 1000.00,
            "limitApprovalFee": null,
            "limitVerified": null,
            "lineManagerApprovalReceived": null,
            "linkedToClg": null,
            "loanAdminCharge": null,
            "loanAdminChargeCode": null,
            "loanAdminChargeFrequency": null,
            "loanApprovalFee": null,
            "lockRate": null,
            "lockRateExpiryDate": null,
            "lockRateFee": null,
            "marginAfterFixedRateTerm": null,
            "openedDate": null,
            "preProcessingChanges": null,
            "productCategory": "Non-ANZ Facility",
            "productCode": null,
            "productStatus": null,
            "qualifyingNatureOfTheProduct": null,
            "referenceIndex": null,
            "referenceIndexRate": null,
            "remainingTermMonths": null,
            "remainingTermYears": null,
            "renewalFee": null,
            "repaymentAmount": null,
            "repaymentCriteria": null,
            "repaymentFrequency": null,
            "repaymentNature": null,
            "sbosProductCode": "NONANZ04",
            "secured": null,
            "sequence": null,
            "subProductCode": null,
            "subProductDescription": null,
            "totalTermMonths": null,
            "totalTermYears": null,
            "unappliedFundsBalance": null
          },
          "facilityId": 31,
          "isModified": false,
          "isNew": false,
          "isNonAnzFacility": true,
          "isReadOnly": false,
          "proposed": null,
          "reasonForNonSelection": null,
          "selectedForApplication": null,
          "selectedGroupId": null
        },
        {
          "__id": "32",
          "accountRelationship": "SOL",
          "amended": false,
          "borrowerIds": [
            "200000212"
          ],
          "current": {
            "accountBsb": null,
            "accountName": null,
            "accountStatus": null,
            "accountType": null,
            "adjustedTbl": null,
            "amountForRedraw": null,
            "balloonAmount": null,
            "borrowerRelations": null,
            "ccrRating": null,
            "cpid": null,
            "creditFacilityFee": null,
            "creditFacilityFeeCode": null,
            "creditFacilityFeeFrequency": null,
            "currentBalance": 1000.00,
            "custProduct": null,
            "daysDelinquent": null,
            "detailsOfFacilityPurpose": null,
            "drawingTermDays": null,
            "establishmentFee": null,
            "facilityAccountNumber": null,
            "facilityExpiryDate": null,
            "facilityPurpose": "01",
            "facilityType": null,
            "fixedInterestRate": null,
            "fixedRateTermMonths": null,
            "fixedRateTermYears": null,
            "foreignCurrency": null,
            "hasANZBusinessPkg": null,
            "hasExpired": null,
            "hasExpiryDate": false,
            "hasLockRate": null,
            "iGFacilityFeeAmount": null,
            "iGFacilityFeeFrequency": null,
            "iGFacilityFeeLimit": null,
            "iGFeePerBankGuaranteeAmount": null,
            "iGFeePerBankGuaranteeFrequency": null,
            "iGFeePerBankGuaranteeLimit": null,
            "iGType": null,
            "includeInOffer": true,
            "institution": "ANZ",
            "interestChargeCycle": null,
            "interestMargin": null,
            "interestOnlyTermMonths": null,
            "interestOnlyTermYears": null,
            "interestPaymentAccountNumber": null,
            "interestRate": 14.99,
            "isBalloonPayment": null,
            "isFullyDrawn": null,
            "isL5CashCovered": null,
            "isOffsetOffered": null,
            "isProductFullyResidentiallySecured": null,
            "isRedrawOption": null,
            "isRevolvingLimit": null,
            "liabilityType": "OD",
            "limit": 1000.00,
            "limitApprovalFee": null,
            "limitVerified": null,
            "lineManagerApprovalReceived": null,
            "linkedToClg": null,
            "loanAdminCharge": null,
            "loanAdminChargeCode": null,
            "loanAdminChargeFrequency": null,
            "loanApprovalFee": null,
            "lockRate": null,
            "lockRateExpiryDate": null,
            "lockRateFee": null,
            "marginAfterFixedRateTerm": null,
            "openedDate": null,
            "preProcessingChanges": null,
            "productCategory": "Working Capital",
            "productCode": null,
            "productStatus": null,
            "qualifyingNatureOfTheProduct": null,
            "referenceIndex": null,
            "referenceIndexRate": null,
            "remainingTermMonths": null,
            "remainingTermYears": null,
            "renewalFee": null,
            "repaymentAmount": null,
            "repaymentCriteria": null,
            "repaymentFrequency": null,
            "repaymentNature": null,
            "sbosProductCode": null,
            "secured": null,
            "sequence": null,
            "subProductCode": null,
            "subProductDescription": null,
            "totalTermMonths": null,
            "totalTermYears": null,
            "unappliedFundsBalance": null
          },
          "facilityId": 32,
          "isModified": false,
          "isNew": false,
          "isNonAnzFacility": false,
          "isReadOnly": false,
          "proposed": null,
          "reasonForNonSelection": null,
          "selectedForApplication": null,
          "selectedGroupId": null
        },
        {
          "__id": "20",
          "accountRelationship": "SOL",
          "amended": false,
          "borrowerIds": [
            "200000212"
          ],
          "current": {
            "accountBsb": null,
            "accountName": null,
            "accountStatus": null,
            "accountType": null,
            "adjustedTbl": null,
            "amountForRedraw": null,
            "balloonAmount": null,
            "borrowerRelations": null,
            "ccrRating": null,
            "cpid": null,
            "creditFacilityFee": null,
            "creditFacilityFeeCode": null,
            "creditFacilityFeeFrequency": null,
            "currentBalance": null,
            "custProduct": null,
            "daysDelinquent": null,
            "detailsOfFacilityPurpose": null,
            "drawingTermDays": null,
            "establishmentFee": null,
            "facilityAccountNumber": null,
            "facilityExpiryDate": null,
            "facilityPurpose": "01",
            "facilityType": "Overdraft",
            "fixedInterestRate": null,
            "fixedRateTermMonths": null,
            "fixedRateTermYears": null,
            "foreignCurrency": null,
            "hasANZBusinessPkg": null,
            "hasExpired": null,
            "hasExpiryDate": false,
            "hasLockRate": null,
            "iGFacilityFeeAmount": null,
            "iGFacilityFeeFrequency": null,
            "iGFacilityFeeLimit": null,
            "iGFeePerBankGuaranteeAmount": null,
            "iGFeePerBankGuaranteeFrequency": null,
            "iGFeePerBankGuaranteeLimit": null,
            "iGType": null,
            "includeInOffer": true,
            "institution": "OTHER",
            "interestChargeCycle": null,
            "interestMargin": null,
            "interestOnlyTermMonths": null,
            "interestOnlyTermYears": null,
            "interestPaymentAccountNumber": null,
            "interestRate": 14.99,
            "isBalloonPayment": null,
            "isFullyDrawn": null,
            "isL5CashCovered": null,
            "isOffsetOffered": null,
            "isProductFullyResidentiallySecured": null,
            "isRedrawOption": null,
            "isRevolvingLimit": null,
            "liabilityType": "OD",
            "limit": 1000.00,
            "limitApprovalFee": null,
            "limitVerified": null,
            "lineManagerApprovalReceived": null,
            "linkedToClg": null,
            "loanAdminCharge": null,
            "loanAdminChargeCode": null,
            "loanAdminChargeFrequency": null,
            "loanApprovalFee": null,
            "lockRate": null,
            "lockRateExpiryDate": null,
            "lockRateFee": null,
            "marginAfterFixedRateTerm": null,
            "openedDate": null,
            "preProcessingChanges": null,
            "productCategory": "Non-ANZ Facility",
            "productCode": null,
            "productStatus": null,
            "qualifyingNatureOfTheProduct": null,
            "referenceIndex": null,
            "referenceIndexRate": null,
            "remainingTermMonths": null,
            "remainingTermYears": null,
            "renewalFee": null,
            "repaymentAmount": null,
            "repaymentCriteria": null,
            "repaymentFrequency": null,
            "repaymentNature": null,
            "sbosProductCode": "NONANZ11",
            "secured": null,
            "sequence": null,
            "subProductCode": null,
            "subProductDescription": null,
            "totalTermMonths": null,
            "totalTermYears": null,
            "unappliedFundsBalance": null
          },
          "facilityId": 20,
          "isModified": false,
          "isNew": false,
          "isNonAnzFacility": true,
          "isReadOnly": false,
          "proposed": null,
          "reasonForNonSelection": null,
          "selectedForApplication": null,
          "selectedGroupId": null
        },
        {
          "__id": "21",
          "accountRelationship": "SOL",
          "amended": false,
          "borrowerIds": [
            "200000212"
          ],
          "current": {
            "accountBsb": null,
            "accountName": null,
            "accountStatus": null,
            "accountType": null,
            "adjustedTbl": null,
            "amountForRedraw": null,
            "balloonAmount": null,
            "borrowerRelations": null,
            "ccrRating": null,
            "cpid": null,
            "creditFacilityFee": null,
            "creditFacilityFeeCode": null,
            "creditFacilityFeeFrequency": null,
            "currentBalance": 1000.00,
            "custProduct": null,
            "daysDelinquent": null,
            "detailsOfFacilityPurpose": null,
            "drawingTermDays": null,
            "establishmentFee": null,
            "facilityAccountNumber": null,
            "facilityExpiryDate": null,
            "facilityPurpose": "01",
            "facilityType": null,
            "fixedInterestRate": null,
            "fixedRateTermMonths": null,
            "fixedRateTermYears": null,
            "foreignCurrency": null,
            "hasANZBusinessPkg": null,
            "hasExpired": null,
            "hasExpiryDate": false,
            "hasLockRate": null,
            "iGFacilityFeeAmount": null,
            "iGFacilityFeeFrequency": null,
            "iGFacilityFeeLimit": null,
            "iGFeePerBankGuaranteeAmount": null,
            "iGFeePerBankGuaranteeFrequency": null,
            "iGFeePerBankGuaranteeLimit": null,
            "iGType": null,
            "includeInOffer": true,
            "institution": "ANZ",
            "interestChargeCycle": null,
            "interestMargin": null,
            "interestOnlyTermMonths": null,
            "interestOnlyTermYears": null,
            "interestPaymentAccountNumber": null,
            "interestRate": 14.99,
            "isBalloonPayment": null,
            "isFullyDrawn": null,
            "isL5CashCovered": null,
            "isOffsetOffered": null,
            "isProductFullyResidentiallySecured": null,
            "isRedrawOption": null,
            "isRevolvingLimit": null,
            "liabilityType": "CC",
            "limit": 1000.00,
            "limitApprovalFee": null,
            "limitVerified": null,
            "lineManagerApprovalReceived": null,
            "linkedToClg": null,
            "loanAdminCharge": null,
            "loanAdminChargeCode": null,
            "loanAdminChargeFrequency": null,
            "loanApprovalFee": null,
            "lockRate": null,
            "lockRateExpiryDate": null,
            "lockRateFee": null,
            "marginAfterFixedRateTerm": null,
            "openedDate": null,
            "preProcessingChanges": null,
            "productCategory": "Credit Card",
            "productCode": null,
            "productStatus": null,
            "qualifyingNatureOfTheProduct": null,
            "referenceIndex": null,
            "referenceIndexRate": null,
            "remainingTermMonths": null,
            "remainingTermYears": null,
            "renewalFee": null,
            "repaymentAmount": null,
            "repaymentCriteria": null,
            "repaymentFrequency": null,
            "repaymentNature": null,
            "sbosProductCode": null,
            "secured": null,
            "sequence": null,
            "subProductCode": null,
            "subProductDescription": null,
            "totalTermMonths": null,
            "totalTermYears": null,
            "unappliedFundsBalance": null
          },
          "facilityId": 21,
          "isModified": false,
          "isNew": false,
          "isNonAnzFacility": false,
          "isReadOnly": false,
          "proposed": null,
          "reasonForNonSelection": null,
          "selectedForApplication": null,
          "selectedGroupId": null
        },
        {
          "__id": "22",
          "accountRelationship": "SOL",
          "amended": false,
          "borrowerIds": [
            "200000212"
          ],
          "current": {
            "accountBsb": null,
            "accountName": null,
            "accountStatus": null,
            "accountType": null,
            "adjustedTbl": null,
            "amountForRedraw": null,
            "balloonAmount": null,
            "borrowerRelations": null,
            "ccrRating": null,
            "cpid": null,
            "creditFacilityFee": null,
            "creditFacilityFeeCode": null,
            "creditFacilityFeeFrequency": null,
            "currentBalance": null,
            "custProduct": null,
            "daysDelinquent": null,
            "detailsOfFacilityPurpose": null,
            "drawingTermDays": null,
            "establishmentFee": null,
            "facilityAccountNumber": null,
            "facilityExpiryDate": null,
            "facilityPurpose": "01",
            "facilityType": "Credit card",
            "fixedInterestRate": null,
            "fixedRateTermMonths": null,
            "fixedRateTermYears": null,
            "foreignCurrency": null,
            "hasANZBusinessPkg": null,
            "hasExpired": null,
            "hasExpiryDate": false,
            "hasLockRate": null,
            "iGFacilityFeeAmount": null,
            "iGFacilityFeeFrequency": null,
            "iGFacilityFeeLimit": null,
            "iGFeePerBankGuaranteeAmount": null,
            "iGFeePerBankGuaranteeFrequency": null,
            "iGFeePerBankGuaranteeLimit": null,
            "iGType": null,
            "includeInOffer": true,
            "institution": "OTHER",
            "interestChargeCycle": null,
            "interestMargin": null,
            "interestOnlyTermMonths": null,
            "interestOnlyTermYears": null,
            "interestPaymentAccountNumber": null,
            "interestRate": 14.99,
            "isBalloonPayment": null,
            "isFullyDrawn": null,
            "isL5CashCovered": null,
            "isOffsetOffered": null,
            "isProductFullyResidentiallySecured": null,
            "isRedrawOption": null,
            "isRevolvingLimit": null,
            "liabilityType": "CC",
            "limit": 1000.00,
            "limitApprovalFee": null,
            "limitVerified": null,
            "lineManagerApprovalReceived": null,
            "linkedToClg": null,
            "loanAdminCharge": null,
            "loanAdminChargeCode": null,
            "loanAdminChargeFrequency": null,
            "loanApprovalFee": null,
            "lockRate": null,
            "lockRateExpiryDate": null,
            "lockRateFee": null,
            "marginAfterFixedRateTerm": null,
            "openedDate": null,
            "preProcessingChanges": null,
            "productCategory": "Non-ANZ Facility",
            "productCode": null,
            "productStatus": null,
            "qualifyingNatureOfTheProduct": null,
            "referenceIndex": null,
            "referenceIndexRate": null,
            "remainingTermMonths": null,
            "remainingTermYears": null,
            "renewalFee": null,
            "repaymentAmount": null,
            "repaymentCriteria": null,
            "repaymentFrequency": null,
            "repaymentNature": null,
            "sbosProductCode": "NONANZ09",
            "secured": null,
            "sequence": null,
            "subProductCode": null,
            "subProductDescription": null,
            "totalTermMonths": null,
            "totalTermYears": null,
            "unappliedFundsBalance": null
          },
          "facilityId": 22,
          "isModified": false,
          "isNew": false,
          "isNonAnzFacility": true,
          "isReadOnly": false,
          "proposed": null,
          "reasonForNonSelection": null,
          "selectedForApplication": null,
          "selectedGroupId": null
        },
        {
          "__id": "23",
          "accountRelationship": "SOL",
          "amended": false,
          "borrowerIds": [
            "200000212"
          ],
          "current": {
            "accountBsb": null,
            "accountName": null,
            "accountStatus": null,
            "accountType": null,
            "adjustedTbl": null,
            "amountForRedraw": null,
            "balloonAmount": null,
            "borrowerRelations": null,
            "ccrRating": null,
            "cpid": null,
            "creditFacilityFee": null,
            "creditFacilityFeeCode": null,
            "creditFacilityFeeFrequency": null,
            "currentBalance": 1000.00,
            "custProduct": null,
            "daysDelinquent": null,
            "detailsOfFacilityPurpose": null,
            "drawingTermDays": null,
            "establishmentFee": null,
            "facilityAccountNumber": null,
            "facilityExpiryDate": null,
            "facilityPurpose": "01",
            "facilityType": "Lease/Hire purchase",
            "fixedInterestRate": null,
            "fixedRateTermMonths": null,
            "fixedRateTermYears": null,
            "foreignCurrency": null,
            "hasANZBusinessPkg": null,
            "hasExpired": null,
            "hasExpiryDate": false,
            "hasLockRate": null,
            "iGFacilityFeeAmount": null,
            "iGFacilityFeeFrequency": null,
            "iGFacilityFeeLimit": null,
            "iGFeePerBankGuaranteeAmount": null,
            "iGFeePerBankGuaranteeFrequency": null,
            "iGFeePerBankGuaranteeLimit": null,
            "iGType": null,
            "includeInOffer": true,
            "institution": "OTHER",
            "interestChargeCycle": null,
            "interestMargin": null,
            "interestOnlyTermMonths": null,
            "interestOnlyTermYears": null,
            "interestPaymentAccountNumber": null,
            "interestRate": null,
            "isBalloonPayment": null,
            "isFullyDrawn": null,
            "isL5CashCovered": null,
            "isOffsetOffered": null,
            "isProductFullyResidentiallySecured": null,
            "isRedrawOption": null,
            "isRevolvingLimit": null,
            "liabilityType": "LEH",
            "limit": 1000.00,
            "limitApprovalFee": null,
            "limitVerified": null,
            "lineManagerApprovalReceived": null,
            "linkedToClg": null,
            "loanAdminCharge": null,
            "loanAdminChargeCode": null,
            "loanAdminChargeFrequency": null,
            "loanApprovalFee": null,
            "lockRate": null,
            "lockRateExpiryDate": null,
            "lockRateFee": null,
            "marginAfterFixedRateTerm": null,
            "openedDate": null,
            "preProcessingChanges": null,
            "productCategory": "Non-ANZ Facility",
            "productCode": null,
            "productStatus": null,
            "qualifyingNatureOfTheProduct": null,
            "referenceIndex": null,
            "referenceIndexRate": null,
            "remainingTermMonths": 11,
            "remainingTermYears": 1,
            "renewalFee": null,
            "repaymentAmount": 500.00,
            "repaymentCriteria": null,
            "repaymentFrequency": "M",
            "repaymentNature": null,
            "sbosProductCode": "NONANZ01",
            "secured": null,
            "sequence": null,
            "subProductCode": null,
            "subProductDescription": null,
            "totalTermMonths": null,
            "totalTermYears": null,
            "unappliedFundsBalance": null
          },
          "facilityId": 23,
          "isModified": false,
          "isNew": false,
          "isNonAnzFacility": true,
          "isReadOnly": false,
          "proposed": null,
          "reasonForNonSelection": null,
          "selectedForApplication": null,
          "selectedGroupId": null
        },
        {
          "__id": "25",
          "accountRelationship": "SOL",
          "amended": false,
          "borrowerIds": [
            "200000212"
          ],
          "current": {
            "accountBsb": null,
            "accountName": null,
            "accountStatus": null,
            "accountType": null,
            "adjustedTbl": null,
            "amountForRedraw": null,
            "balloonAmount": null,
            "borrowerRelations": null,
            "ccrRating": null,
            "cpid": null,
            "creditFacilityFee": null,
            "creditFacilityFeeCode": null,
            "creditFacilityFeeFrequency": null,
            "currentBalance": 1000.00,
            "custProduct": null,
            "daysDelinquent": null,
            "detailsOfFacilityPurpose": null,
            "drawingTermDays": null,
            "establishmentFee": null,
            "facilityAccountNumber": null,
            "facilityExpiryDate": null,
            "facilityPurpose": "01",
            "facilityType": "Lease/Hire purchase",
            "fixedInterestRate": null,
            "fixedRateTermMonths": null,
            "fixedRateTermYears": null,
            "foreignCurrency": null,
            "hasANZBusinessPkg": null,
            "hasExpired": null,
            "hasExpiryDate": false,
            "hasLockRate": null,
            "iGFacilityFeeAmount": null,
            "iGFacilityFeeFrequency": null,
            "iGFacilityFeeLimit": null,
            "iGFeePerBankGuaranteeAmount": null,
            "iGFeePerBankGuaranteeFrequency": null,
            "iGFeePerBankGuaranteeLimit": null,
            "iGType": null,
            "includeInOffer": true,
            "institution": "OTHER",
            "interestChargeCycle": null,
            "interestMargin": null,
            "interestOnlyTermMonths": null,
            "interestOnlyTermYears": null,
            "interestPaymentAccountNumber": null,
            "interestRate": null,
            "isBalloonPayment": null,
            "isFullyDrawn": null,
            "isL5CashCovered": null,
            "isOffsetOffered": null,
            "isProductFullyResidentiallySecured": null,
            "isRedrawOption": null,
            "isRevolvingLimit": null,
            "liabilityType": "LEH",
            "limit": 1000.00,
            "limitApprovalFee": null,
            "limitVerified": null,
            "lineManagerApprovalReceived": null,
            "linkedToClg": null,
            "loanAdminCharge": null,
            "loanAdminChargeCode": null,
            "loanAdminChargeFrequency": null,
            "loanApprovalFee": null,
            "lockRate": null,
            "lockRateExpiryDate": null,
            "lockRateFee": null,
            "marginAfterFixedRateTerm": null,
            "openedDate": null,
            "preProcessingChanges": null,
            "productCategory": "Non-ANZ Facility",
            "productCode": null,
            "productStatus": null,
            "qualifyingNatureOfTheProduct": null,
            "referenceIndex": null,
            "referenceIndexRate": null,
            "remainingTermMonths": 2,
            "remainingTermYears": 1,
            "renewalFee": null,
            "repaymentAmount": 500.00,
            "repaymentCriteria": null,
            "repaymentFrequency": "F",
            "repaymentNature": null,
            "sbosProductCode": "NONANZ01",
            "secured": null,
            "sequence": null,
            "subProductCode": null,
            "subProductDescription": null,
            "totalTermMonths": null,
            "totalTermYears": null,
            "unappliedFundsBalance": null
          },
          "facilityId": 25,
          "isModified": false,
          "isNew": false,
          "isNonAnzFacility": true,
          "isReadOnly": false,
          "proposed": null,
          "reasonForNonSelection": null,
          "selectedForApplication": null,
          "selectedGroupId": null
        }
      ],
      "preProcessingNotes": null
    },
    "facilityVerification": {
      "isSecAgnstActivFacility": true,
      "isTotAblAboveLimit": true,
      "isTotODAboveLimit": false
    },
    "formType": {
      "anzsicCode": "9526",
      "areAllCrossCollateralisedSecurities": null,
      "completedApplications": [
        {
          "adjustedTbl": 0,
          "amountRequested": 1000000.9,
          "applicationId": "1000000034",
          "applicationType": "SF",
          "customerId": "200000212",
          "entityName": "Abc Pty Ltd",
          "formType": "SF",
          "status": "PENDING_WITHDRAWN",
          "submittedDate": null,
          "submitterName": "Adam Treloar"
        },
        {
          "adjustedTbl": 0,
          "amountRequested": 1000000.9,
          "applicationId": "1000000012",
          "applicationType": "SF",
          "customerId": "200000212",
          "entityName": "Abc Pty Ltd",
          "formType": "SF",
          "status": "PENDING_WITHDRAWN",
          "submittedDate": null,
          "submitterName": "Adam Treloar"
        }
      ],
      "currentAnzsicCode": null,
      "hasDualApplication": null,
      "inFlightApplications": [],
      "riskQuestions": {
        "amountOutstanding": null,
        "exceptionComment": null,
        "exceptionalCircumstances": false,
        "fullYears": "1",
        "hasBeenTradingOneFullYear": true,
        "hasDirectorGuarantee": true,
        "isAccredited": false,
        "isConstruction": false,
        "isForBusinessInvestment": true,
        "isOwnershipOneYear": true,
        "lastDrawdownDate": null,
        "multipleFinclsAttached": null,
        "requireLegalAdvice": false,
        "riskGradeReview": null,
        "secFacilities": "N",
        "taxationOutstanding": false
      },
      "type": {
        "areSecuredLendingRequirementsMet": null,
        "formTypeDescription": null,
        "value": "OLA"
      }
    },
    "indicativeSettlementDate": null,
    "ineligibilityReason": [],
    "isAssigned": false,
    "isCTSCalculated": false,
    "isCapacityUnlocked": false,
    "isFormTypeCalculated": false,
    "isOwner": false,
    "isQuoteGenerated": false,
    "isReferredByBanker": true,
    "lastCalculatedCTSResult": null,
    "olacustContactRequest": null,
    "olasubmissionReasonCode": "RS2",
    "olasubmissionReasonCodeText": "Full submission with conditional approval",
    "olasubmissionType": "Review & Submit",
    "opportunityId": null,
    "opportunityIdSourcedFromIknow": false,
    "prepopulation": {
      "entities": null,
      "facilities": null,
      "formType": null,
      "securities": null,
      "serviceability": null,
      "sidebar": null,
      "tempOD": null
    },
    "quickAssist": {
      "__id": null,
      "amendedANZLiability": null,
      "amendedExpensesAmount": null,
      "amendedIncomeAmount": null,
      "amendedNPBT": null,
      "amendedOFILiability": null,
      "calculateCtsIndicator": null,
      "downsellAccepted": true,
      "qaANZLiability": null,
      "qaANZLiabilityVerified": null,
      "qaExpenseAmount": null,
      "qaExpenseAmountVerified": null,
      "qaIncomeAmount": null,
      "qaIncomeAmountVerified": null,
      "qaLimitHighAmount": null,
      "qaLimitLowAmount": null,
      "qaLimitsAccepted": null,
      "qaLimitsDuration": null,
      "qaLimitsEnddate": null,
      "qaLimitsStartdate": null,
      "qaNPBT": null,
      "qaNPBTVerified": null,
      "qaOFILiability": null,
      "qaOFILiabilityVerified": null,
      "recalculatedQAHighAmount": null,
      "recalculatedQALowAmount": null
    },
    "reassignToMe": false,
    "referrerBankerFirstName": "Jack",
    "referrerBankerLastName": "Miller",
    "securities": {
      "securitiesCrossCollateralised": null,
      "securityCover": null,
      "securityList": []
    },
    "serviceability": {
      "associatePartyList": [],
      "businessFinancials": [],
      "cashflowForecast": null,
      "fullServiceabilityQuestions": null,
      "ruralCommodity": {
        "calvingRate": null,
        "diaryProductionLastYear": null,
        "diaryProductionType": null,
        "estimatedIrrigationAreaBroadacre": null,
        "estimatedIrrigationAreaHorticulture": null,
        "milkType": null,
        "numberOfLivestockCattle": null,
        "numberOfLivestockDairy": null,
        "pigCommodities": null,
        "sourceOfIncomeBroadacre": null,
        "sourceOfIncomeCattle": null,
        "sourceOfIncomeDairy": null,
        "sourceOfIncomeHorticulture": null,
        "sourceOfIncomeOrchards": null,
        "sourceOfIncomeOtherLivestock": null,
        "sourceOfIncomePigs": null,
        "sourceOfIncomePoultry": null,
        "sourceOfIncomeSeafood": null,
        "sourceOfIncomeSheep": null,
        "sourceOfIncomeSugar": null,
        "sourceOfIncomeTimber": null,
        "sourceOfIncomeWine": null,
        "supplierContractHeld": null,
        "supplyCompanyDairy": null,
        "supplyCompanyPoultry": null,
        "taxYearCovered": null,
        "totalAreaBroadacre": null,
        "totalAreaCattle": null,
        "totalAreaDairy": null,
        "totalAreaHorticulture": null,
        "totalAreaPigs": null,
        "totalGrazingArea": null,
        "tradingDurationOtherCompany": null
      },
      "ruralServiceabilityQuestions": null,
      "ruralSop": null,
      "vendorFinancial": null
    },
    "sidebar": {
      "amtRequested": 150000.00,
      "ccr": null,
      "cisId": null,
      "cisTbl": {
        "adjustedTbl": 0.00,
        "currentAssetFinanceTbl": 0.00,
        "currentCapTbl": 0.00,
        "currentConsolidatedTbl": 0.00,
        "linkedAppsAdjustedTbl": 0.00,
        "manuallyAddedInflightGaf": 0,
        "manuallyAddedInflightGafAndSb": 0,
        "proposedAssetFinanceTbl": 0.00,
        "proposedCapTbl": 0.00,
        "proposedConsolidatedTbl": 0.00,
        "proposedConsolidatedTblForSi": 0.00,
        "systemCalcTbl": 0.00
      },
      "bankerDeterminedTbl": 1.00,
      "clgId": null,
      "clgTbl": {
        "adjustedTbl": 0.00,
        "currentAssetFinanceTbl": 0.00,
        "currentCapTbl": 0.00,
        "currentConsolidatedTbl": 0.0,
        "linkedAppsAdjustedTbl": 0.00,
        "manuallyAddedInflightGaf": 0,
        "manuallyAddedInflightGafAndSb": 0,
        "proposedAssetFinanceTbl": 0.00,
        "proposedCapTbl": 0.00,
        "proposedConsolidatedTbl": 0.00,
        "proposedConsolidatedTblForSi": 0.00,
        "systemCalcTbl": 0.00
      },
      "extendedValue": null,
      "mediumFormLimit": null,
      "pi": null,
      "securityExtensions": null,
      "securityFmv": null,
      "securityIndicator": null,
      "shortFormLimit": null,
      "vcadLimit": {
        "customerLimits": [],
        "mediumFormLimitSecured": null,
        "mediumFormLimitUnSecured": null,
        "shortFormLimitSecured": null,
        "shortFormLimitUnSecured": null,
        "siMediumFormLimit": 0,
        "siShortFormLimit": 0
      },
      "vcadLimitNotModified": null
    },
    "submit": {
      "agreeToTermsAndConditions": false,
      "agreementStatement": null,
      "declarationItems": [
        {
          "id": 1,
          "text": "I confirm I have read and understood the above information about ANZs collection, use and disclosure of my personal and business information and confirm that my business and I meet the eligibility criteria. I acknowledge that ANZ may ask for additional information to consider my application for credit and that ANZ may not be able to assess my application if not provided."
        },
        {
          "id": 2,
          "text": "By agreeing to check your financial eligibility, you confirm that the financials youve shared are complete, accurate, and a true reflection of ACG PTY LTD's financial performance."
        }
      ],
      "securityValuationWithinPolicy": null
    },
    "tempOD": null,
    "tpmi": null,
    "uiErrorModel": {},
    "variationSummary": null,
    "wasCTSCalculated": false,
    "wasFormTypeCalculated": false,
    "withdrawReason": null
  },
  "applicationV2": null,
  "changes": {
    "entities": null,
    "facilities": null,
    "formType": null,
    "isDataChanged": false,
    "securities": null
  }
}