{
  "customerProfile": {
    "customerType": "BUSINESS",
    "customerId": "200000213",
    "controllingPostId": "12345",
    "kycBranchId": 1235,
    "phoneNumbers": [
      {
        "isPreferred": true,
        "type": "W",
        "number": "+6122223336"
      },
      {
        "isPreferred": false,
        "type": "M",
        "number": "+6133331246"
      }
    ],
    "email": "abc@gmail.com",
    "titlePrefix": "THE MANAGER",
    "mailingTitle": "Managing Director",
    "mailingAddressLine1": "",
    "mailingAddressLine2": "1 Low Street",
    "mailingAddressLine3": "",
    "mailingAddressSuburb": "Lithgow",
    "mailingAddressState": "VIC",
    "mailingAddressPostCode": "3455",
    "mailingAddressCountry": "Australia",
    "customerRelationships": [
      {
        "customerType": "LENDING_GROUP",
        "customerTypeCode": null,
        "customerId": "6100000048",
        "name": "Abc Group",
        "relationshipType": "CustomerLendingGroup"
      }
    ],
    "accountArrangements": [
      {
        "accountNumber": "1000578",
        "bsb": "011265",
        "accountType": "DDA",
        "accountDescription": "Overdraft",
        "accountRelationship": "TSO",
        "productCode": "DDA",
        "subProductCode": "CB",
        "balanceAmount": 19999,
        "limitAmount": 19999,
        "accountStatus": "Open",
        "controllingPostId": null,
        "productGroup": "Business Transactional Banking",
        "expiryDate": null,
        "tempOdErrors": {},
        "productSubProductCode": "DDA.CB",
        "tempODEnabled": true
      }
    ],
    "segmentErrors": [],
    "companyName": "ABN Pty Ltd",
    "established": "30/07/2001",
    "contactName": "Peter Abc",
    "maritalStatus": null,
    "driversLicence": null,
    "driversLicenceState": null,
    "firstName": null,
    "lastname": null,
    "businessAddressLine1": "",
    "businessAddressLine2": "1 Low Street",
    "businessAddressLine3": "",
    "businessAddressSuburb": "Lithgow",
    "businessAddressState": "VIC",
    "businessAddressPostCode": "3455",
    "businessAddressCountry": "Australia",
    "businessCustType": "03",
    "businessCustTypeDescription": "Corporations (Company)",
    "anzsicCode": "9526",
    "anzsicDesc": "HAIRDRESSING & BEAUTY SALONS",
    "acn": "005357522",
    "abn": "1234567890",
    "entityName": "ABN Pty Ltd",
    "noClg": false,
    "clgCustomerRelationShip": {
      "customerType": "LENDING_GROUP",
      "customerTypeCode": null,
      "customerId": "6100000048",
      "name": "Abc Group",
      "relationshipType": "CustomerLendingGroup"
    },
    "multipleClg": false
  },
  "relationshipManager": {
    "managerName": "Jane Brown Abcdefghijklmnopqrstuvwxyzabc",
    "phoneNumber": "(03)12345679",
    "controllingPostId": "12345"
  },
  "kycData": {
    "kycStatus": "Complete",
    "verificationStatus": "Verified",
    "performanceIndicator": "8",
    "currentCapTbl": 5000,
    "currentAssetFinanceTbl": 5000,
    "currentConsolidatedTbl": 10000
  },
  "vcadLimitNotModified": null,
  "vcadLimit": null,
  "clgDetails": null,
  "applicationHistory": [],
  "quickAssist": null
}