[
  {
    "anzUser": "CSPUsr21",
    "anzUserContact": null,
    "applicationId": "1000000001",
    "applicationType": "OLA",
    "cpnId": null,
    "created": "2019-08-28T10:26:38.337Z",
    "currentCcr": null,
    "entityId": "c3dc2940-b749-4ed7-8491-44213c25c0db",
    "entityName": "ANZ BBD banking",
    "externalSystemApplicationId": "1234567890",
    "finalCcr": null,
    "finalisationKit": null,
    "form": "SF",
    "formDesc": null,
    "lendingIncrease": 1000000.9,
    "olaSubmissionReasonCode": "FE2",
    "oppId": null,
    "orderAdditionalInfo": null,
    "owner": false,
    "reviewDueDate": null,
    "status": "PENDING_CUSTOMER_LINK",
    "statusDays": null,
    "statusId": null,
    "statusMessage": null,
    "wasFormTypeCalculated": false
  }
]