{
    "application": {
        "appConsentsStatus": "Received",
        "additionalInfoRevision": null,
        "appHistoryVerification": {
            "hasInflightApplications": null,
            "isAdditionalFinInfoAvailable": null,
            "isAppsTobeContinued": null,
            "lastDrawdownDate": null
        },
        "applicationCreatedDateTime": "2020-01-22T23:00:40.740Z",
        "applicationId": 1000000001,
        "applicationOwner": {
            "firstName": "Brodie",
            "lastName": "Grundy",
            "ownerLanId": "CSPUsr6"
        },
        "applicationSource": "CFOLA",
        "applicationStatus": "PENDING_CUSTOMER_LINK",
        "applicationStatusVersion": 8796,
        "applicationSubmittedDateTime": null,
        "applicationType": "OLA",
        "applicationVersion": 1,
        "assessmentSummary": null,
        "azReviewDate": null,
        "bankerDeclaration": {
            "isNewBusinessEntityCreated": null,
            "isNewIndividualEntityCreated": null
        },
        "character": null,
        "checklist": [],
        "collateral": null,
        "comments": {
            "commentList": []
        },
        "customerInterviewDate": null,
        "drawdown": null,
        "entities": {
            "associatedParties": [
                {
                    "__id": "5893",
                    "abn": null,
                    "abnStatus": null,
                    "abnStatusDate": null,
                    "acn": null,
                    "acnRegistrationDate": null,
                    "acnStatus": null,
                    "address": "2p/833 Collins ST DOCKLANDS",
                    "addressVerified": true,
                    "asicCfcDate": null,
                    "asicCfcUrl": null,
                    "asicSearchDate": null,
                    "beneficiaryTrustIds": [],
                    "businessEntityType": null,
                    "businessName": null,
                    "consentFlag": true,
                    "countryOfCitizenship": "AU",
                    "countryOfSecondaryCitizenship": "IN",
                    "cpId": null,
                    "creditPrivacyConsent": true,
                    "crsDetails": null,
                    "custStatusFlag": null,
                    "customerId": "9af07c81-be28-4d88-948c-dfaf9b0819c8",
                    "dateOfBirth": "1948-01-01",
                    "driversLicense": "123ABCDEF",
                    "driversLicenseState": "VIC",
                    "emailAddress": "xin.parsonstest123@gmail.com",
                    "entityName": "XIN PARSONS",
                    "faxNumber": null,
                    "firstName": "XIN",
                    "homeNumber": "+61599999222",
                    "isAssociatedPartyBeneficiary": null,
                    "isBorrowingEntityTrustee": false,
                    "isLegalFinancialAdviceMandatory": null,
                    "isPersonBeneficiary": null,
                    "kycBranchId": null,
                    "kycStatus": null,
                    "lastName": "PARSONS",
                    "letterOfOfferName": null,
                    "mailingAddress": "PO Box 123",
                    "mailingAddressCountry": "AU",
                    "mailingAddressPoBox": "1234",
                    "mailingAddressPopulated": true,
                    "mailingAddressPostcode": "3008",
                    "mailingAddressPropertyName": "",
                    "mailingAddressState": "VIC",
                    "mailingAddressStreetName": "",
                    "mailingAddressStreetNumber": "",
                    "mailingAddressStreetType": "",
                    "mailingAddressSuburbTown": "Docklands",
                    "mailingAddressUnitNumber": "",
                    "mailingAddressVerified": true,
                    "marriedOrDeFacto": null,
                    "marriedTo": null,
                    "middleName": "",
                    "multipleClgAvailable": null,
                    "notes": null,
                    "numberOfDependants": null,
                    "partyFromAsic": null,
                    "phoneNumber": "+61599999999",
                    "phoneType": "M",
                    "primarySourceOfIncome": null,
                    "providingGuarantee": true,
                    "relationshipToBorrowingEntity": "Director",
                    "residentialAddressCountry": "AU",
                    "residentialAddressPoBox": "",
                    "residentialAddressPopulated": true,
                    "residentialAddressPostcode": "3008",
                    "residentialAddressPropertyName": "",
                    "residentialAddressState": "VIC",
                    "residentialAddressStreetName": "Collins",
                    "residentialAddressStreetNumber": "833",
                    "residentialAddressStreetType": "ST",
                    "residentialAddressSuburbTown": "DOCKLANDS",
                    "residentialAddressUnitNumber": "2p",
                    "taxResidentOutsideOfAustralia": "F",
                    "residentialStatus": null,
                    "signatories": [],
                    "title": "Mr",
                    "trustIds": [1, 2, 3, 4, 5],
                    "useAsContactPerson": true,
                    "verifiedInCap": null,
                    "workNumber": "+61599999111"
                },
                {
                    "__id": "5894",
                    "abn": null,
                    "abnStatus": null,
                    "abnStatusDate": null,
                    "acn": null,
                    "acnRegistrationDate": null,
                    "acnStatus": null,
                    "address": "2p/833 Collins ST DOCKLANDS",
                    "addressVerified": true,
                    "asicCfcDate": null,
                    "asicCfcUrl": null,
                    "asicSearchDate": null,
                    "beneficiaryTrustIds": [],
                    "businessEntityType": null,
                    "businessName": null,
                    "consentFlag": true,
                    "countryOfCitizenship": "AU",
                    "countryOfSecondaryCitizenship": "IN",
                    "cpId": null,
                    "creditPrivacyConsent": true,
                    "crsDetails": null,
                    "custStatusFlag": null,
                    "customerId": "9af07c81-be28-4d88-948c-dfaf9b0819c9",
                    "dateOfBirth": "1948-01-01",
                    "driversLicense": "123ABCDEF",
                    "driversLicenseState": "VIC",
                    "emailAddress": "xin.parsonstest123@gmail.com",
                    "entityName": "JOHN SMITH",
                    "faxNumber": null,
                    "firstName": "JOHN",
                    "homeNumber": "+61599999222",
                    "isAssociatedPartyBeneficiary": null,
                    "isBorrowingEntityTrustee": true,
                    "isLegalFinancialAdviceMandatory": null,
                    "isPersonBeneficiary": null,
                    "kycBranchId": null,
                    "kycStatus": null,
                    "lastName": "SMITH",
                    "letterOfOfferName": null,
                    "mailingAddress": "PO Box 123",
                    "mailingAddressCountry": "AU",
                    "mailingAddressPoBox": "1234",
                    "mailingAddressPopulated": true,
                    "mailingAddressPostcode": "3008",
                    "mailingAddressPropertyName": "",
                    "mailingAddressState": "VIC",
                    "mailingAddressStreetName": "",
                    "mailingAddressStreetNumber": "",
                    "mailingAddressStreetType": "",
                    "mailingAddressSuburbTown": "Docklands",
                    "mailingAddressUnitNumber": "",
                    "mailingAddressVerified": true,
                    "marriedOrDeFacto": null,
                    "marriedTo": null,
                    "middleName": "",
                    "multipleClgAvailable": null,
                    "notes": null,
                    "numberOfDependants": null,
                    "partyFromAsic": null,
                    "phoneNumber": "+61599999999",
                    "phoneType": "M",
                    "primarySourceOfIncome": null,
                    "providingGuarantee": true,
                    "relationshipToBorrowingEntity": "Director",
                    "residentialAddressCountry": "AU",
                    "residentialAddressPoBox": "",
                    "residentialAddressPopulated": true,
                    "residentialAddressPostcode": "3008",
                    "residentialAddressPropertyName": "",
                    "residentialAddressState": "VIC",
                    "residentialAddressStreetName": "Collins",
                    "residentialAddressStreetNumber": "833",
                    "residentialAddressStreetType": "ST",
                    "residentialAddressSuburbTown": "DOCKLANDS",
                    "residentialAddressUnitNumber": "2p",
                    "residentialStatus": null,
                    "taxResidentOutsideOfAustralia": "F",
                    "signatories": [],
                    "title": "Mr",
                    "trustIds": [],
                    "useAsContactPerson": true,
                    "verifiedInCap": null,
                    "workNumber": "+61599999111"
                },
                {
                    "__id": "5895",
                    "abn": null,
                    "abnStatus": null,
                    "abnStatusDate": null,
                    "acn": null,
                    "acnRegistrationDate": null,
                    "acnStatus": null,
                    "address": "2p/833 Collins ST DOCKLANDS",
                    "addressVerified": true,
                    "asicCfcDate": null,
                    "asicCfcUrl": null,
                    "asicSearchDate": null,
                    "beneficiaryTrustIds": [],
                    "businessEntityType": null,
                    "businessName": null,
                    "consentFlag": true,
                    "countryOfCitizenship": "AU",
                    "countryOfSecondaryCitizenship": "IN",
                    "cpId": null,
                    "creditPrivacyConsent": true,
                    "crsDetails": null,
                    "custStatusFlag": null,
                    "customerId": "9af07c81-be28-4d88-948c-dfaf9b0819c0",
                    "dateOfBirth": "1948-01-01",
                    "driversLicense": "123ABCDEF",
                    "driversLicenseState": "VIC",
                    "emailAddress": "xin.parsonstest123@gmail.com",
                    "entityName": "MIKE TAYLOR",
                    "faxNumber": null,
                    "firstName": "MIKE",
                    "homeNumber": "+61599999222",
                    "isAssociatedPartyBeneficiary": null,
                    "isBorrowingEntityTrustee": false,
                    "isLegalFinancialAdviceMandatory": null,
                    "isPersonBeneficiary": null,
                    "kycBranchId": null,
                    "kycStatus": null,
                    "lastName": "TAYLOR",
                    "letterOfOfferName": null,
                    "mailingAddress": "PO Box 123",
                    "mailingAddressCountry": "AU",
                    "mailingAddressPoBox": "1234",
                    "mailingAddressPopulated": true,
                    "mailingAddressPostcode": "3008",
                    "mailingAddressPropertyName": "",
                    "mailingAddressState": "VIC",
                    "mailingAddressStreetName": "",
                    "mailingAddressStreetNumber": "",
                    "mailingAddressStreetType": "",
                    "mailingAddressSuburbTown": "Docklands",
                    "mailingAddressUnitNumber": "",
                    "mailingAddressVerified": true,
                    "marriedOrDeFacto": null,
                    "marriedTo": null,
                    "middleName": "",
                    "multipleClgAvailable": null,
                    "notes": null,
                    "numberOfDependants": null,
                    "partyFromAsic": null,
                    "phoneNumber": "+61599999999",
                    "phoneType": "M",
                    "primarySourceOfIncome": null,
                    "providingGuarantee": true,
                    "relationshipToBorrowingEntity": "Director",
                    "residentialAddressCountry": "AU",
                    "residentialAddressPoBox": "",
                    "residentialAddressPopulated": true,
                    "residentialAddressPostcode": "3008",
                    "residentialAddressPropertyName": "",
                    "residentialAddressState": "VIC",
                    "residentialAddressStreetName": "Collins",
                    "residentialAddressStreetNumber": "833",
                    "residentialAddressStreetType": "ST",
                    "residentialAddressSuburbTown": "DOCKLANDS",
                    "residentialAddressUnitNumber": "2p",
                    "residentialStatus": null,
                    "signatories": [],
                    "taxResidentOutsideOfAustralia": "F",
                    "title": "Mr",
                    "trustIds": [],
                    "useAsContactPerson": true,
                    "verifiedInCap": null,
                    "workNumber": "+61599999111"
                },
                {
                    "__id": "5896",
                    "abn": null,
                    "abnStatus": null,
                    "abnStatusDate": null,
                    "acn": null,
                    "acnRegistrationDate": null,
                    "acnStatus": null,
                    "address": "2p/833 Collins ST DOCKLANDS",
                    "addressVerified": true,
                    "asicCfcDate": null,
                    "asicCfcUrl": null,
                    "asicSearchDate": null,
                    "beneficiaryTrustIds": [],
                    "businessEntityType": null,
                    "businessName": null,
                    "consentFlag": true,
                    "countryOfCitizenship": "AU",
                    "countryOfSecondaryCitizenship": "IN",
                    "cpId": null,
                    "creditPrivacyConsent": true,
                    "crsDetails": null,
                    "custStatusFlag": null,
                    "customerId": "9af07c81-be28-4d88-948c-dfaf9b0819c1",
                    "dateOfBirth": "1948-01-01",
                    "driversLicense": "123ABCDEF",
                    "driversLicenseState": "VIC",
                    "emailAddress": "xin.parsonstest123@gmail.com",
                    "entityName": "RYAN JOSH",
                    "faxNumber": null,
                    "firstName": "RYAN",
                    "homeNumber": "+61599999222",
                    "isAssociatedPartyBeneficiary": null,
                    "isBorrowingEntityTrustee": false,
                    "isLegalFinancialAdviceMandatory": null,
                    "isPersonBeneficiary": null,
                    "kycBranchId": null,
                    "kycStatus": null,
                    "lastName": "JOSH",
                    "letterOfOfferName": null,
                    "mailingAddress": "PO Box 123",
                    "mailingAddressCountry": "AU",
                    "mailingAddressPoBox": "1234",
                    "mailingAddressPopulated": true,
                    "mailingAddressPostcode": "3008",
                    "mailingAddressPropertyName": "",
                    "mailingAddressState": "VIC",
                    "mailingAddressStreetName": "",
                    "mailingAddressStreetNumber": "",
                    "mailingAddressStreetType": "",
                    "mailingAddressSuburbTown": "Docklands",
                    "mailingAddressUnitNumber": "",
                    "mailingAddressVerified": true,
                    "marriedOrDeFacto": null,
                    "marriedTo": null,
                    "middleName": "",
                    "multipleClgAvailable": null,
                    "notes": null,
                    "numberOfDependants": null,
                    "partyFromAsic": null,
                    "phoneNumber": "+61599999999",
                    "phoneType": "M",
                    "primarySourceOfIncome": null,
                    "providingGuarantee": true,
                    "relationshipToBorrowingEntity": "Director",
                    "residentialAddressCountry": "AU",
                    "residentialAddressPoBox": "",
                    "residentialAddressPopulated": true,
                    "residentialAddressPostcode": "3008",
                    "residentialAddressPropertyName": "",
                    "residentialAddressState": "VIC",
                    "residentialAddressStreetName": "Collins",
                    "residentialAddressStreetNumber": "833",
                    "residentialAddressStreetType": "ST",
                    "residentialAddressSuburbTown": "DOCKLANDS",
                    "residentialAddressUnitNumber": "2p",
                    "residentialStatus": null,
                    "signatories": [],
                    "taxResidentOutsideOfAustralia": "F",
                    "title": "Mr",
                    "trustIds": [],
                    "useAsContactPerson": true,
                    "verifiedInCap": null,
                    "workNumber": "+61599999111"
                },
                {
                    "__id": "5897",
                    "abn": null,
                    "abnStatus": null,
                    "abnStatusDate": null,
                    "acn": null,
                    "acnRegistrationDate": null,
                    "acnStatus": null,
                    "address": "2p/833 Collins ST DOCKLANDS",
                    "addressVerified": true,
                    "asicCfcDate": null,
                    "asicCfcUrl": null,
                    "asicSearchDate": null,
                    "beneficiaryTrustIds": [],
                    "businessEntityType": null,
                    "businessName": null,
                    "consentFlag": true,
                    "countryOfCitizenship": "AU",
                    "countryOfSecondaryCitizenship": "IN",
                    "cpId": null,
                    "creditPrivacyConsent": true,
                    "crsDetails": null,
                    "custStatusFlag": null,
                    "customerId": "9af07c81-be28-4d88-948c-dfaf9b0819c2",
                    "dateOfBirth": "1948-01-01",
                    "driversLicense": "123ABCDEF",
                    "driversLicenseState": "VIC",
                    "emailAddress": "xin.parsonstest123@gmail.com",
                    "entityName": "JAMES DYLAN",
                    "faxNumber": null,
                    "firstName": "JAMES",
                    "homeNumber": "+61599999222",
                    "isAssociatedPartyBeneficiary": null,
                    "isBorrowingEntityTrustee": false,
                    "isLegalFinancialAdviceMandatory": null,
                    "isPersonBeneficiary": null,
                    "kycBranchId": null,
                    "kycStatus": null,
                    "lastName": "DYLAN",
                    "letterOfOfferName": null,
                    "mailingAddress": "PO Box 123",
                    "mailingAddressCountry": "AU",
                    "mailingAddressPoBox": "1234",
                    "mailingAddressPopulated": true,
                    "mailingAddressPostcode": "3008",
                    "mailingAddressPropertyName": "",
                    "mailingAddressState": "VIC",
                    "mailingAddressStreetName": "",
                    "mailingAddressStreetNumber": "",
                    "mailingAddressStreetType": "",
                    "mailingAddressSuburbTown": "Docklands",
                    "mailingAddressUnitNumber": "",
                    "mailingAddressVerified": true,
                    "marriedOrDeFacto": null,
                    "marriedTo": null,
                    "middleName": "",
                    "multipleClgAvailable": null,
                    "notes": null,
                    "numberOfDependants": null,
                    "partyFromAsic": null,
                    "phoneNumber": "+61599999999",
                    "phoneType": "M",
                    "primarySourceOfIncome": null,
                    "providingGuarantee": true,
                    "relationshipToBorrowingEntity": "Director",
                    "residentialAddressCountry": "AU",
                    "residentialAddressPoBox": "",
                    "residentialAddressPopulated": true,
                    "residentialAddressPostcode": "3008",
                    "residentialAddressPropertyName": "",
                    "residentialAddressState": "VIC",
                    "residentialAddressStreetName": "Collins",
                    "residentialAddressStreetNumber": "833",
                    "residentialAddressStreetType": "ST",
                    "residentialAddressSuburbTown": "DOCKLANDS",
                    "residentialAddressUnitNumber": "2p",
                    "residentialStatus": null,
                    "signatories": [],
                    "taxResidentOutsideOfAustralia": "F",
                    "title": "Mr",
                    "trustIds": [],
                    "useAsContactPerson": true,
                    "verifiedInCap": null,
                    "workNumber": "+61599999111"
                }
            ],
            "borrowers": [
                {
                    "current": null,
                    "proposed": {
                        "__id": "4893",
                        "abn": "35080895012",
                        "abnStatus": "ACT",
                        "abnStatusDate": null,
                        "acn": "080895012",
                        "acnRegistrationDate": null,
                        "acnStatus": null,
                        "anzsic": "2852",
                        "asicCfcDate": null,
                        "asicCfcUrl": null,
                        "asicReportDateTime": null,
                        "asicSearchDate": null,
                        "bankPrimaryAccountHeld": "ANZ",
                        "borrowerRelationship": "Borrower",
                        "bsbForNewFacilities": "011212",
                        "businessCisId": "8f772de0-46bf-4fcf-ab0a-ff7fa69dbecc",
                        "businessContact": "XIN PARSONS all",
                        "businessEntityType": "08",
                        "businessFaxNumber": null,
                        "businessName": "ACG PTY LTD",
                        "businessPhoneNumber": "+61599999999",
                        "businessPhoneType": "M",
                        "clgCpId": null,
                        "clgKycBranchId": null,
                        "clgName": null,
                        "clgNumber": null,
                        "clgPrimaryContactNumber": null,
                        "companyStructureVerification": {
                            "businessCommencedDate": null,
                            "isApplicantOwnershipComplete": null,
                            "isCurrentListedDirsIdentified": null,
                            "isListedDirectorsStatusCurrent": null,
                            "isOwnershipOneYear": true,
                            "isSecrataryADirector": null,
                            "isSoleTraderIndNameFullyMatched": null,
                            "isSoleTraderIndSame": null
                        },
                        "connectPlusUniqueId": null,
                        "cpId": null,
                        "crsDetails": [
                            {
                                "taxResidentCountry": "US",
                                "tin": "123456789",
                                "tinunavailableExplanation": "Z",
                                "tinunavailableReason": "Cannot contact source country"
                            }
                        ],
                        "custStatusFlag": null,
                        "customerId": null,
                        "customerType": "BUSINESS",
                        "dateOfBirth": null,
                        "dateTradingCommenced": null,
                        "driversLicense": null,
                        "driversLicenseState": null,
                        "emailAddress": "xin.parsonstest@gmail.com",
                        "entityVerification": {
                            "companyClass": null,
                            "companySubClass": null,
                            "companyType": null,
                            "gstStatusDate": null,
                            "isAcnAbnMatched": null,
                            "isAcnBusinessNameMatched": null,
                            "isBusinessNameRegistered": null,
                            "isGstRegisteredForAbn": null,
                            "originatedCountry": null
                        },
                        "existingCustomer": true,
                        "firstName": null,
                        "importExport": null,
                        "individualCisId": null,
                        "individualEntityType": null,
                        "individualFaxNumber": null,
                        "individualPhoneNumber": null,
                        "individualPhoneType": null,
                        "investInProperty": false,
                        "isBorrowingEntityTrustee": false,
                        "isClgCpIdIneligible": null,
                        "isDiversifiedCoreActivities": false,
                        "isExistingBusiness": false,
                        "kycBranchId": null,
                        "kycStatus": null,
                        "lastName": null,
                        "leasePlantMotorVehicle": null,
                        "lengthOfRelationshipWithANZ": null,
                        "letterOfOfferName": null,
                        "mailingAddress": "11A/833 Bay drive DR Meadowbank",
                        "mailingAddressCountry": "AU",
                        "mailingAddressPoBox": "",
                        "mailingAddressPopulated": true,
                        "mailingAddressPostcode": "2114",
                        "mailingAddressPropertyName": "",
                        "mailingAddressState": "NSW",
                        "mailingAddressStreetName": "Bay drive",
                        "mailingAddressStreetNumber": "833",
                        "mailingAddressStreetType": "DR",
                        "mailingAddressSuburbTown": "Meadowbank",
                        "mailingAddressUnitNumber": "11A",
                        "mailingAddressVerified": true,
                        "marriedOrDeFacto": null,
                        "marriedTo": null,
                        "middleName": null,
                        "moreThan25InOneCustomer": false,
                        "moreThan25InOneSupplier": false,
                        "multipleClgAvailable": null,
                        "natureOfApplication": "06",
                        "notes": null,
                        "numberOfBeneficiariesShareholders": null,
                        "numberOfBorrowingLegalEntities": "1",
                        "numberOfDependants": null,
                        "numberOfDirectorsPartnersProprietors": "1",
                        "numberOfEmployedPeople": null,
                        "numberOfKeyPersonnel": null,
                        "numberOfLegalBorrowingEntitiesInBusinessGroup": null,
                        "numberOfLegalEntitiesWithANZ": null,
                        "ownOtherOperatingProperty": null,
                        "privacyConsent": null,
                        "problemsWithOtherBanksIn12Months": null,
                        "purchaseStartupCost": null,
                        "registeredAddressPopulated": true,
                        "registeredBusinessAddress": "11A/833 Bay drive DR Meadowbank",
                        "registeredBusinessAddressVerified": true,
                        "registeredBusinessAddressCountry": "AU",
                        "registeredBusinessAddressPoBox": "",
                        "registeredBusinessAddressPostcode": "2114",
                        "registeredBusinessAddressPropertyName": "",
                        "registeredBusinessAddressState": "NSW",
                        "registeredBusinessAddressStreetName": "Bay drive",
                        "registeredBusinessAddressStreetNumber": "833",
                        "registeredBusinessAddressStreetType": "DR",
                        "registeredBusinessAddressSuburbTown": "Meadowbank",
                        "registeredBusinessAddressUnitNumber": "11A",
                        "residentialAddress": "11A/833 Bay drive DR Meadowbank",
                        "residentialAddressCountry": "AU",
                        "residentialAddressPoBox": "",
                        "residentialAddressPopulated": true,
                        "residentialAddressPostcode": "2114",
                        "residentialAddressPropertyName": "",
                        "residentialAddressState": "NSW",
                        "residentialAddressStreetName": "Bay drive",
                        "residentialAddressStreetNumber": "833",
                        "residentialAddressStreetType": "DR",
                        "residentialAddressSuburbTown": "Meadowbank",
                        "residentialAddressUnitNumber": "11A",
                        "residentialAddressVerified": true,
                        "residentialStatus": null,
                        "rmName": null,
                        "rmPhone": null,
                        "sameAsTradingAddress": null,
                        "securityIndicator": null,
                        "taxResidentOutsideOfAustralia": "A",
                        "title": "The Manager",
                        "tradingName": "AUSTRALIA AND NEW ZEALAND BANKING GROUP LIMITED",
                        "trustIds": [],
                        "trustName": "ACG PTY LTD",
                        "trustType": "08",
                        "trusts": null,
                        "yearsIndustryExperience": null,
                        "yearsManagementExperience": null,
                        "yearsSinceLastDiversified": null,
                        "yearsWithCurrentBanker": null
                    }
                }
            ],
            "trusts": []
        },
        "externalSystemApplicationId": "OLA0000001",
        "facilities": {
            "facilityList": [
                {
                    "__id": "4896",
                    "accountRelationship": "SOL",
                    "amended": false,
                    "borrowerIds": [
                        "8f772de0-46bf-4fcf-ab0a-ff7fa69dbecc"
                    ],
                    "current": null,
                    "facilityId": 4896,
                    "isModified": false,
                    "isNew": true,
                    "isNonAnzFacility": false,
                    "isReadOnly": false,
                    "proposed": {
                        "accountBsb": null,
                        "accountName": null,
                        "accountStatus": null,
                        "accountType": null,
                        "adjustedTbl": 150000.00,
                        "amountForRedraw": null,
                        "balloonAmount": null,
                        "borrowerRelations": null,
                        "ccrRating": null,
                        "cpid": null,
                        "creditFacilityFee": null,
                        "creditFacilityFeeCode": null,
                        "creditFacilityFeeFrequency": null,
                        "currentBalance": null,
                        "custProduct": null,
                        "daysDelinquent": null,
                        "detailsOfFacilityPurpose": null,
                        "drawingTermDays": null,
                        "establishmentFee": null,
                        "facilityAccountNumber": null,
                        "facilityExpiryDate": null,
                        "facilityPurpose": "01",
                        "facilityType": "ABL - Fixed",
                        "fixedInterestRate": 14.99,
                        "fixedRateTermMonths": 0,
                        "fixedRateTermYears": 4,
                        "foreignCurrency": null,
                        "hasANZBusinessPkg": null,
                        "hasExpired": null,
                        "hasExpiryDate": null,
                        "hasLockRate": false,
                        "iGFacilityFeeAmount": null,
                        "iGFacilityFeeFrequency": null,
                        "iGFacilityFeeLimit": null,
                        "iGFeePerBankGuaranteeAmount": null,
                        "iGFeePerBankGuaranteeFrequency": null,
                        "iGFeePerBankGuaranteeLimit": null,
                        "iGType": null,
                        "includeInOffer": true,
                        "institution": "ANZ",
                        "interestChargeCycle": "MAR",
                        "interestMargin": null,
                        "interestOnlyTermMonths": null,
                        "interestOnlyTermYears": null,
                        "interestPaymentAccountNumber": null,
                        "interestRate": 14.99,
                        "isBalloonPayment": false,
                        "isFullyDrawn": null,
                        "isL5CashCovered": null,
                        "isOffsetOffered": null,
                        "isProductFullyResidentiallySecured": false,
                        "isRedrawOption": null,
                        "isRevolvingLimit": null,
                        "liabilityType": null,
                        "limit": 150000.00,
                        "limitApprovalFee": null,
                        "limitVerified": null,
                        "lineManagerApprovalReceived": null,
                        "linkedToClg": null,
                        "loanAdminCharge": 187.50,
                        "loanAdminChargeCode": "K",
                        "loanAdminChargeFrequency": "Q",
                        "loanApprovalFee": 0.00,
                        "lockRate": null,
                        "lockRateExpiryDate": null,
                        "lockRateFee": null,
                        "marginAfterFixedRateTerm": null,
                        "openedDate": null,
                        "preProcessingChanges": null,
                        "productCategory": "ABL",
                        "productCode": "ILS",
                        "productStatus": "Active",
                        "qualifyingNatureOfTheProduct": null,
                        "referenceIndex": "HB",
                        "referenceIndexRate": null,
                        "remainingTermMonths": null,
                        "remainingTermYears": null,
                        "renewalFee": null,
                        "repaymentAmount": 9000.00,
                        "repaymentCriteria": null,
                        "repaymentFrequency": "M",
                        "repaymentNature": "PI",
                        "sbosProductCode": "SBOS14",
                        "secured": null,
                        "sequence": null,
                        "subProductCode": "OFB",
                        "subProductDescription": null,
                        "totalTermMonths": 0,
                        "totalTermYears": 4,
                        "unappliedFundsBalance": null
                    },
                    "reasonForNonSelection": null,
                    "selectedForApplication": null,
                    "selectedGroupId": null
                },
                {
                    "__id": "49020",
                    "accountRelationship": "SOL",
                    "amended": false,
                    "borrowerIds": [
                        "8f772de0-46bf-4fcf-ab0a-ff7fa69dbecc"
                    ],
                    "current": {
                        "accountBsb": null,
                        "accountName": null,
                        "accountStatus": null,
                        "accountType": null,
                        "adjustedTbl": null,
                        "amountForRedraw": null,
                        "balloonAmount": null,
                        "borrowerRelations": null,
                        "ccrRating": null,
                        "cpid": null,
                        "creditFacilityFee": null,
                        "creditFacilityFeeCode": null,
                        "creditFacilityFeeFrequency": null,
                        "currentBalance": 1000.00,
                        "custProduct": null,
                        "daysDelinquent": null,
                        "detailsOfFacilityPurpose": null,
                        "drawingTermDays": null,
                        "establishmentFee": null,
                        "facilityAccountNumber": null,
                        "facilityExpiryDate": null,
                        "facilityPurpose": "01",
                        "facilityType": "Lease/Hire purchase",
                        "fixedInterestRate": null,
                        "fixedRateTermMonths": null,
                        "fixedRateTermYears": null,
                        "foreignCurrency": null,
                        "hasANZBusinessPkg": null,
                        "hasExpired": null,
                        "hasExpiryDate": false,
                        "hasLockRate": null,
                        "iGFacilityFeeAmount": null,
                        "iGFacilityFeeFrequency": null,
                        "iGFacilityFeeLimit": null,
                        "iGFeePerBankGuaranteeAmount": null,
                        "iGFeePerBankGuaranteeFrequency": null,
                        "iGFeePerBankGuaranteeLimit": null,
                        "iGType": null,
                        "includeInOffer": true,
                        "institution": "OTHER",
                        "interestChargeCycle": null,
                        "interestMargin": null,
                        "interestOnlyTermMonths": null,
                        "interestOnlyTermYears": null,
                        "interestPaymentAccountNumber": null,
                        "interestRate": null,
                        "isBalloonPayment": null,
                        "isFullyDrawn": null,
                        "isL5CashCovered": null,
                        "isOffsetOffered": null,
                        "isProductFullyResidentiallySecured": null,
                        "isRedrawOption": null,
                        "isRevolvingLimit": null,
                        "liabilityType": "LEH",
                        "limit": 1000.00,
                        "limitApprovalFee": null,
                        "limitVerified": null,
                        "lineManagerApprovalReceived": null,
                        "linkedToClg": null,
                        "loanAdminCharge": null,
                        "loanAdminChargeCode": null,
                        "loanAdminChargeFrequency": null,
                        "loanApprovalFee": null,
                        "lockRate": null,
                        "lockRateExpiryDate": null,
                        "lockRateFee": null,
                        "marginAfterFixedRateTerm": null,
                        "openedDate": null,
                        "preProcessingChanges": null,
                        "productCategory": "Non-ANZ Facility",
                        "productCode": null,
                        "productStatus": null,
                        "qualifyingNatureOfTheProduct": null,
                        "referenceIndex": null,
                        "referenceIndexRate": null,
                        "remainingTermMonths": 11,
                        "remainingTermYears": 1,
                        "renewalFee": null,
                        "repaymentAmount": 500.00,
                        "repaymentCriteria": null,
                        "repaymentFrequency": "M",
                        "repaymentNature": null,
                        "sbosProductCode": "NONANZ01",
                        "secured": null,
                        "sequence": null,
                        "subProductCode": null,
                        "subProductDescription": null,
                        "totalTermMonths": null,
                        "totalTermYears": null,
                        "unappliedFundsBalance": null
                    },
                    "facilityId": 49020,
                    "isModified": false,
                    "isNew": false,
                    "isNonAnzFacility": true,
                    "isReadOnly": false,
                    "proposed": null,
                    "reasonForNonSelection": null,
                    "selectedForApplication": null,
                    "selectedGroupId": null
                },
                {
                    "__id": "49019",
                    "accountRelationship": "SOL",
                    "amended": false,
                    "borrowerIds": [
                        "8f772de0-46bf-4fcf-ab0a-ff7fa69dbecc"
                    ],
                    "current": {
                        "accountBsb": null,
                        "accountName": null,
                        "accountStatus": null,
                        "accountType": null,
                        "adjustedTbl": null,
                        "amountForRedraw": null,
                        "balloonAmount": null,
                        "borrowerRelations": null,
                        "ccrRating": null,
                        "cpid": null,
                        "creditFacilityFee": null,
                        "creditFacilityFeeCode": null,
                        "creditFacilityFeeFrequency": null,
                        "currentBalance": 1000.00,
                        "custProduct": null,
                        "daysDelinquent": null,
                        "detailsOfFacilityPurpose": null,
                        "drawingTermDays": null,
                        "establishmentFee": null,
                        "facilityAccountNumber": null,
                        "facilityExpiryDate": null,
                        "facilityPurpose": "01",
                        "facilityType": "Credit card",
                        "fixedInterestRate": null,
                        "fixedRateTermMonths": null,
                        "fixedRateTermYears": null,
                        "foreignCurrency": null,
                        "hasANZBusinessPkg": null,
                        "hasExpired": null,
                        "hasExpiryDate": false,
                        "hasLockRate": null,
                        "iGFacilityFeeAmount": null,
                        "iGFacilityFeeFrequency": null,
                        "iGFacilityFeeLimit": null,
                        "iGFeePerBankGuaranteeAmount": null,
                        "iGFeePerBankGuaranteeFrequency": null,
                        "iGFeePerBankGuaranteeLimit": null,
                        "iGType": null,
                        "includeInOffer": true,
                        "institution": "OTHER",
                        "interestChargeCycle": null,
                        "interestMargin": null,
                        "interestOnlyTermMonths": null,
                        "interestOnlyTermYears": null,
                        "interestPaymentAccountNumber": null,
                        "interestRate": 14.99,
                        "isBalloonPayment": null,
                        "isFullyDrawn": null,
                        "isL5CashCovered": null,
                        "isOffsetOffered": null,
                        "isProductFullyResidentiallySecured": null,
                        "isRedrawOption": null,
                        "isRevolvingLimit": null,
                        "liabilityType": "CC",
                        "limit": 1000.00,
                        "limitApprovalFee": null,
                        "limitVerified": null,
                        "lineManagerApprovalReceived": null,
                        "linkedToClg": null,
                        "loanAdminCharge": null,
                        "loanAdminChargeCode": null,
                        "loanAdminChargeFrequency": null,
                        "loanApprovalFee": null,
                        "lockRate": null,
                        "lockRateExpiryDate": null,
                        "lockRateFee": null,
                        "marginAfterFixedRateTerm": null,
                        "openedDate": null,
                        "preProcessingChanges": null,
                        "productCategory": "Non-ANZ Facility",
                        "productCode": null,
                        "productStatus": null,
                        "qualifyingNatureOfTheProduct": null,
                        "referenceIndex": null,
                        "referenceIndexRate": null,
                        "remainingTermMonths": null,
                        "remainingTermYears": null,
                        "renewalFee": null,
                        "repaymentAmount": null,
                        "repaymentCriteria": null,
                        "repaymentFrequency": null,
                        "repaymentNature": null,
                        "sbosProductCode": "NONANZ09",
                        "secured": null,
                        "sequence": null,
                        "subProductCode": null,
                        "subProductDescription": null,
                        "totalTermMonths": null,
                        "totalTermYears": null,
                        "unappliedFundsBalance": null
                    },
                    "facilityId": 49019,
                    "isModified": false,
                    "isNew": false,
                    "isNonAnzFacility": true,
                    "isReadOnly": false,
                    "proposed": null,
                    "reasonForNonSelection": null,
                    "selectedForApplication": null,
                    "selectedGroupId": null
                },
                {
                    "__id": "49018",
                    "accountRelationship": "SOL",
                    "amended": false,
                    "borrowerIds": [
                        "8f772de0-46bf-4fcf-ab0a-ff7fa69dbecc"
                    ],
                    "current": {
                        "accountBsb": null,
                        "accountName": null,
                        "accountStatus": null,
                        "accountType": null,
                        "adjustedTbl": null,
                        "amountForRedraw": null,
                        "balloonAmount": null,
                        "borrowerRelations": null,
                        "ccrRating": null,
                        "cpid": null,
                        "creditFacilityFee": null,
                        "creditFacilityFeeCode": null,
                        "creditFacilityFeeFrequency": null,
                        "currentBalance": 1000.00,
                        "custProduct": null,
                        "daysDelinquent": null,
                        "detailsOfFacilityPurpose": null,
                        "drawingTermDays": null,
                        "establishmentFee": null,
                        "facilityAccountNumber": null,
                        "facilityExpiryDate": null,
                        "facilityPurpose": "01",
                        "facilityType": null,
                        "fixedInterestRate": null,
                        "fixedRateTermMonths": null,
                        "fixedRateTermYears": null,
                        "foreignCurrency": null,
                        "hasANZBusinessPkg": null,
                        "hasExpired": null,
                        "hasExpiryDate": false,
                        "hasLockRate": null,
                        "iGFacilityFeeAmount": null,
                        "iGFacilityFeeFrequency": null,
                        "iGFacilityFeeLimit": null,
                        "iGFeePerBankGuaranteeAmount": null,
                        "iGFeePerBankGuaranteeFrequency": null,
                        "iGFeePerBankGuaranteeLimit": null,
                        "iGType": null,
                        "includeInOffer": true,
                        "institution": "ANZ",
                        "interestChargeCycle": null,
                        "interestMargin": null,
                        "interestOnlyTermMonths": null,
                        "interestOnlyTermYears": null,
                        "interestPaymentAccountNumber": null,
                        "interestRate": 14.99,
                        "isBalloonPayment": null,
                        "isFullyDrawn": null,
                        "isL5CashCovered": null,
                        "isOffsetOffered": null,
                        "isProductFullyResidentiallySecured": null,
                        "isRedrawOption": null,
                        "isRevolvingLimit": null,
                        "liabilityType": "CC",
                        "limit": 1000.00,
                        "limitApprovalFee": null,
                        "limitVerified": null,
                        "lineManagerApprovalReceived": null,
                        "linkedToClg": null,
                        "loanAdminCharge": null,
                        "loanAdminChargeCode": null,
                        "loanAdminChargeFrequency": null,
                        "loanApprovalFee": null,
                        "lockRate": null,
                        "lockRateExpiryDate": null,
                        "lockRateFee": null,
                        "marginAfterFixedRateTerm": null,
                        "openedDate": null,
                        "preProcessingChanges": null,
                        "productCategory": "Credit Card",
                        "productCode": null,
                        "productStatus": null,
                        "qualifyingNatureOfTheProduct": null,
                        "referenceIndex": null,
                        "referenceIndexRate": null,
                        "remainingTermMonths": null,
                        "remainingTermYears": null,
                        "renewalFee": null,
                        "repaymentAmount": null,
                        "repaymentCriteria": null,
                        "repaymentFrequency": null,
                        "repaymentNature": null,
                        "sbosProductCode": null,
                        "secured": null,
                        "sequence": null,
                        "subProductCode": null,
                        "subProductDescription": null,
                        "totalTermMonths": null,
                        "totalTermYears": null,
                        "unappliedFundsBalance": null
                    },
                    "facilityId": 49018,
                    "isModified": false,
                    "isNew": false,
                    "isNonAnzFacility": false,
                    "isReadOnly": false,
                    "proposed": null,
                    "reasonForNonSelection": null,
                    "selectedForApplication": null,
                    "selectedGroupId": null
                },
                {
                    "__id": "49017",
                    "accountRelationship": "SOL",
                    "amended": false,
                    "borrowerIds": [
                        "8f772de0-46bf-4fcf-ab0a-ff7fa69dbecc"
                    ],
                    "current": {
                        "accountBsb": null,
                        "accountName": null,
                        "accountStatus": null,
                        "accountType": null,
                        "adjustedTbl": null,
                        "amountForRedraw": null,
                        "balloonAmount": null,
                        "borrowerRelations": null,
                        "ccrRating": null,
                        "cpid": null,
                        "creditFacilityFee": null,
                        "creditFacilityFeeCode": null,
                        "creditFacilityFeeFrequency": null,
                        "currentBalance": 1000.00,
                        "custProduct": null,
                        "daysDelinquent": null,
                        "detailsOfFacilityPurpose": null,
                        "drawingTermDays": null,
                        "establishmentFee": null,
                        "facilityAccountNumber": null,
                        "facilityExpiryDate": null,
                        "facilityPurpose": "01",
                        "facilityType": "Overdraft",
                        "fixedInterestRate": null,
                        "fixedRateTermMonths": null,
                        "fixedRateTermYears": null,
                        "foreignCurrency": null,
                        "hasANZBusinessPkg": null,
                        "hasExpired": null,
                        "hasExpiryDate": false,
                        "hasLockRate": null,
                        "iGFacilityFeeAmount": null,
                        "iGFacilityFeeFrequency": null,
                        "iGFacilityFeeLimit": null,
                        "iGFeePerBankGuaranteeAmount": null,
                        "iGFeePerBankGuaranteeFrequency": null,
                        "iGFeePerBankGuaranteeLimit": null,
                        "iGType": null,
                        "includeInOffer": true,
                        "institution": "OTHER",
                        "interestChargeCycle": null,
                        "interestMargin": null,
                        "interestOnlyTermMonths": null,
                        "interestOnlyTermYears": null,
                        "interestPaymentAccountNumber": null,
                        "interestRate": 14.99,
                        "isBalloonPayment": null,
                        "isFullyDrawn": null,
                        "isL5CashCovered": null,
                        "isOffsetOffered": null,
                        "isProductFullyResidentiallySecured": null,
                        "isRedrawOption": null,
                        "isRevolvingLimit": null,
                        "liabilityType": "OD",
                        "limit": 1000.00,
                        "limitApprovalFee": null,
                        "limitVerified": null,
                        "lineManagerApprovalReceived": null,
                        "linkedToClg": null,
                        "loanAdminCharge": null,
                        "loanAdminChargeCode": null,
                        "loanAdminChargeFrequency": null,
                        "loanApprovalFee": null,
                        "lockRate": null,
                        "lockRateExpiryDate": null,
                        "lockRateFee": null,
                        "marginAfterFixedRateTerm": null,
                        "openedDate": null,
                        "preProcessingChanges": null,
                        "productCategory": "Non-ANZ Facility",
                        "productCode": null,
                        "productStatus": null,
                        "qualifyingNatureOfTheProduct": null,
                        "referenceIndex": null,
                        "referenceIndexRate": null,
                        "remainingTermMonths": null,
                        "remainingTermYears": null,
                        "renewalFee": null,
                        "repaymentAmount": null,
                        "repaymentCriteria": null,
                        "repaymentFrequency": null,
                        "repaymentNature": null,
                        "sbosProductCode": "NONANZ11",
                        "secured": null,
                        "sequence": null,
                        "subProductCode": null,
                        "subProductDescription": null,
                        "totalTermMonths": null,
                        "totalTermYears": null,
                        "unappliedFundsBalance": null
                    },
                    "facilityId": 49017,
                    "isModified": false,
                    "isNew": false,
                    "isNonAnzFacility": true,
                    "isReadOnly": false,
                    "proposed": null,
                    "reasonForNonSelection": null,
                    "selectedForApplication": null,
                    "selectedGroupId": null
                },
                {
                    "__id": "49023",
                    "accountRelationship": "SOL",
                    "amended": false,
                    "borrowerIds": [
                        "8f772de0-46bf-4fcf-ab0a-ff7fa69dbecc"
                    ],
                    "current": {
                        "accountBsb": null,
                        "accountName": null,
                        "accountStatus": null,
                        "accountType": null,
                        "adjustedTbl": null,
                        "amountForRedraw": null,
                        "balloonAmount": null,
                        "borrowerRelations": null,
                        "ccrRating": null,
                        "cpid": null,
                        "creditFacilityFee": null,
                        "creditFacilityFeeCode": null,
                        "creditFacilityFeeFrequency": null,
                        "currentBalance": 1000.00,
                        "custProduct": null,
                        "daysDelinquent": null,
                        "detailsOfFacilityPurpose": null,
                        "drawingTermDays": null,
                        "establishmentFee": null,
                        "facilityAccountNumber": null,
                        "facilityExpiryDate": null,
                        "facilityPurpose": "01",
                        "facilityType": "Term loan",
                        "fixedInterestRate": null,
                        "fixedRateTermMonths": null,
                        "fixedRateTermYears": null,
                        "foreignCurrency": null,
                        "hasANZBusinessPkg": null,
                        "hasExpired": null,
                        "hasExpiryDate": false,
                        "hasLockRate": null,
                        "iGFacilityFeeAmount": null,
                        "iGFacilityFeeFrequency": null,
                        "iGFacilityFeeLimit": null,
                        "iGFeePerBankGuaranteeAmount": null,
                        "iGFeePerBankGuaranteeFrequency": null,
                        "iGFeePerBankGuaranteeLimit": null,
                        "iGType": null,
                        "includeInOffer": true,
                        "institution": "OTHER",
                        "interestChargeCycle": null,
                        "interestMargin": null,
                        "interestOnlyTermMonths": 5,
                        "interestOnlyTermYears": 1,
                        "interestPaymentAccountNumber": null,
                        "interestRate": 14.99,
                        "isBalloonPayment": null,
                        "isFullyDrawn": null,
                        "isL5CashCovered": null,
                        "isOffsetOffered": null,
                        "isProductFullyResidentiallySecured": null,
                        "isRedrawOption": null,
                        "isRevolvingLimit": null,
                        "liabilityType": "TML",
                        "limit": 1000.00,
                        "limitApprovalFee": null,
                        "limitVerified": null,
                        "lineManagerApprovalReceived": null,
                        "linkedToClg": null,
                        "loanAdminCharge": null,
                        "loanAdminChargeCode": null,
                        "loanAdminChargeFrequency": null,
                        "loanApprovalFee": null,
                        "lockRate": null,
                        "lockRateExpiryDate": null,
                        "lockRateFee": null,
                        "marginAfterFixedRateTerm": null,
                        "openedDate": null,
                        "preProcessingChanges": null,
                        "productCategory": "Non-ANZ Facility",
                        "productCode": null,
                        "productStatus": null,
                        "qualifyingNatureOfTheProduct": null,
                        "referenceIndex": null,
                        "referenceIndexRate": null,
                        "remainingTermMonths": 11,
                        "remainingTermYears": 5,
                        "renewalFee": null,
                        "repaymentAmount": null,
                        "repaymentCriteria": null,
                        "repaymentFrequency": null,
                        "repaymentNature": null,
                        "sbosProductCode": "NONANZ03",
                        "secured": null,
                        "sequence": null,
                        "subProductCode": null,
                        "subProductDescription": null,
                        "totalTermMonths": null,
                        "totalTermYears": null,
                        "unappliedFundsBalance": null
                    },
                    "facilityId": 49023,
                    "isModified": false,
                    "isNew": false,
                    "isNonAnzFacility": true,
                    "isReadOnly": false,
                    "proposed": null,
                    "reasonForNonSelection": null,
                    "selectedForApplication": null,
                    "selectedGroupId": null
                },
                {
                    "__id": "49022",
                    "accountRelationship": "SOL",
                    "amended": false,
                    "borrowerIds": [
                        "8f772de0-46bf-4fcf-ab0a-ff7fa69dbecc"
                    ],
                    "current": {
                        "accountBsb": null,
                        "accountName": null,
                        "accountStatus": null,
                        "accountType": null,
                        "adjustedTbl": null,
                        "amountForRedraw": null,
                        "balloonAmount": null,
                        "borrowerRelations": null,
                        "ccrRating": null,
                        "cpid": null,
                        "creditFacilityFee": null,
                        "creditFacilityFeeCode": null,
                        "creditFacilityFeeFrequency": null,
                        "currentBalance": 1000.00,
                        "custProduct": null,
                        "daysDelinquent": null,
                        "detailsOfFacilityPurpose": null,
                        "drawingTermDays": null,
                        "establishmentFee": null,
                        "facilityAccountNumber": null,
                        "facilityExpiryDate": null,
                        "facilityPurpose": "01",
                        "facilityType": null,
                        "fixedInterestRate": null,
                        "fixedRateTermMonths": null,
                        "fixedRateTermYears": null,
                        "foreignCurrency": null,
                        "hasANZBusinessPkg": null,
                        "hasExpired": null,
                        "hasExpiryDate": false,
                        "hasLockRate": null,
                        "iGFacilityFeeAmount": null,
                        "iGFacilityFeeFrequency": null,
                        "iGFacilityFeeLimit": null,
                        "iGFeePerBankGuaranteeAmount": null,
                        "iGFeePerBankGuaranteeFrequency": null,
                        "iGFeePerBankGuaranteeLimit": null,
                        "iGType": null,
                        "includeInOffer": true,
                        "institution": "ANZ",
                        "interestChargeCycle": null,
                        "interestMargin": null,
                        "interestOnlyTermMonths": 5,
                        "interestOnlyTermYears": 1,
                        "interestPaymentAccountNumber": null,
                        "interestRate": 14.99,
                        "isBalloonPayment": null,
                        "isFullyDrawn": null,
                        "isL5CashCovered": null,
                        "isOffsetOffered": null,
                        "isProductFullyResidentiallySecured": null,
                        "isRedrawOption": null,
                        "isRevolvingLimit": null,
                        "liabilityType": "TML",
                        "limit": 1000.00,
                        "limitApprovalFee": null,
                        "limitVerified": null,
                        "lineManagerApprovalReceived": null,
                        "linkedToClg": null,
                        "loanAdminCharge": null,
                        "loanAdminChargeCode": null,
                        "loanAdminChargeFrequency": null,
                        "loanApprovalFee": null,
                        "lockRate": null,
                        "lockRateExpiryDate": null,
                        "lockRateFee": null,
                        "marginAfterFixedRateTerm": null,
                        "openedDate": null,
                        "preProcessingChanges": null,
                        "productCategory": "ABL",
                        "productCode": null,
                        "productStatus": null,
                        "qualifyingNatureOfTheProduct": null,
                        "referenceIndex": null,
                        "referenceIndexRate": null,
                        "remainingTermMonths": 11,
                        "remainingTermYears": 5,
                        "renewalFee": null,
                        "repaymentAmount": 500.00,
                        "repaymentCriteria": null,
                        "repaymentFrequency": "M",
                        "repaymentNature": null,
                        "sbosProductCode": null,
                        "secured": null,
                        "sequence": null,
                        "subProductCode": null,
                        "subProductDescription": null,
                        "totalTermMonths": null,
                        "totalTermYears": null,
                        "unappliedFundsBalance": null
                    },
                    "facilityId": 49022,
                    "isModified": false,
                    "isNew": false,
                    "isNonAnzFacility": false,
                    "isReadOnly": false,
                    "proposed": null,
                    "reasonForNonSelection": null,
                    "selectedForApplication": null,
                    "selectedGroupId": null
                },
                {
                    "__id": "49021",
                    "accountRelationship": "SOL",
                    "amended": false,
                    "borrowerIds": [
                        "8f772de0-46bf-4fcf-ab0a-ff7fa69dbecc"
                    ],
                    "current": {
                        "accountBsb": null,
                        "accountName": null,
                        "accountStatus": null,
                        "accountType": null,
                        "adjustedTbl": null,
                        "amountForRedraw": null,
                        "balloonAmount": null,
                        "borrowerRelations": null,
                        "ccrRating": null,
                        "cpid": null,
                        "creditFacilityFee": null,
                        "creditFacilityFeeCode": null,
                        "creditFacilityFeeFrequency": null,
                        "currentBalance": 1000.00,
                        "custProduct": null,
                        "daysDelinquent": null,
                        "detailsOfFacilityPurpose": null,
                        "drawingTermDays": null,
                        "establishmentFee": null,
                        "facilityAccountNumber": null,
                        "facilityExpiryDate": null,
                        "facilityPurpose": "01",
                        "facilityType": "Lease/Hire purchase",
                        "fixedInterestRate": null,
                        "fixedRateTermMonths": null,
                        "fixedRateTermYears": null,
                        "foreignCurrency": null,
                        "hasANZBusinessPkg": null,
                        "hasExpired": null,
                        "hasExpiryDate": false,
                        "hasLockRate": null,
                        "iGFacilityFeeAmount": null,
                        "iGFacilityFeeFrequency": null,
                        "iGFacilityFeeLimit": null,
                        "iGFeePerBankGuaranteeAmount": null,
                        "iGFeePerBankGuaranteeFrequency": null,
                        "iGFeePerBankGuaranteeLimit": null,
                        "iGType": null,
                        "includeInOffer": true,
                        "institution": "OTHER",
                        "interestChargeCycle": null,
                        "interestMargin": null,
                        "interestOnlyTermMonths": null,
                        "interestOnlyTermYears": null,
                        "interestPaymentAccountNumber": null,
                        "interestRate": null,
                        "isBalloonPayment": null,
                        "isFullyDrawn": null,
                        "isL5CashCovered": null,
                        "isOffsetOffered": null,
                        "isProductFullyResidentiallySecured": null,
                        "isRedrawOption": null,
                        "isRevolvingLimit": null,
                        "liabilityType": "LEH",
                        "limit": 1000.00,
                        "limitApprovalFee": null,
                        "limitVerified": null,
                        "lineManagerApprovalReceived": null,
                        "linkedToClg": null,
                        "loanAdminCharge": null,
                        "loanAdminChargeCode": null,
                        "loanAdminChargeFrequency": null,
                        "loanApprovalFee": null,
                        "lockRate": null,
                        "lockRateExpiryDate": null,
                        "lockRateFee": null,
                        "marginAfterFixedRateTerm": null,
                        "openedDate": null,
                        "preProcessingChanges": null,
                        "productCategory": "Non-ANZ Facility",
                        "productCode": null,
                        "productStatus": null,
                        "qualifyingNatureOfTheProduct": null,
                        "referenceIndex": null,
                        "referenceIndexRate": null,
                        "remainingTermMonths": 2,
                        "remainingTermYears": 1,
                        "renewalFee": null,
                        "repaymentAmount": 500.00,
                        "repaymentCriteria": null,
                        "repaymentFrequency": "F",
                        "repaymentNature": null,
                        "sbosProductCode": "NONANZ01",
                        "secured": null,
                        "sequence": null,
                        "subProductCode": null,
                        "subProductDescription": null,
                        "totalTermMonths": null,
                        "totalTermYears": null,
                        "unappliedFundsBalance": null
                    },
                    "facilityId": 49021,
                    "isModified": false,
                    "isNew": false,
                    "isNonAnzFacility": true,
                    "isReadOnly": false,
                    "proposed": null,
                    "reasonForNonSelection": null,
                    "selectedForApplication": null,
                    "selectedGroupId": null
                },
                {
                    "__id": "4901",
                    "accountRelationship": "SOL",
                    "amended": false,
                    "borrowerIds": [
                        "8f772de0-46bf-4fcf-ab0a-ff7fa69dbecc"
                    ],
                    "current": {
                        "accountBsb": null,
                        "accountName": null,
                        "accountStatus": null,
                        "accountType": null,
                        "adjustedTbl": null,
                        "amountForRedraw": null,
                        "balloonAmount": null,
                        "borrowerRelations": null,
                        "ccrRating": null,
                        "cpid": null,
                        "creditFacilityFee": null,
                        "creditFacilityFeeCode": null,
                        "creditFacilityFeeFrequency": null,
                        "currentBalance": 1000.00,
                        "custProduct": null,
                        "daysDelinquent": null,
                        "detailsOfFacilityPurpose": null,
                        "drawingTermDays": null,
                        "establishmentFee": null,
                        "facilityAccountNumber": null,
                        "facilityExpiryDate": null,
                        "facilityPurpose": "01",
                        "facilityType": null,
                        "fixedInterestRate": null,
                        "fixedRateTermMonths": null,
                        "fixedRateTermYears": null,
                        "foreignCurrency": null,
                        "hasANZBusinessPkg": null,
                        "hasExpired": null,
                        "hasExpiryDate": false,
                        "hasLockRate": null,
                        "iGFacilityFeeAmount": null,
                        "iGFacilityFeeFrequency": null,
                        "iGFacilityFeeLimit": null,
                        "iGFeePerBankGuaranteeAmount": null,
                        "iGFeePerBankGuaranteeFrequency": null,
                        "iGFeePerBankGuaranteeLimit": null,
                        "iGType": null,
                        "includeInOffer": true,
                        "institution": "ANZ",
                        "interestChargeCycle": null,
                        "interestMargin": null,
                        "interestOnlyTermMonths": null,
                        "interestOnlyTermYears": null,
                        "interestPaymentAccountNumber": null,
                        "interestRate": 14.99,
                        "isBalloonPayment": null,
                        "isFullyDrawn": null,
                        "isL5CashCovered": null,
                        "isOffsetOffered": null,
                        "isProductFullyResidentiallySecured": null,
                        "isRedrawOption": null,
                        "isRevolvingLimit": null,
                        "liabilityType": "OLL",
                        "limit": 1000.00,
                        "limitApprovalFee": null,
                        "limitVerified": null,
                        "lineManagerApprovalReceived": null,
                        "linkedToClg": null,
                        "loanAdminCharge": null,
                        "loanAdminChargeCode": null,
                        "loanAdminChargeFrequency": null,
                        "loanApprovalFee": null,
                        "lockRate": null,
                        "lockRateExpiryDate": null,
                        "lockRateFee": null,
                        "marginAfterFixedRateTerm": null,
                        "openedDate": null,
                        "preProcessingChanges": null,
                        "productCategory": "Other",
                        "productCode": null,
                        "productStatus": null,
                        "qualifyingNatureOfTheProduct": null,
                        "referenceIndex": null,
                        "referenceIndexRate": null,
                        "remainingTermMonths": null,
                        "remainingTermYears": null,
                        "renewalFee": null,
                        "repaymentAmount": null,
                        "repaymentCriteria": null,
                        "repaymentFrequency": null,
                        "repaymentNature": null,
                        "sbosProductCode": null,
                        "secured": null,
                        "sequence": null,
                        "subProductCode": null,
                        "subProductDescription": null,
                        "totalTermMonths": null,
                        "totalTermYears": null,
                        "unappliedFundsBalance": null
                    },
                    "facilityId": 4901,
                    "isModified": false,
                    "isNew": false,
                    "isNonAnzFacility": false,
                    "isReadOnly": false,
                    "proposed": null,
                    "reasonForNonSelection": null,
                    "selectedForApplication": null,
                    "selectedGroupId": null
                },
                {
                    "__id": "49015",
                    "accountRelationship": "SOL",
                    "amended": false,
                    "borrowerIds": [
                        "8f772de0-46bf-4fcf-ab0a-ff7fa69dbecc"
                    ],
                    "current": {
                        "accountBsb": null,
                        "accountName": null,
                        "accountStatus": null,
                        "accountType": null,
                        "adjustedTbl": null,
                        "amountForRedraw": null,
                        "balloonAmount": null,
                        "borrowerRelations": null,
                        "ccrRating": null,
                        "cpid": null,
                        "creditFacilityFee": null,
                        "creditFacilityFeeCode": null,
                        "creditFacilityFeeFrequency": null,
                        "currentBalance": 1000.00,
                        "custProduct": null,
                        "daysDelinquent": null,
                        "detailsOfFacilityPurpose": null,
                        "drawingTermDays": null,
                        "establishmentFee": null,
                        "facilityAccountNumber": null,
                        "facilityExpiryDate": null,
                        "facilityPurpose": "01",
                        "facilityType": "Other",
                        "fixedInterestRate": null,
                        "fixedRateTermMonths": null,
                        "fixedRateTermYears": null,
                        "foreignCurrency": null,
                        "hasANZBusinessPkg": null,
                        "hasExpired": null,
                        "hasExpiryDate": false,
                        "hasLockRate": null,
                        "iGFacilityFeeAmount": null,
                        "iGFacilityFeeFrequency": null,
                        "iGFacilityFeeLimit": null,
                        "iGFeePerBankGuaranteeAmount": null,
                        "iGFeePerBankGuaranteeFrequency": null,
                        "iGFeePerBankGuaranteeLimit": null,
                        "iGType": null,
                        "includeInOffer": true,
                        "institution": "OTHER",
                        "interestChargeCycle": null,
                        "interestMargin": null,
                        "interestOnlyTermMonths": null,
                        "interestOnlyTermYears": null,
                        "interestPaymentAccountNumber": null,
                        "interestRate": 14.99,
                        "isBalloonPayment": null,
                        "isFullyDrawn": null,
                        "isL5CashCovered": null,
                        "isOffsetOffered": null,
                        "isProductFullyResidentiallySecured": null,
                        "isRedrawOption": null,
                        "isRevolvingLimit": null,
                        "liabilityType": "OLL",
                        "limit": 1000.00,
                        "limitApprovalFee": null,
                        "limitVerified": null,
                        "lineManagerApprovalReceived": null,
                        "linkedToClg": null,
                        "loanAdminCharge": null,
                        "loanAdminChargeCode": null,
                        "loanAdminChargeFrequency": null,
                        "loanApprovalFee": null,
                        "lockRate": null,
                        "lockRateExpiryDate": null,
                        "lockRateFee": null,
                        "marginAfterFixedRateTerm": null,
                        "openedDate": null,
                        "preProcessingChanges": null,
                        "productCategory": "Non-ANZ Facility",
                        "productCode": null,
                        "productStatus": null,
                        "qualifyingNatureOfTheProduct": null,
                        "referenceIndex": null,
                        "referenceIndexRate": null,
                        "remainingTermMonths": null,
                        "remainingTermYears": null,
                        "renewalFee": null,
                        "repaymentAmount": null,
                        "repaymentCriteria": null,
                        "repaymentFrequency": null,
                        "repaymentNature": null,
                        "sbosProductCode": "NONANZ04",
                        "secured": null,
                        "sequence": null,
                        "subProductCode": null,
                        "subProductDescription": null,
                        "totalTermMonths": null,
                        "totalTermYears": null,
                        "unappliedFundsBalance": null
                    },
                    "facilityId": 49015,
                    "isModified": false,
                    "isNew": false,
                    "isNonAnzFacility": true,
                    "isReadOnly": false,
                    "proposed": null,
                    "reasonForNonSelection": null,
                    "selectedForApplication": null,
                    "selectedGroupId": null
                },
                {
                    "__id": "49016",
                    "accountRelationship": "SOL",
                    "amended": false,
                    "borrowerIds": [
                        "8f772de0-46bf-4fcf-ab0a-ff7fa69dbecc"
                    ],
                    "current": {
                        "accountBsb": null,
                        "accountName": null,
                        "accountStatus": null,
                        "accountType": null,
                        "adjustedTbl": null,
                        "amountForRedraw": null,
                        "balloonAmount": null,
                        "borrowerRelations": null,
                        "ccrRating": null,
                        "cpid": null,
                        "creditFacilityFee": null,
                        "creditFacilityFeeCode": null,
                        "creditFacilityFeeFrequency": null,
                        "currentBalance": 1000.00,
                        "custProduct": null,
                        "daysDelinquent": null,
                        "detailsOfFacilityPurpose": null,
                        "drawingTermDays": null,
                        "establishmentFee": null,
                        "facilityAccountNumber": null,
                        "facilityExpiryDate": null,
                        "facilityPurpose": "01",
                        "facilityType": null,
                        "fixedInterestRate": null,
                        "fixedRateTermMonths": null,
                        "fixedRateTermYears": null,
                        "foreignCurrency": null,
                        "hasANZBusinessPkg": null,
                        "hasExpired": null,
                        "hasExpiryDate": false,
                        "hasLockRate": null,
                        "iGFacilityFeeAmount": null,
                        "iGFacilityFeeFrequency": null,
                        "iGFacilityFeeLimit": null,
                        "iGFeePerBankGuaranteeAmount": null,
                        "iGFeePerBankGuaranteeFrequency": null,
                        "iGFeePerBankGuaranteeLimit": null,
                        "iGType": null,
                        "includeInOffer": true,
                        "institution": "ANZ",
                        "interestChargeCycle": null,
                        "interestMargin": null,
                        "interestOnlyTermMonths": null,
                        "interestOnlyTermYears": null,
                        "interestPaymentAccountNumber": null,
                        "interestRate": 14.99,
                        "isBalloonPayment": null,
                        "isFullyDrawn": null,
                        "isL5CashCovered": null,
                        "isOffsetOffered": null,
                        "isProductFullyResidentiallySecured": null,
                        "isRedrawOption": null,
                        "isRevolvingLimit": null,
                        "liabilityType": "OD",
                        "limit": 1000.00,
                        "limitApprovalFee": null,
                        "limitVerified": null,
                        "lineManagerApprovalReceived": null,
                        "linkedToClg": null,
                        "loanAdminCharge": null,
                        "loanAdminChargeCode": null,
                        "loanAdminChargeFrequency": null,
                        "loanApprovalFee": null,
                        "lockRate": null,
                        "lockRateExpiryDate": null,
                        "lockRateFee": null,
                        "marginAfterFixedRateTerm": null,
                        "openedDate": null,
                        "preProcessingChanges": null,
                        "productCategory": "Working Capital",
                        "productCode": null,
                        "productStatus": null,
                        "qualifyingNatureOfTheProduct": null,
                        "referenceIndex": null,
                        "referenceIndexRate": null,
                        "remainingTermMonths": null,
                        "remainingTermYears": null,
                        "renewalFee": null,
                        "repaymentAmount": null,
                        "repaymentCriteria": null,
                        "repaymentFrequency": null,
                        "repaymentNature": null,
                        "sbosProductCode": null,
                        "secured": null,
                        "sequence": null,
                        "subProductCode": null,
                        "subProductDescription": null,
                        "totalTermMonths": null,
                        "totalTermYears": null,
                        "unappliedFundsBalance": null
                    },
                    "facilityId": 49016,
                    "isModified": false,
                    "isNew": false,
                    "isNonAnzFacility": false,
                    "isReadOnly": false,
                    "proposed": null,
                    "reasonForNonSelection": null,
                    "selectedForApplication": null,
                    "selectedGroupId": null
                }
            ],
            "preProcessingNotes": null
        },
        "facilityVerification": {
            "isSecAgnstActivFacility": false,
            "isTotAblAboveLimit": false,
            "isTotODAboveLimit": false
        },
        "formType": {
            "anzsicCode": "2852",
            "areAllCrossCollateralisedSecurities": null,
            "completedApplications": [],
            "currentAnzsicCode": null,
            "hasDualApplication": null,
            "inFlightApplications": [],
            "riskQuestions": {
                "amountOutstanding": null,
                "exceptionComment": null,
                "exceptionalCircumstances": false,
                "fullYears": "1",
                "hasBeenTradingOneFullYear": true,
                "hasDirectorGuarantee": true,
                "isAccredited": false,
                "isConstruction": false,
                "isForBusinessInvestment": true,
                "isOwnershipOneYear": true,
                "lastDrawdownDate": null,
                "multipleFinclsAttached": null,
                "requireLegalAdvice": false,
                "riskGradeReview": null,
                "secFacilities": "N",
                "taxationOutstanding": false
            },
            "type": {
                "areSecuredLendingRequirementsMet": null,
                "formTypeDescription": null,
                "value": "OLA"
            }
        },
        "indicativeSettlementDate": null,
        "ineligibilityReason": [],
        "isAssigned": false,
        "isCTSCalculated": false,
        "isCapacityUnlocked": false,
        "isFormTypeCalculated": false,
        "isOwner": false,
        "isQuoteGenerated": false,
        "isReferredByBanker": true,
        "lastCalculatedCTSResult": null,
        "olacustContactRequest": null,
        "olasubmissionReasonCode": "RS4",
        "olasubmissionReasonCodeText": "Full submission with conditional approval",
        "olasubmissionType": "Review and Submit",
        "opportunityId": null,
        "opportunityIdSourcedFromIknow": false,
        "prepopulation": null,
        "quickAssist": {
            "__id": null,
            "amendedANZLiability": null,
            "amendedExpensesAmount": null,
            "amendedIncomeAmount": null,
            "amendedNPBT": null,
            "amendedOFILiability": null,
            "calculateCtsIndicator": null,
            "downsellAccepted": true,
            "qaANZLiability": null,
            "qaANZLiabilityVerified": null,
            "qaExpenseAmount": null,
            "qaExpenseAmountVerified": null,
            "qaIncomeAmount": null,
            "qaIncomeAmountVerified": null,
            "qaLimitHighAmount": null,
            "qaLimitLowAmount": null,
            "qaLimitsAccepted": null,
            "qaLimitsDuration": null,
            "qaLimitsEnddate": null,
            "qaLimitsStartdate": null,
            "qaNPBT": null,
            "qaNPBTVerified": null,
            "qaOFILiability": null,
            "qaOFILiabilityVerified": null,
            "recalculatedQAHighAmount": null,
            "recalculatedQALowAmount": null
        },
        "reassignToMe": false,
        "referrerBankerFirstName": "TestFname",
        "referrerBankerLastName": null,
        "securities": {
            "securitiesCrossCollateralised": null,
            "securityCover": null,
            "securityList": []
        },
        "serviceability": {
            "associatePartyList": [],
            "businessFinancials": [],
            "cashflowForecast": null,
            "fullServiceabilityQuestions": {
                "hasPropertyLeaseAgreement": false,
                "propertyLeaseTermsAndExpiryDates": "24"
            },
            "ruralCommodity": {
                "calvingRate": null,
                "diaryProductionLastYear": null,
                "diaryProductionType": null,
                "estimatedIrrigationAreaBroadacre": null,
                "estimatedIrrigationAreaHorticulture": null,
                "milkType": null,
                "numberOfLivestockCattle": null,
                "numberOfLivestockDairy": null,
                "pigCommodities": null,
                "sourceOfIncomeBroadacre": null,
                "sourceOfIncomeCattle": null,
                "sourceOfIncomeDairy": null,
                "sourceOfIncomeHorticulture": null,
                "sourceOfIncomeOrchards": null,
                "sourceOfIncomeOtherLivestock": null,
                "sourceOfIncomePigs": null,
                "sourceOfIncomePoultry": null,
                "sourceOfIncomeSeafood": null,
                "sourceOfIncomeSheep": null,
                "sourceOfIncomeSugar": null,
                "sourceOfIncomeTimber": null,
                "sourceOfIncomeWine": null,
                "supplierContractHeld": null,
                "supplyCompanyDairy": null,
                "supplyCompanyPoultry": null,
                "taxYearCovered": null,
                "totalAreaBroadacre": null,
                "totalAreaCattle": null,
                "totalAreaDairy": null,
                "totalAreaHorticulture": null,
                "totalAreaPigs": null,
                "totalGrazingArea": null,
                "tradingDurationOtherCompany": null
            },
            "ruralServiceabilityQuestions": {
                "farmAdverseConditionDetails": null,
                "farmConsultantVisitDetails": null,
                "farmEntitlementsDetails": null,
                "isFarmAdverseCondition": null,
                "isFarmConsultantVisited": null,
                "isFarmEntitlements": null,
                "isShareFarm": null,
                "shareFarmDetails": null,
                "totalAreaOfFarm": null,
                "yearsExpExistingFarmProperty": null
            },
            "ruralSop": null,
            "vendorFinancial": null
        },
        "sidebar": {
            "amtRequested": 150000.00,
            "ccr": null,
            "cisId": null,
            "cisTbl": {
                "adjustedTbl": 150000.00,
                "currentAssetFinanceTbl": 0,
                "currentCapTbl": 0,
                "currentConsolidatedTbl": 0,
                "linkedAppsAdjustedTbl": -150000.00,
                "manuallyAddedInflightGaf": 0,
                "manuallyAddedInflightGafAndSb": 0,
                "proposedAssetFinanceTbl": 0,
                "proposedCapTbl": 0,
                "proposedConsolidatedTbl": 0,
                "proposedConsolidatedTblForSi": 0,
                "systemCalcTbl": 0
            },
            "bankerDeterminedTbl": 0,
            "clgId": null,
            "clgTbl": null,
            "extendedValue": null,
            "mediumFormLimit": null,
            "pi": null,
            "securityExtensions": null,
            "securityFmv": null,
            "securityIndicator": null,
            "shortFormLimit": null,
            "vcadLimit": {
                "customerLimits": [],
                "mediumFormLimitSecured": null,
                "mediumFormLimitUnSecured": null,
                "shortFormLimitSecured": null,
                "shortFormLimitUnSecured": null,
                "siMediumFormLimit": 0,
                "siShortFormLimit": 0
            },
            "vcadLimitNotModified": null
        },
        "submit": {
            "agreeToTermsAndConditions": false,
            "agreementStatement": null,
            "declarationItems": [
                {
                    "id": 1,
                    "text": "I confirm I have read and understood the above information about ANZs collection, use and disclosure of my personal and business information and confirm that my business and I meet the eligibility criteria. I acknowledge that ANZ may ask for additional information to consider my application for credit and that ANZ may not be able to assess my application if not provided."
                },
                {
                    "id": 2,
                    "text": "By agreeing to check your financial eligibility, you confirm that the financials youve shared are complete, accurate, and a true reflection of ACG PTY LTD's financial performance."
                }
            ],
            "securityValuationWithinPolicy": null
        },
        "tempOD": null,
        "tpmi": null,
        "uiErrorModel": { },
        "variationSummary": null,
        "wasCTSCalculated": false,
        "wasFormTypeCalculated": false,
        "withdrawReason": null
    },
    "applicationV2": null,
    "changes": {
        "entities": null,
        "facilities": null,
        "formType": null,
        "isDataChanged": false,
        "securities": null
    }
}