{
  "values": [
    {
      "category": "Registration Information",
      "reasons": [
        {
          "reasonCode": "RE1",
          "reasonText": "Legal entity name mismatch",
          "reasonDescription": "Legal Entity Name provided in OLA and Legal Entity Name on ABR/EQUIFAX do not match."
        },
        {
          "reasonCode": "RE3",
          "reasonText": "ABN is not registered",
          "reasonDescription": "ABN is no longer listed as 'registered/active'."
        },
        {
          "reasonCode": "RE4",
          "reasonText": "ABN mismatch",
          "reasonDescription": "ABN does not match other identifiers such as Business Name/Legal Name/ACN."
        },
        {
          "reasonCode": "RE5",
          "reasonText": "ABN was registered less than 12 months ago",
          "reasonDescription": "ABN was registered less than 12 months before this application."
        },
        {
          "reasonCode": "RE6",
          "reasonText": "GST status is not registered",
          "reasonDescription": "GST is not currently registered with the ABR."
        },
        {
          "reasonCode": "RE7",
          "reasonText": "GST was registered less than 12 months ago",
          "reasonDescription": "GST has not been registered continuously over the last 12 months."
        },
        {
          "reasonCode": "RE8",
          "reasonText": "ACN status is not registered",
          "reasonDescription": "ACN is not listed as registered/active."
        },
        {
          "reasonCode": "RE9",
          "reasonText": "Company type is not Australia Pty Ltd",
          "reasonDescription": "Company type is not Australian Proprietary Company."
        },
        {
          "reasonCode": "RE10",
          "reasonText": "Company class is not Limited by Shares",
          "reasonDescription": "Company class is not 'Limited by Shares'."
        },
        {
          "reasonCode": "RE11",
          "reasonText": "Company sub-class is not Proprietary Company",
          "reasonDescription": "Company sub-class is not Proprietary Company."
        },
        {
          "reasonCode": "RE12",
          "reasonText": "Country of establishment is not Australia",
          "reasonDescription": "Legal Borrowing Entity was established in a foreign country."
        }
      ]
    },
    {
      "category": "Company Structure",
      "reasons": [
        {
          "reasonCode": "CS1",
          "reasonText": "Shareholder structure – Non-Director Beneficial Owner present",
          "reasonDescription": "The director of the company does not hold 100% of the company shares e.g. silent partner, company as shareholder"
        },
        {
          "reasonCode": "CS2",
          "reasonText": "Change in directorship was less than 12 months ago",
          "reasonDescription": "A person has been added or removed from directorship in the last 12 months."
        },
        {
          "reasonCode": "CS4",
          "reasonText": "Incorrect director details",
          "reasonDescription": "The director provided in the OLA is not the director listed in EQUIFAX for this company."
        },
        {
          "reasonCode": "CS5",
          "reasonText": "Additional directors were not captured",
          "reasonDescription": "There are more directors listed on ASIC for this company, than were provided in the OLA."
        }
      ]
    },
    {
      "category": "Lending Restrictions",
      "reasons": [
        {
          "reasonCode": "LR1",
          "reasonText": "CLG TBL is over $200,000",
          "reasonDescription": "Including the amount applied for, the total business lending for this CLG will greater than $200,000."
        },
        {
          "reasonCode": "LR2",
          "reasonText": "Borrowing entity has existing security",
          "reasonDescription": "For this borrowing entity the Security Indicator will be greater than 'G'"
        },
        {
          "reasonCode": "LR3",
          "reasonText": "Proposed ABL limit is over $200,000",
          "reasonDescription": "The ANZ Business Loan limit for this entity will exceed $200,000."
        },
        {
          "reasonCode": "LR4",
          "reasonText": "Proposed OD limit is over $100,000 for this entity",
          "reasonDescription": "The overdraft limit for this entity will exceed $100,000."
        },
        {
          "reasonCode": "LR5",
          "reasonText": "Ineligible controlling post",
          "reasonDescription": "The controlling post for this CLG is ineligible for this application type."
        }
      ]
    },
    {
      "category": "Historical",
      "reasons": [
        {
          "reasonCode": "HS1",
          "reasonText": "Customer is proceeding with an in-flight application",
          "reasonDescription": "The processing banker identified an in-flight application and the customer has chosen to proceed with that application."
        },
        {
          "reasonCode": "HS2",
          "reasonText": "Prior drawn application was less than 90 days ago",
          "reasonDescription": "The processing banker has identified a previous application, drawn within the last 90 days."
        }
      ]
    },
    {
      "category": "Other Withdrawal",
      "reasons": [
        {
          "reasonCode": "CW1",
          "reasonText": "Other withdrawal",
          "reasonDescription": "Other withdrawal"
        }
      ]
    },
    {
      "category": "Online Submission",
      "reasons": [
        {
          "reasonCode": "DC1",
          "reasonText": "Declined Online",
          "reasonDescription": "Application was declined in the online application"
        },
        {
          "reasonCode": "NQ1",
          "reasonText": "Not Qualified Online",
          "reasonDescription": "Application was identified as ineligible in the online application"
        }
      ]
    },
    {
      "category": "Sole Trader Checks",
      "reasons": [
        {
          "reasonCode": "ST1",
          "reasonText": "Sole Trader is not the same as Individual",
          "reasonDescription": "Sole Trader and Individual applicant are not the same"
        }    
      ]
    }
  ]
}
