{
    "customerProfile": {
        "customerType": "Business",
        "abn": "46006261623",
        "acn": "006261623",
        "acnWasDerived": true,
        "anzsicCode": "5124",
        "anzsicDesc": null,
        "businessAddressCountry": "AU",
        "businessAddressLine1": "670",
        "businessAddressLine2": "21 CHATSWORTH ROAD",
        "businessAddressLine3": null,
        "businessAddressPostCode": "3181",
        "businessAddressState": "VIC",
        "businessAddressSuburb": "PRAHRAN",
        "businessEntitySubType": "Private",
        "companyName": "JUPITER THAT IS THE SIXTH AND THE BIGGEST PLANET IN THE SOLAR SYSTEM PTY LTD",
        "contactName": "JANE  MARS",
        "customerEntityType": "Australian Company",
        "customerId": "208000101",
        "email": "Fiona.Campbell2@anz.com",
        "mailingAddressCountry": "AU",
        "mailingAddressLine1": "210",
        "mailingAddressLine2": "21 CHATSWORTH ROAD",
        "mailingAddressLine3": "Address line 3",
        "mailingAddressPostCode": "3181",
        "mailingAddressState": "VIC",
        "mailingAddressSuburb": "PRAHRAN",
        "mailingTitle": null,
        "phoneNumbers": [
            {
                "isPreferred": true,
                "number": "+610391111111",
                "type": "W"
            },
            {
                "isPreferred": true,
                "number": "+610381111111",
                "type": "W"
            },
            {
                "isPreferred": true,
                "number": "+610411111111",
                "type": "M"
            }
        ],
        "registeredAddressCountry": "AU",
        "registeredAddressLine1": "",
        "registeredAddressLine2": "445/21 CHATSWORTH Road",
        "registeredAddressLine3": "",
        "registeredAddressPostCode": "3181",
        "registeredAddressState": "VIC",
        "registeredAddressSuburb": "PRAHRAN",
        "taxResidentOutsideOfAustralia": "A",
        "titlePrefix": "THE MANAGER"
    }
}