{
    "customerProfile": {
        "customerType": "Business",
        "abn": null,
        "acn": "23450976",
        "acnWasDerived": false,
        "anzsicCode": "5124",
        "anzsicDesc": null,
        "businessAddressCountry": "AU",
        "businessAddressLine1": "670",
        "businessAddressLine2": "21 CHATSWORTH ROAD",
        "businessAddressLine3": null,
        "businessAddressPostCode": "3181",
        "businessAddressState": "VIC",
        "businessAddressSuburb": "PRAHRAN",
        "businessEntitySubType": "Private",
        "companyName": "JUPITER THAT IS THE SIXTH AND THE BIGGEST PLANET IN THE SOLAR SYSTEM IS A GAS GIANT WITH A MASS ONE-THOUSANDTH THAT OF THE SUN, BUT TWO-AND-A-HALF TIMES THAT OF ALL THE OTHER PLANETS IN THE SOLAR SYSTEM COMBINED IS ONE OF THE BRIGHTEST OBJECTS VISIBLE TO THE NAKED EYE IN THE NIGHT SKY, AND HAS BEEN KNOWN TO ANCIENT CIVILIZATIONS SINCE BEFORE RECORDED HISTORY PTY LTD",
        "contactName": "JANE  MARS",
        "customerEntityType": "Australian Company",
        "customerId": "208000107",
        "email": "Fiona.Campbell2@anz.com",
        "mailingAddressCountry": "AU",
        "mailingAddressLine1": "210",
        "mailingAddressLine2": "21 CHATSWORTH ROAD",
        "mailingAddressLine3": "Address line 3",
        "mailingAddressPostCode": "3181",
        "mailingAddressState": "VIC",
        "mailingAddressSuburb": "PRAHRAN",
        "mailingTitle": null,
        "phoneNumbers": [
            {
                "isPreferred": true,
                "number": "+610391111111",
                "type": "W"
            },
            {
                "isPreferred": true,
                "number": "+610381111111",
                "type": "W"
            },
            {
                "isPreferred": true,
                "number": "+610411111111",
                "type": "M"
            }
        ],
        "registeredAddressCountry": "AU",
        "registeredAddressLine1": "",
        "registeredAddressLine2": "445/21 CHATSWORTH Road",
        "registeredAddressLine3": "",
        "registeredAddressPostCode": "3181",
        "registeredAddressState": "VIC",
        "registeredAddressSuburb": "PRAHRAN",
        "taxResidentOutsideOfAustralia": "A",
        "titlePrefix": "THE MANAGER"
    }
}