{
  "values": [
    {
      "code": "011",
      "value": "Horticulture And Fruit Growing",
      "extensionValue": "01"
    },
    {
      "code": "012",
      "value": "Grain Sheep Beef Cattle Farming",
      "extensionValue": "01"
    },
    {
      "code": "013",
      "value": "Dairy Cattle Farming",
      "extensionValue": "01"
    },
    {
      "code": "014",
      "value": "Poultry Farming",
      "extensionValue": "01"
    },
    {
      "code": "015",
      "value": "Other Livestock Farming",
      "extensionValue": "01"
    },
    {
      "code": "016",
      "value": "Other Crop Growing",
      "extensionValue": "01"
    },
    {
      "code": "021",
      "value": "Services To Agriculture",
      "extensionValue": "02"
    },
    {
      "code": "022",
      "value": "Hunting And Trapping",
      "extensionValue": "02"
    },
    {
      "code": "030",
      "value": "Forestry And Logging",
      "extensionValue": "03"
    },
    {
      "code": "041",
      "value": "Marine Fishing",
      "extensionValue": "04"
    },
    {
      "code": "042",
      "value": "Aquaculture",
      "extensionValue": "04"
    },
    {
      "code": "110",
      "value": "Coal Mining",
      "extensionValue": "11"
    },
    {
      "code": "120",
      "value": "Oil And Gas Extraction",
      "extensionValue": "12"
    },
    {
      "code": "131",
      "value": "Metal Ore Mining",
      "extensionValue": "13"
    },
    {
      "code": "141",
      "value": "Construction Material Mining",
      "extensionValue": "14"
    },
    {
      "code": "142",
      "value": "Other Mining",
      "extensionValue": "14"
    },
    {
      "code": "151",
      "value": "Exploration",
      "extensionValue": "15"
    },
    {
      "code": "152",
      "value": "Other Mining Services",
      "extensionValue": "15"
    },
    {
      "code": "211",
      "value": "Meat And Meat Product Mnfg",
      "extensionValue": "21"
    },
    {
      "code": "212",
      "value": "Dairy Product Mnfg",
      "extensionValue": "21"
    },
    {
      "code": "213",
      "value": "Fruit And Vegetable Processing",
      "extensionValue": "21"
    },
    {
      "code": "214",
      "value": "Oil And Fat Mnfg",
      "extensionValue": "21"
    },
    {
      "code": "215",
      "value": "Flour Mill And Cereal Food Mnfg",
      "extensionValue": "21"
    },
    {
      "code": "216",
      "value": "Bakery Product Mnfg",
      "extensionValue": "21"
    },
    {
      "code": "217",
      "value": "Other Food Mnfg",
      "extensionValue": "21"
    },
    {
      "code": "218",
      "value": "Beverage And Malt Mnfg",
      "extensionValue": "21"
    },
    {
      "code": "219",
      "value": "Tobacco Product Mnfg",
      "extensionValue": "21"
    },
    {
      "code": "221",
      "value": "Textile Fibre Yarn And Woven Fab Mnfg",
      "extensionValue": "22"
    },
    {
      "code": "222",
      "value": "Textile Product Mnfg",
      "extensionValue": "22"
    },
    {
      "code": "223",
      "value": "Knitting Mills",
      "extensionValue": "22"
    },
    {
      "code": "224",
      "value": "Clothing Mnfg",
      "extensionValue": "22"
    },
    {
      "code": "225",
      "value": "Footwear Mnfg",
      "extensionValue": "22"
    },
    {
      "code": "226",
      "value": "Leather And Leather Prod Mnfg",
      "extensionValue": "22"
    },
    {
      "code": "231",
      "value": "Log Sawmilling And Timber Dressing",
      "extensionValue": "23"
    },
    {
      "code": "232",
      "value": "Other Wood Product Mnfg",
      "extensionValue": "23"
    },
    {
      "code": "233",
      "value": "Paper And Paper Product Mnfg",
      "extensionValue": "23"
    },
    {
      "code": "241",
      "value": "Printing And Services To Printing",
      "extensionValue": "24"
    },
    {
      "code": "242",
      "value": "Publishing",
      "extensionValue": "24"
    },
    {
      "code": "243",
      "value": "Recorded Media Mnfg And Publishing",
      "extensionValue": "24"
    },
    {
      "code": "251",
      "value": "Petroleum Refining",
      "extensionValue": "25"
    },
    {
      "code": "252",
      "value": "Petroleum And Coal Prod Mnfg",
      "extensionValue": "25"
    },
    {
      "code": "253",
      "value": "Basic Chemical Mnfg",
      "extensionValue": "25"
    },
    {
      "code": "254",
      "value": "Other Chemical Product Mnfg",
      "extensionValue": "25"
    },
    {
      "code": "255",
      "value": "Rubber Product Mnfg",
      "extensionValue": "25"
    },
    {
      "code": "256",
      "value": "Plastic Product Mnfg",
      "extensionValue": "25"
    },
    {
      "code": "261",
      "value": "Glass And Glass Product Mnfg",
      "extensionValue": "26"
    },
    {
      "code": "262",
      "value": "Ceramic Product Mnfg",
      "extensionValue": "26"
    },
    {
      "code": "263",
      "value": "Cement Lime Plaster & Concrete Mnfg",
      "extensionValue": "26"
    },
    {
      "code": "264",
      "value": "Non-Metallic Mineral Prod Mnfg",
      "extensionValue": "26"
    },
    {
      "code": "271",
      "value": "Iron And Steel Mnfg",
      "extensionValue": "27"
    },
    {
      "code": "272",
      "value": "Basic Non-Ferrous Metal Mnfg",
      "extensionValue": "27"
    },
    {
      "code": "273",
      "value": "Non-Ferrous Basic Metal Mnfg",
      "extensionValue": "27"
    },
    {
      "code": "274",
      "value": "Structural Metal Prod Mnfg",
      "extensionValue": "27"
    },
    {
      "code": "275",
      "value": "Sheet Metal Prod Mnfg",
      "extensionValue": "27"
    },
    {
      "code": "276",
      "value": "Fabricated Metal Prod Mnfg",
      "extensionValue": "27"
    },
    {
      "code": "281",
      "value": "Motor Vehicle & Part Mnfg",
      "extensionValue": "28"
    },
    {
      "code": "282",
      "value": "Other Transport Equip Mnfg",
      "extensionValue": "28"
    },
    {
      "code": "283",
      "value": "Photo & Scientific Equip Mnfg",
      "extensionValue": "28"
    },
    {
      "code": "284",
      "value": "Electronic Equip Mnfg",
      "extensionValue": "28"
    },
    {
      "code": "285",
      "value": "Elect'l Equip & Appliance Mnfg",
      "extensionValue": "28"
    },
    {
      "code": "286",
      "value": "Indust'l Mach & Equip Mnfg",
      "extensionValue": "28"
    },
    {
      "code": "291",
      "value": "Prefabricated Building Mnfg",
      "extensionValue": "29"
    },
    {
      "code": "292",
      "value": "Furniture Mnfg",
      "extensionValue": "29"
    },
    {
      "code": "294",
      "value": "Other Mnfg",
      "extensionValue": "29"
    },
    {
      "code": "361",
      "value": "Electricity Supply",
      "extensionValue": "36"
    },
    {
      "code": "362",
      "value": "Gas Supply",
      "extensionValue": "36"
    },
    {
      "code": "370",
      "value": "Water Supply  Sewerage & Drainage",
      "extensionValue": "37"
    },
    {
      "code": "411",
      "value": "Building Construction",
      "extensionValue": "41"
    },
    {
      "code": "412",
      "value": "Non-Building Construction",
      "extensionValue": "41"
    },
    {
      "code": "421",
      "value": "Site Preparation Services",
      "extensionValue": "42"
    },
    {
      "code": "422",
      "value": "Building Structure Services",
      "extensionValue": "42"
    },
    {
      "code": "423",
      "value": "Installation Trade Services",
      "extensionValue": "42"
    },
    {
      "code": "424",
      "value": "Building Completion Services",
      "extensionValue": "42"
    },
    {
      "code": "425",
      "value": "Other Construction Services",
      "extensionValue": "42"
    },
    {
      "code": "451",
      "value": "Farm Produce Wholesaling",
      "extensionValue": "45"
    },
    {
      "code": "452",
      "value": "Mineral  Metal & Chemical Wholesaling",
      "extensionValue": "45"
    },
    {
      "code": "453",
      "value": "Building Supplies Wholesaling",
      "extensionValue": "45"
    },
    {
      "code": "461",
      "value": "Machinery And Equip Wholesaling",
      "extensionValue": "46"
    },
    {
      "code": "462",
      "value": "Motor Vehicle Wholesaling",
      "extensionValue": "46"
    },
    {
      "code": "471",
      "value": "Food  Drink &Tobacco Wholesaling",
      "extensionValue": "47"
    },
    {
      "code": "472",
      "value": "Textile  Clothing & Footwear Wholesaling",
      "extensionValue": "47"
    },
    {
      "code": "473",
      "value": "Household Good Wholesaling",
      "extensionValue": "47"
    },
    {
      "code": "479",
      "value": "Other Wholesaling",
      "extensionValue": "47"
    },
    {
      "code": "511",
      "value": "Supermarket And Grocery Stores",
      "extensionValue": "51"
    },
    {
      "code": "512",
      "value": "Specialised Food Retailing",
      "extensionValue": "51"
    },
    {
      "code": "521",
      "value": "Department Stores",
      "extensionValue": "52"
    },
    {
      "code": "522",
      "value": "Clothing & Soft Good Retailing",
      "extensionValue": "52"
    },
    {
      "code": "523",
      "value": "Furn  Houseware & Appliance Retailing",
      "extensionValue": "52"
    },
    {
      "code": "524",
      "value": "Recreational Good Retailing",
      "extensionValue": "52"
    },
    {
      "code": "525",
      "value": "Other Pers&Household Good Retailing",
      "extensionValue": "52"
    },
    {
      "code": "526",
      "value": "Household Equip Repair Services",
      "extensionValue": "52"
    },
    {
      "code": "531",
      "value": "Motor Vehicle Retailing",
      "extensionValue": "53"
    },
    {
      "code": "532",
      "value": "Motor Vehicle Services",
      "extensionValue": "53"
    },
    {
      "code": "571",
      "value": "Accommodation",
      "extensionValue": "57"
    },
    {
      "code": "572",
      "value": "Pubs  Taverns & Bars",
      "extensionValue": "57"
    },
    {
      "code": "573",
      "value": "Cafes & Resturants",
      "extensionValue": "57"
    },
    {
      "code": "574",
      "value": "Clubs (Hospitality)",
      "extensionValue": "57"
    },
    {
      "code": "611",
      "value": "Road Freight Transport",
      "extensionValue": "61"
    },
    {
      "code": "612",
      "value": "Road Passenger Transport",
      "extensionValue": "61"
    },
    {
      "code": "620",
      "value": "Rail Transport",
      "extensionValue": "62"
    },
    {
      "code": "630",
      "value": "Water Transport",
      "extensionValue": "63"
    },
    {
      "code": "640",
      "value": "Air And Space Transport",
      "extensionValue": "64"
    },
    {
      "code": "650",
      "value": "Other Transport",
      "extensionValue": "65"
    },
    {
      "code": "661",
      "value": "Services To Road Transport",
      "extensionValue": "66"
    },
    {
      "code": "662",
      "value": "Services To Water Transport",
      "extensionValue": "66"
    },
    {
      "code": "663",
      "value": "Services To Air Transport",
      "extensionValue": "66"
    },
    {
      "code": "664",
      "value": "Other Services To Transport",
      "extensionValue": "66"
    },
    {
      "code": "670",
      "value": "Storage",
      "extensionValue": "67"
    },
    {
      "code": "711",
      "value": "Postal And Courier Services",
      "extensionValue": "71"
    },
    {
      "code": "712",
      "value": "Telecommunication Services",
      "extensionValue": "71"
    },
    {
      "code": "731",
      "value": "Central Bank",
      "extensionValue": "73"
    },
    {
      "code": "732",
      "value": "Deposit Taking Financiers",
      "extensionValue": "73"
    },
    {
      "code": "733",
      "value": "Other Financiers",
      "extensionValue": "73"
    },
    {
      "code": "734",
      "value": "Financial Asset Investors",
      "extensionValue": "73"
    },
    {
      "code": "741",
      "value": "Life Insurance & Superann Funds",
      "extensionValue": "74"
    },
    {
      "code": "742",
      "value": "Other Insurance",
      "extensionValue": "74"
    },
    {
      "code": "751",
      "value": "Services To Finance & Investment",
      "extensionValue": "75"
    },
    {
      "code": "752",
      "value": "Services To Insurance",
      "extensionValue": "75"
    },
    {
      "code": "771",
      "value": "Property Operators & Developers",
      "extensionValue": "77"
    },
    {
      "code": "772",
      "value": "Real Estate Agents",
      "extensionValue": "77"
    },
    {
      "code": "773",
      "value": "Non-Financial Asset Investors",
      "extensionValue": "77"
    },
    {
      "code": "774",
      "value": "Machinery & Equip Hiring & Leasing",
      "extensionValue": "77"
    },
    {
      "code": "781",
      "value": "Scientific Research",
      "extensionValue": "78"
    },
    {
      "code": "782",
      "value": "Technical Services",
      "extensionValue": "78"
    },
    {
      "code": "783",
      "value": "Computer Services",
      "extensionValue": "78"
    },
    {
      "code": "784",
      "value": "Legal & Accounting Services",
      "extensionValue": "78"
    },
    {
      "code": "785",
      "value": "Mkt'g & Business Mgt Services",
      "extensionValue": "78"
    },
    {
      "code": "786",
      "value": "Other Business Services",
      "extensionValue": "78"
    },
    {
      "code": "811",
      "value": "Government Administration",
      "extensionValue": "81"
    },
    {
      "code": "812",
      "value": "Justice",
      "extensionValue": "81"
    },
    {
      "code": "813",
      "value": "Foreign Govt Representation",
      "extensionValue": "81"
    },
    {
      "code": "820",
      "value": "Defence",
      "extensionValue": "82"
    },
    {
      "code": "841",
      "value": "Preschool Education",
      "extensionValue": "84"
    },
    {
      "code": "842",
      "value": "School Education",
      "extensionValue": "84"
    },
    {
      "code": "843",
      "value": "Post School Education",
      "extensionValue": "84"
    },
    {
      "code": "844",
      "value": "Other Education",
      "extensionValue": "84"
    },
    {
      "code": "861",
      "value": "Hospitals & Nursing Homes",
      "extensionValue": "86"
    },
    {
      "code": "862",
      "value": "Medical & Dental Services",
      "extensionValue": "86"
    },
    {
      "code": "863",
      "value": "Other Health Services",
      "extensionValue": "86"
    },
    {
      "code": "864",
      "value": "Veterinary Services",
      "extensionValue": "86"
    },
    {
      "code": "871",
      "value": "Child Care Services",
      "extensionValue": "87"
    },
    {
      "code": "872",
      "value": "Community Care Services",
      "extensionValue": "87"
    },
    {
      "code": "911",
      "value": "Film And Video Services",
      "extensionValue": "91"
    },
    {
      "code": "912",
      "value": "Radio And Television Services",
      "extensionValue": "91"
    },
    {
      "code": "921",
      "value": "Libraries",
      "extensionValue": "92"
    },
    {
      "code": "922",
      "value": "Museums",
      "extensionValue": "92"
    },
    {
      "code": "923",
      "value": "Parks And Gardens",
      "extensionValue": "92"
    },
    {
      "code": "924",
      "value": "Arts",
      "extensionValue": "92"
    },
    {
      "code": "925",
      "value": "Services To The Arts",
      "extensionValue": "92"
    },
    {
      "code": "931",
      "value": "Sport",
      "extensionValue": "93"
    },
    {
      "code": "932",
      "value": "Gambling Services",
      "extensionValue": "93"
    },
    {
      "code": "933",
      "value": "Other Recreational Services",
      "extensionValue": "93"
    },
    {
      "code": "951",
      "value": "Pers & Household Goods Hiring",
      "extensionValue": "95"
    },
    {
      "code": "952",
      "value": "Other Personal Services",
      "extensionValue": "95"
    },
    {
      "code": "961",
      "value": "Religious Organisations",
      "extensionValue": "96"
    },
    {
      "code": "962",
      "value": "Interest Groups",
      "extensionValue": "96"
    },
    {
      "code": "963",
      "value": "Public Order & Safety Services",
      "extensionValue": "96"
    },
    {
      "code": "970",
      "value": "Private Households Employing Staff",
      "extensionValue": "97"
    },
    {
      "code": "981",
      "value": "Consumer - Housing Mortgage",
      "extensionValue": "98"
    },
    {
      "code": "982",
      "value": "Consumer - RIPL",
      "extensionValue": "98"
    },
    {
      "code": "983",
      "value": "Consumer - Other",
      "extensionValue": "98"
    },
    {
      "code": "986",
      "value": "Consumer (Bus rel'd)-Hous'g Mort",
      "extensionValue": "98"
    },
    {
      "code": "988",
      "value": "Consumer (Bus rel'd)-Other Hous'g",
      "extensionValue": "98"
    },
    {
      "code": "989",
      "value": "Consumer (Bus rel'd)-Not Classified",
      "extensionValue": "98"
    },
    {
      "code": "990",
      "value": "Non-Classifiable (990)",
      "extensionValue": "99"
    },
    {
      "code": "999",
      "value": "Non-Classifiable (999)",
      "extensionValue": "99"
    }
  ]
}
