{
  "values": [
    {
      "code": "01",
      "value": "Agriculture",
      "extensionValue": "A"
    },
    {
      "code": "02",
      "value": "Svcs To Agriculture Hunting & Traping",
      "extensionValue": "A"
    },
    {
      "code": "03",
      "value": "Forestry & Logging",
      "extensionValue": "A"
    },
    {
      "code": "04",
      "value": "Commercial Fishing",
      "extensionValue": "A"
    },
    {
      "code": "11",
      "value": "Coal Mining",
      "extensionValue": "B"
    },
    {
      "code": "12",
      "value": "Oil & Gas Extraction",
      "extensionValue": "B"
    },
    {
      "code": "13",
      "value": "Metal Ore Mining",
      "extensionValue": "B"
    },
    {
      "code": "14",
      "value": "Other Mining",
      "extensionValue": "B"
    },
    {
      "code": "15",
      "value": "Services To Mining",
      "extensionValue": "B"
    },
    {
      "code": "21",
      "value": "Food Beverage & Tobacco Mnfg",
      "extensionValue": "C"
    },
    {
      "code": "22",
      "value": "Textile Cloth Footwear & Leath Mnfg",
      "extensionValue": "C"
    },
    {
      "code": "23",
      "value": "Wood & Paper Product Mnfg",
      "extensionValue": "C"
    },
    {
      "code": "24",
      "value": "Printing Publishing & Recorded Media",
      "extensionValue": "C"
    },
    {
      "code": "25",
      "value": "Petroleum Coal Chem & Assoc Prod Mnfg",
      "extensionValue": "C"
    },
    {
      "code": "26",
      "value": "Non-Metallic Mineral Prod Mnfg",
      "extensionValue": "C"
    },
    {
      "code": "27",
      "value": "Metal Product Mnfg",
      "extensionValue": "C"
    },
    {
      "code": "28",
      "value": "Machinery & Equip Mnfg",
      "extensionValue": "C"
    },
    {
      "code": "29",
      "value": "Other Mnfg",
      "extensionValue": "C"
    },
    {
      "code": "36",
      "value": "Electricity & Gas Supply",
      "extensionValue": "D"
    },
    {
      "code": "37",
      "value": "Water Supply  Sewerage & Drainage",
      "extensionValue": "D"
    },
    {
      "code": "41",
      "value": "General Construction",
      "extensionValue": "E"
    },
    {
      "code": "42",
      "value": "Construction Trade Services",
      "extensionValue": "E"
    },
    {
      "code": "45",
      "value": "Basic Material Wholesaling",
      "extensionValue": "F"
    },
    {
      "code": "46",
      "value": "Machinery & Motor Vehicle Wholesaling",
      "extensionValue": "F"
    },
    {
      "code": "47",
      "value": "Pers & Household Good Wholesaling",
      "extensionValue": "F"
    },
    {
      "code": "51",
      "value": "Food Retailing",
      "extensionValue": "G"
    },
    {
      "code": "52",
      "value": "Pers & Household Good Retailing",
      "extensionValue": "G"
    },
    {
      "code": "53",
      "value": "Motor Vehicle Retailing & Services",
      "extensionValue": "G"
    },
    {
      "code": "57",
      "value": "Accommodation  Cafes & Restaurants",
      "extensionValue": "H"
    },
    {
      "code": "61",
      "value": "Road Transport",
      "extensionValue": "I"
    },
    {
      "code": "62",
      "value": "Rail Transport",
      "extensionValue": "I"
    },
    {
      "code": "63",
      "value": "Water Transport",
      "extensionValue": "I"
    },
    {
      "code": "64",
      "value": "Air And Space Transport",
      "extensionValue": "I"
    },
    {
      "code": "65",
      "value": "Other Transport",
      "extensionValue": "I"
    },
    {
      "code": "66",
      "value": "Services To Transport",
      "extensionValue": "I"
    },
    {
      "code": "67",
      "value": "Storage",
      "extensionValue": "I"
    },
    {
      "code": "71",
      "value": "Communication Services",
      "extensionValue": "J"
    },
    {
      "code": "73",
      "value": "Finance",
      "extensionValue": "K"
    },
    {
      "code": "74",
      "value": "Insurance",
      "extensionValue": "K"
    },
    {
      "code": "75",
      "value": "Services To Finance & Insurance",
      "extensionValue": "K"
    },
    {
      "code": "77",
      "value": "Property Services",
      "extensionValue": "L"
    },
    {
      "code": "78",
      "value": "Business Services",
      "extensionValue": "L"
    },
    {
      "code": "81",
      "value": "Government Administration",
      "extensionValue": "M"
    },
    {
      "code": "82",
      "value": "Defence",
      "extensionValue": "M"
    },
    {
      "code": "84",
      "value": "Education",
      "extensionValue": "N"
    },
    {
      "code": "86",
      "value": "Health Services",
      "extensionValue": "O"
    },
    {
      "code": "87",
      "value": "Community Services",
      "extensionValue": "O"
    },
    {
      "code": "91",
      "value": "Motion Picture Radio & Tv Services",
      "extensionValue": "P"
    },
    {
      "code": "92",
      "value": "Libraries  Museums & The Arts",
      "extensionValue": "P"
    },
    {
      "code": "93",
      "value": "Sport & Recreation",
      "extensionValue": "P"
    },
    {
      "code": "95",
      "value": "Personal Services",
      "extensionValue": "Q"
    },
    {
      "code": "96",
      "value": "Other Services",
      "extensionValue": "Q"
    },
    {
      "code": "97",
      "value": "Private Households Employing Staff",
      "extensionValue": "Q"
    },
    {
      "code": "98",
      "value": "Consumer Lending",
      "extensionValue": "Z"
    },
    {
      "code": "99",
      "value": "Non Classifiable",
      "extensionValue": "R"
    }
  ]
}
