{
  "application": {
    "additionalInfoRevision": 2,
    "appHistoryVerification": {
      "hasInflightApplications": null,
      "isAdditionalFinInfoAvailable": null,
      "isAppsTobeContinued": null,
      "lastDrawdownDate": null
    },
    "applicationCreatedDateTime": "2019-01-20T10:00:40.740Z",
    "applicationId": 1000002015,
    "applicationOwner": {
      "firstName": "Adam",
      "lastName": "Treloar",
      "ownerLanId": "CSPUsr2"
    },
    "applicationSource": "CFOLA",
    "applicationStatus": "PENDING_CUSTOMER_LINK",
    "applicationStatusVersion": 6,
    "applicationSubmittedDateTime": null,
    "applicationType": "OLA",
    "applicationVersion": 3,
    "assessmentSummary": null,
    "azReviewDate": null,
    "bankerDeclaration": {
      "isNewBusinessEntityCreated": null,
      "isNewIndividualEntityCreated": null
    },
    "character": null,
    "checklist": [],
    "collateral": null,
    "comments": {
      "commentList": []
    },
    "customerInterviewDate": null,
    "drawdown": null,
    "entities": {
      "associatedParties": [
        {
          "__id": "10",
          "abn": null,
          "abnStatus": null,
          "abnStatusDate": null,
          "acn": null,
          "acnRegistrationDate": null,
          "acnStatus": null,
          "address": "2p/833 Collins ST DOCKLANDS",
          "addressVerified": true,
          "asicCfcDate": null,
          "asicCfcUrl": null,
          "asicSearchDate": null,
          "beneficiaryTrustIds": [],
          "businessEntityType": null,
          "businessName": null,
          "consentFlag": true,
          "countryOfCitizenship": "AU",
          "countryOfSecondaryCitizenship": "IN",
          "cpId": null,
          "creditPrivacyConsent": true,
          "crsDetails": null,
          "custStatusFlag": null,
          "customerId": "38537dbb-3c29-4f6a-a5f2-7a8804e4ef15",
          "dateOfBirth": "1966-10-13",
          "driversLicense": "VI546843",
          "driversLicenseState": "VIC",
          "emailAddress": "CARRIE.TATTOO@gmail.com",
          "entityName": "JERRY THOMAS",
          "faxNumber": null,
          "firstName": "JERRY",
          "homeNumber": "+61233557799",
          "isAssociatedPartyBeneficiary": null,
          "isBorrowingEntityTrustee": false,
          "isLegalFinancialAdviceMandatory": null,
          "isPersonBeneficiary": null,
          "kycBranchId": null,
          "kycStatus": null,
          "lastName": "THOMAS",
          "letterOfOfferName": null,
          "mailingAddress": "PO Box 123 Docklands",
          "mailingAddressCountry": "AU",
          "mailingAddressPoBox": "PO Box 123",
          "mailingAddressPopulated": true,
          "mailingAddressPostcode": "3008",
          "mailingAddressPropertyName": null,
          "mailingAddressState": "VIC",
          "mailingAddressStreetName": null,
          "mailingAddressStreetNumber": null,
          "mailingAddressStreetType": null,
          "mailingAddressSuburbTown": "Docklands",
          "mailingAddressUnitNumber": null,
          "mailingAddressVerified": true,
          "marriedOrDeFacto": null,
          "marriedTo": null,
          "middleName": "MANO",
          "multipleClgAvailable": null,
          "notes": {
            "capCustomerId": "38537dbb-3c29-4f6a-a5f2-7a8804e4ef15",
            "countryOfCitizenship": "AU",
            "crsDetails": null,
            "dateOfBirth": "1966-10-13",
            "emailAddress": "CARRIE.TATTOO@gmail.com",
            "firstName": "JERRY",
            "homeNumber": "+61233557799",
            "lastName": "THOMAS",
            "mailingAddress": "PO Box 123 Docklands, Docklands, VIC, 3008",
            "middleName": "MANO",
            "mobileNumber": "+61406611111",
            "notesType": "AP",
            "otherCountriesOfCitizenship": "IN",
            "residentialAddress": "2p/833 Collins ST DOCKLANDS, DOCKLANDS, VIC, 3008",
            "title": "Ms",
            "udId": "38537dbb-3c29-4f6a-a5f2-7a8804e4ef15",
            "workNumber": "+61233557799"
          },
          "numberOfDependants": null,
          "partyFromAsic": null,
          "phoneNumber": "+61406611111",
          "phoneType": "M",
          "primarySourceOfIncome": null,
          "providingGuarantee": true,
          "relationshipToBorrowingEntity": "Director",
          "relationshipTypeSequence": 1,
          "residentialAddressCountry": "AU",
          "residentialAddressPoBox": null,
          "residentialAddressPopulated": true,
          "residentialAddressPostcode": "3008",
          "residentialAddressPropertyName": null,
          "residentialAddressState": "VIC",
          "residentialAddressStreetName": "Collins",
          "residentialAddressStreetNumber": "833",
          "residentialAddressStreetType": "ST",
          "residentialAddressSuburbTown": "DOCKLANDS",
          "residentialAddressUnitNumber": "2p",
          "residentialStatus": null,
          "signatories": [],
          "title": "Ms",
          "trustIds": [],
          "useAsContactPerson": true,
          "verifiedInCap": null,
          "workNumber": "+61233557799"
        }
      ],
      "borrowers": [
        {
          "current": null,
          "proposed": {
            "__id": "2",
            "abn": "56956747755",
            "abnStatus": "ACT",
            "abnStatusDate": null,
            "acn": "008681196",
            "acnRegistrationDate": null,
            "acnStatus": null,
            "anzsic": "2852",
            "asicCfcDate": null,
            "asicCfcUrl": null,
            "asicReportDateTime": null,
            "asicSearchDate": null,
            "bankPrimaryAccountHeld": "ANZ",
            "borrowerRelationship": "Borrower",
            "bsbForNewFacilities": "011212",
            "businessCisId": "d0fb4d35-97d4-45cf-a60b-250b03e42c28",
            "businessContact": "Carrie Tattoo",
            "businessEntityType": "01",
            "businessFaxNumber": null,
            "businessName": "ANZ4 BBD banking",
            "businessPhoneNumber": "+61455444455",
            "businessPhoneType": "M",
            "clgCpId": null,
            "clgKycBranchId": null,
            "clgName": null,
            "clgNumber": null,
            "clgPrimaryContactNumber": null,
            "companyStructureVerification": {
              "businessCommencedDate": null,
              "isApplicantOwnershipComplete": null,
              "isCurrentListedDirsIdentified": null,
              "isListedDirectorsStatusCurrent": null,
              "isOwnershipOneYear": true,
              "isSecrataryADirector": null,
              "isSoleTraderIndNameFullyMatched": null,
              "isSoleTraderIndSame": null
            },
            "connectPlusUniqueId": null,
            "cpId": null,
            "crsDetails": [
              {
                "taxResidentCountry": "US",
                "tin": null,
                "tinunavailableExplanation": "Z-TIN UNOBTAINABLE",
                "tinunavailableReason": "Cannot contact source country"
              }
            ],
            "custStatusFlag": null,
            "customerId": null,
            "customerType": "BUSINESS",
            "dateOfBirth": null,
            "dateTradingCommenced": null,
            "driversLicense": null,
            "driversLicenseState": null,
            "emailAddress": "GOLDEN.WEST@gmail.com",
            "entityVerification": {
              "companyClass": null,
              "companySubClass": null,
              "companyType": null,
              "gstStatusDate": null,
              "isAcnAbnMatched": null,
              "isAcnBusinessNameMatched": null,
              "isBusinessNameRegistered": null,
              "isGstRegisteredForAbn": null,
              "originatedCountry": null
            },
            "existingCustomer": true,
            "firstName": null,
            "importExport": null,
            "individualCisId": null,
            "individualEntityType": null,
            "individualFaxNumber": null,
            "individualPhoneNumber": null,
            "individualPhoneType": null,
            "investInProperty": false,
            "isBorrowingEntityTrustee": false,
            "isClgCpIdIneligible": null,
            "isDiversifiedCoreActivities": false,
            "isExistingBusiness": false,
            "kycBranchId": null,
            "kycStatus": null,
            "lastName": null,
            "leasePlantMotorVehicle": null,
            "lengthOfRelationshipWithANZ": null,
            "letterOfOfferName": null,
            "mailingAddress": "11A/833 Bay drive DR Meadowbank",
            "mailingAddressCountry": "AU",
            "mailingAddressPoBox": null,
            "mailingAddressPopulated": true,
            "mailingAddressPostcode": "2114",
            "mailingAddressPropertyName": null,
            "mailingAddressState": "NSW",
            "mailingAddressStreetName": "Bay drive",
            "mailingAddressStreetNumber": "833",
            "mailingAddressStreetType": "DR",
            "mailingAddressSuburbTown": "Meadowbank",
            "mailingAddressUnitNumber": "11A",
            "mailingAddressVerified": true,
            "marriedOrDeFacto": null,
            "marriedTo": null,
            "middleName": null,
            "moreThan25InOneCustomer": false,
            "moreThan25InOneSupplier": false,
            "multipleClgAvailable": null,
            "natureOfApplication": "06",
            "notes": {
              "abn": "56956747755",
              "acn": "008681196",
              "anzsic": "2852",
              "businessContactName": "Carrie Tattoo",
              "businessContactNumber": "+61455444455",
              "businessContactTitle": "The Manager",
              "businessName": "ANZ4 BBD banking",
              "capCustomerId": "d0fb4d35-97d4-45cf-a60b-250b03e42c28",
              "crsDetails": [
                {
                  "taxResidentCountry": "US",
                  "tin": null,
                  "tinunavailableExplanation": "Z-TIN UNOBTAINABLE",
                  "tinunavailableReason": "Cannot contact source country"
                }
              ],
              "emailAddress": "GOLDEN.WEST@gmail.com",
              "mailingAddress": "11A/833 Bay drive DR Meadowbank, Meadowbank, NSW, 2114",
              "notesType": "BE",
              "registeredBusinessAddress": "11A/833 Bay drive DR Meadowbank, Meadowbank, NSW, 2065",
              "registeredBusinessAddressVerified": true,
              "residentialAddress": "11A/833 Bay drive DR Meadowbank, Meadowbank, NSW, 2114",
              "taxResidentOutsideOfAustralia": "null",
              "title": "The Manager",
              "udId": "d0fb4d35-97d4-45cf-a60b-250b03e42c28"
            },
            "numberOfBeneficiariesShareholders": null,
            "numberOfBorrowingLegalEntities": "1",
            "numberOfDependants": null,
            "numberOfDirectorsPartnersProprietors": "1",
            "numberOfEmployedPeople": null,
            "numberOfKeyPersonnel": null,
            "numberOfLegalBorrowingEntitiesInBusinessGroup": null,
            "numberOfLegalEntitiesWithANZ": null,
            "ownOtherOperatingProperty": null,
            "privacyConsent": null,
            "problemsWithOtherBanksIn12Months": null,
            "purchaseStartupCost": null,
            "registeredAddressPopulated": true,
            "registeredBusinessAddress": "11A/833 Bay drive DR Meadowbank",
            "registeredBusinessAddressVerified": true,
            "registeredBusinessAddressCountry": "AU",
            "registeredBusinessAddressPoBox": null,
            "registeredBusinessAddressPostcode": "2065",
            "registeredBusinessAddressPropertyName": null,
            "registeredBusinessAddressState": "NSW",
            "registeredBusinessAddressStreetName": "Bay drive",
            "registeredBusinessAddressStreetNumber": "833",
            "registeredBusinessAddressStreetType": "DR",
            "registeredBusinessAddressSuburbTown": "Meadowbank",
            "registeredBusinessAddressUnitNumber": "11A",
            "residentialAddress": "11A/833 Bay drive DR Meadowbank",
            "residentialAddressCountry": "AU",
            "residentialAddressPoBox": null,
            "residentialAddressPopulated": true,
            "residentialAddressPostcode": "2114",
            "residentialAddressPropertyName": null,
            "residentialAddressState": "NSW",
            "residentialAddressStreetName": "Bay drive",
            "residentialAddressStreetNumber": "833",
            "residentialAddressStreetType": "DR",
            "residentialAddressSuburbTown": "Meadowbank",
            "residentialAddressUnitNumber": "11A",
            "residentialAddressVerified": true,
            "residentialStatus": null,
            "rmName": null,
            "rmPhone": null,
            "sameAsTradingAddress": null,
            "securityIndicator": null,
            "taxResidentOutsideOfAustralia": "F",
            "title": "The Proprietor",
            "tradingName": null,
            "trustIds": [],
            "trustName": "ANZ4 BBD banking",
            "trustType": "01",
            "trusts": null,
            "yearsIndustryExperience": null,
            "yearsManagementExperience": null,
            "yearsSinceLastDiversified": null,
            "yearsWithCurrentBanker": null
          }
        }
      ],
      "trusts": []
    },
    "externalSystemApplicationId": "2",
    "facilities": {
      "facilityList": [
        {
          "__id": "17",
          "accountRelationship": "SOL",
          "amended": false,
          "borrowerIds": [
            "d0fb4d35-97d4-45cf-a60b-250b03e42c28"
          ],
          "current": null,
          "facilityId": 17,
          "isModified": false,
          "isNew": true,
          "isNonAnzFacility": false,
          "isReadOnly": false,
          "proposed": {
            "accountBsb": null,
            "accountName": null,
            "accountStatus": null,
            "accountType": null,
            "adjustedTbl": 100000.00,
            "amountForRedraw": null,
            "balloonAmount": null,
            "borrowerRelations": null,
            "ccrRating": null,
            "cpid": null,
            "creditFacilityFee": null,
            "creditFacilityFeeCode": null,
            "creditFacilityFeeFrequency": null,
            "currentBalance": null,
            "custProduct": null,
            "daysDelinquent": null,
            "detailsOfFacilityPurpose": null,
            "drawingTermDays": null,
            "establishmentFee": null,
            "facilityAccountNumber": null,
            "facilityExpiryDate": null,
            "facilityPurpose": "01",
            "facilityType": "ABL - Fixed",
            "fixedInterestRate": 14.99,
            "fixedRateTermMonths": 0,
            "fixedRateTermYears": 4,
            "foreignCurrency": null,
            "hasANZBusinessPkg": null,
            "hasExpired": null,
            "hasExpiryDate": null,
            "hasLockRate": false,
            "iGFacilityFeeAmount": null,
            "iGFacilityFeeFrequency": null,
            "iGFacilityFeeLimit": null,
            "iGFeePerBankGuaranteeAmount": null,
            "iGFeePerBankGuaranteeFrequency": null,
            "iGFeePerBankGuaranteeLimit": null,
            "iGType": null,
            "includeInOffer": true,
            "institution": "ANZ",
            "interestChargeCycle": "MAR",
            "interestMargin": null,
            "interestOnlyTermMonths": null,
            "interestOnlyTermYears": null,
            "interestPaymentAccountNumber": null,
            "interestRate": 14.99,
            "isBalloonPayment": false,
            "isFullyDrawn": null,
            "isL5CashCovered": null,
            "isOffsetOffered": null,
            "isProductFullyResidentiallySecured": false,
            "isRedrawOption": null,
            "isRevolvingLimit": null,
            "liabilityType": null,
            "limit": 100000.00,
            "limitApprovalFee": null,
            "limitVerified": null,
            "lineManagerApprovalReceived": null,
            "linkedToClg": null,
            "loanAdminCharge": 187.50,
            "loanAdminChargeCode": "K",
            "loanAdminChargeFrequency": "Q",
            "loanApprovalFee": 0.00,
            "lockRate": null,
            "lockRateExpiryDate": null,
            "lockRateFee": null,
            "marginAfterFixedRateTerm": null,
            "openedDate": null,
            "preProcessingChanges": null,
            "productCategory": "ABL",
            "productCode": "ILS",
            "productStatus": "Active",
            "qualifyingNatureOfTheProduct": null,
            "referenceIndex": "HB",
            "referenceIndexRate": null,
            "remainingTermMonths": null,
            "remainingTermYears": null,
            "renewalFee": null,
            "repaymentAmount": 9000.00,
            "repaymentCriteria": null,
            "repaymentFrequency": "M",
            "repaymentNature": "PI",
            "sbosProductCode": "SBOS14",
            "secured": null,
            "sequence": null,
            "subProductCode": "OFB",
            "subProductDescription": null,
            "totalTermMonths": 0,
            "totalTermYears": 4,
            "unappliedFundsBalance": null
          },
          "reasonForNonSelection": null,
          "selectedForApplication": null,
          "selectedGroupId": null
        },
        {
          "__id": "28",
          "accountRelationship": "SOL",
          "amended": false,
          "borrowerIds": [
            "d0fb4d35-97d4-45cf-a60b-250b03e42c28"
          ],
          "current": {
            "accountBsb": null,
            "accountName": null,
            "accountStatus": null,
            "accountType": null,
            "adjustedTbl": null,
            "amountForRedraw": null,
            "balloonAmount": null,
            "borrowerRelations": null,
            "ccrRating": null,
            "cpid": null,
            "creditFacilityFee": null,
            "creditFacilityFeeCode": null,
            "creditFacilityFeeFrequency": null,
            "currentBalance": null,
            "custProduct": null,
            "daysDelinquent": null,
            "detailsOfFacilityPurpose": null,
            "drawingTermDays": null,
            "establishmentFee": null,
            "facilityAccountNumber": null,
            "facilityExpiryDate": null,
            "facilityPurpose": "01",
            "facilityType": "Credit card",
            "fixedInterestRate": null,
            "fixedRateTermMonths": null,
            "fixedRateTermYears": null,
            "foreignCurrency": null,
            "hasANZBusinessPkg": null,
            "hasExpired": null,
            "hasExpiryDate": false,
            "hasLockRate": null,
            "iGFacilityFeeAmount": null,
            "iGFacilityFeeFrequency": null,
            "iGFacilityFeeLimit": null,
            "iGFeePerBankGuaranteeAmount": null,
            "iGFeePerBankGuaranteeFrequency": null,
            "iGFeePerBankGuaranteeLimit": null,
            "iGType": null,
            "includeInOffer": true,
            "institution": "OTHER",
            "interestChargeCycle": null,
            "interestMargin": null,
            "interestOnlyTermMonths": null,
            "interestOnlyTermYears": null,
            "interestPaymentAccountNumber": null,
            "interestRate": 14.99,
            "isBalloonPayment": null,
            "isFullyDrawn": null,
            "isL5CashCovered": null,
            "isOffsetOffered": null,
            "isProductFullyResidentiallySecured": null,
            "isRedrawOption": null,
            "isRevolvingLimit": null,
            "liabilityType": "CC",
            "limit": 15000.00,
            "limitApprovalFee": null,
            "limitVerified": null,
            "lineManagerApprovalReceived": null,
            "linkedToClg": null,
            "loanAdminCharge": null,
            "loanAdminChargeCode": null,
            "loanAdminChargeFrequency": null,
            "loanApprovalFee": null,
            "lockRate": null,
            "lockRateExpiryDate": null,
            "lockRateFee": null,
            "marginAfterFixedRateTerm": null,
            "openedDate": null,
            "preProcessingChanges": null,
            "productCategory": "Non-ANZ Facility",
            "productCode": null,
            "productStatus": null,
            "qualifyingNatureOfTheProduct": null,
            "referenceIndex": null,
            "referenceIndexRate": null,
            "remainingTermMonths": null,
            "remainingTermYears": null,
            "renewalFee": null,
            "repaymentAmount": null,
            "repaymentCriteria": null,
            "repaymentFrequency": null,
            "repaymentNature": null,
            "sbosProductCode": "NONANZ09",
            "secured": null,
            "sequence": null,
            "subProductCode": null,
            "subProductDescription": null,
            "totalTermMonths": null,
            "totalTermYears": null,
            "unappliedFundsBalance": null
          },
          "facilityId": 28,
          "isModified": false,
          "isNew": false,
          "isNonAnzFacility": true,
          "isReadOnly": false,
          "proposed": null,
          "reasonForNonSelection": null,
          "selectedForApplication": null,
          "selectedGroupId": null
        },
        {
          "__id": "29",
          "accountRelationship": "SOL",
          "amended": false,
          "borrowerIds": [
            "d0fb4d35-97d4-45cf-a60b-250b03e42c28"
          ],
          "current": {
            "accountBsb": null,
            "accountName": null,
            "accountStatus": null,
            "accountType": null,
            "adjustedTbl": null,
            "amountForRedraw": null,
            "balloonAmount": null,
            "borrowerRelations": null,
            "ccrRating": null,
            "cpid": null,
            "creditFacilityFee": null,
            "creditFacilityFeeCode": null,
            "creditFacilityFeeFrequency": null,
            "currentBalance": null,
            "custProduct": null,
            "daysDelinquent": null,
            "detailsOfFacilityPurpose": null,
            "drawingTermDays": null,
            "establishmentFee": null,
            "facilityAccountNumber": null,
            "facilityExpiryDate": null,
            "facilityPurpose": "01",
            "facilityType": "Overdraft",
            "fixedInterestRate": null,
            "fixedRateTermMonths": null,
            "fixedRateTermYears": null,
            "foreignCurrency": null,
            "hasANZBusinessPkg": null,
            "hasExpired": null,
            "hasExpiryDate": false,
            "hasLockRate": null,
            "iGFacilityFeeAmount": null,
            "iGFacilityFeeFrequency": null,
            "iGFacilityFeeLimit": null,
            "iGFeePerBankGuaranteeAmount": null,
            "iGFeePerBankGuaranteeFrequency": null,
            "iGFeePerBankGuaranteeLimit": null,
            "iGType": null,
            "includeInOffer": true,
            "institution": "OTHER",
            "interestChargeCycle": null,
            "interestMargin": null,
            "interestOnlyTermMonths": null,
            "interestOnlyTermYears": null,
            "interestPaymentAccountNumber": null,
            "interestRate": 14.99,
            "isBalloonPayment": null,
            "isFullyDrawn": null,
            "isL5CashCovered": null,
            "isOffsetOffered": null,
            "isProductFullyResidentiallySecured": null,
            "isRedrawOption": null,
            "isRevolvingLimit": null,
            "liabilityType": "OD",
            "limit": 30000.00,
            "limitApprovalFee": null,
            "limitVerified": null,
            "lineManagerApprovalReceived": null,
            "linkedToClg": null,
            "loanAdminCharge": null,
            "loanAdminChargeCode": null,
            "loanAdminChargeFrequency": null,
            "loanApprovalFee": null,
            "lockRate": null,
            "lockRateExpiryDate": null,
            "lockRateFee": null,
            "marginAfterFixedRateTerm": null,
            "openedDate": null,
            "preProcessingChanges": null,
            "productCategory": "Non-ANZ Facility",
            "productCode": null,
            "productStatus": null,
            "qualifyingNatureOfTheProduct": null,
            "referenceIndex": null,
            "referenceIndexRate": null,
            "remainingTermMonths": null,
            "remainingTermYears": null,
            "renewalFee": null,
            "repaymentAmount": null,
            "repaymentCriteria": null,
            "repaymentFrequency": null,
            "repaymentNature": null,
            "sbosProductCode": "NONANZ11",
            "secured": null,
            "sequence": null,
            "subProductCode": null,
            "subProductDescription": null,
            "totalTermMonths": null,
            "totalTermYears": null,
            "unappliedFundsBalance": null
          },
          "facilityId": 29,
          "isModified": false,
          "isNew": false,
          "isNonAnzFacility": true,
          "isReadOnly": false,
          "proposed": null,
          "reasonForNonSelection": null,
          "selectedForApplication": null,
          "selectedGroupId": null
        },
        {
          "__id": "26",
          "accountRelationship": "SOL",
          "amended": false,
          "borrowerIds": [
            "d0fb4d35-97d4-45cf-a60b-250b03e42c28"
          ],
          "current": {
            "accountBsb": null,
            "accountName": null,
            "accountStatus": null,
            "accountType": null,
            "adjustedTbl": null,
            "amountForRedraw": null,
            "balloonAmount": null,
            "borrowerRelations": null,
            "ccrRating": null,
            "cpid": null,
            "creditFacilityFee": null,
            "creditFacilityFeeCode": null,
            "creditFacilityFeeFrequency": null,
            "currentBalance": 10000.00,
            "custProduct": null,
            "daysDelinquent": null,
            "detailsOfFacilityPurpose": null,
            "drawingTermDays": null,
            "establishmentFee": null,
            "facilityAccountNumber": null,
            "facilityExpiryDate": null,
            "facilityPurpose": "01",
            "facilityType": "Lease/Hire purchase",
            "fixedInterestRate": null,
            "fixedRateTermMonths": null,
            "fixedRateTermYears": null,
            "foreignCurrency": null,
            "hasANZBusinessPkg": null,
            "hasExpired": null,
            "hasExpiryDate": false,
            "hasLockRate": null,
            "iGFacilityFeeAmount": null,
            "iGFacilityFeeFrequency": null,
            "iGFacilityFeeLimit": null,
            "iGFeePerBankGuaranteeAmount": null,
            "iGFeePerBankGuaranteeFrequency": null,
            "iGFeePerBankGuaranteeLimit": null,
            "iGType": null,
            "includeInOffer": true,
            "institution": "OTHER",
            "interestChargeCycle": null,
            "interestMargin": null,
            "interestOnlyTermMonths": null,
            "interestOnlyTermYears": null,
            "interestPaymentAccountNumber": null,
            "interestRate": null,
            "isBalloonPayment": null,
            "isFullyDrawn": null,
            "isL5CashCovered": null,
            "isOffsetOffered": null,
            "isProductFullyResidentiallySecured": null,
            "isRedrawOption": null,
            "isRevolvingLimit": null,
            "liabilityType": "LEH",
            "limit": 10000.00,
            "limitApprovalFee": null,
            "limitVerified": null,
            "lineManagerApprovalReceived": null,
            "linkedToClg": null,
            "loanAdminCharge": null,
            "loanAdminChargeCode": null,
            "loanAdminChargeFrequency": null,
            "loanApprovalFee": null,
            "lockRate": null,
            "lockRateExpiryDate": null,
            "lockRateFee": null,
            "marginAfterFixedRateTerm": null,
            "openedDate": null,
            "preProcessingChanges": null,
            "productCategory": "Non-ANZ Facility",
            "productCode": null,
            "productStatus": null,
            "qualifyingNatureOfTheProduct": null,
            "referenceIndex": null,
            "referenceIndexRate": null,
            "remainingTermMonths": 2,
            "remainingTermYears": 1,
            "renewalFee": null,
            "repaymentAmount": 500.00,
            "repaymentCriteria": null,
            "repaymentFrequency": "F",
            "repaymentNature": null,
            "sbosProductCode": "NONANZ01",
            "secured": null,
            "sequence": null,
            "subProductCode": null,
            "subProductDescription": null,
            "totalTermMonths": null,
            "totalTermYears": null,
            "unappliedFundsBalance": null
          },
          "facilityId": 26,
          "isModified": false,
          "isNew": false,
          "isNonAnzFacility": true,
          "isReadOnly": false,
          "proposed": null,
          "reasonForNonSelection": null,
          "selectedForApplication": null,
          "selectedGroupId": null
        },
        {
          "__id": "32",
          "accountRelationship": "SOL",
          "amended": false,
          "borrowerIds": [
            "d0fb4d35-97d4-45cf-a60b-250b03e42c28"
          ],
          "current": {
            "accountBsb": null,
            "accountName": null,
            "accountStatus": null,
            "accountType": null,
            "adjustedTbl": null,
            "amountForRedraw": null,
            "balloonAmount": null,
            "borrowerRelations": null,
            "ccrRating": null,
            "cpid": null,
            "creditFacilityFee": null,
            "creditFacilityFeeCode": null,
            "creditFacilityFeeFrequency": null,
            "currentBalance": 2500.00,
            "custProduct": null,
            "daysDelinquent": null,
            "detailsOfFacilityPurpose": null,
            "drawingTermDays": null,
            "establishmentFee": null,
            "facilityAccountNumber": null,
            "facilityExpiryDate": null,
            "facilityPurpose": "01",
            "facilityType": null,
            "fixedInterestRate": null,
            "fixedRateTermMonths": null,
            "fixedRateTermYears": null,
            "foreignCurrency": null,
            "hasANZBusinessPkg": null,
            "hasExpired": null,
            "hasExpiryDate": false,
            "hasLockRate": null,
            "iGFacilityFeeAmount": null,
            "iGFacilityFeeFrequency": null,
            "iGFacilityFeeLimit": null,
            "iGFeePerBankGuaranteeAmount": null,
            "iGFeePerBankGuaranteeFrequency": null,
            "iGFeePerBankGuaranteeLimit": null,
            "iGType": null,
            "includeInOffer": true,
            "institution": "ANZ",
            "interestChargeCycle": null,
            "interestMargin": null,
            "interestOnlyTermMonths": null,
            "interestOnlyTermYears": null,
            "interestPaymentAccountNumber": null,
            "interestRate": 14.99,
            "isBalloonPayment": null,
            "isFullyDrawn": null,
            "isL5CashCovered": null,
            "isOffsetOffered": null,
            "isProductFullyResidentiallySecured": null,
            "isRedrawOption": null,
            "isRevolvingLimit": null,
            "liabilityType": "OD",
            "limit": 2500.00,
            "limitApprovalFee": null,
            "limitVerified": null,
            "lineManagerApprovalReceived": null,
            "linkedToClg": null,
            "loanAdminCharge": null,
            "loanAdminChargeCode": null,
            "loanAdminChargeFrequency": null,
            "loanApprovalFee": null,
            "lockRate": null,
            "lockRateExpiryDate": null,
            "lockRateFee": null,
            "marginAfterFixedRateTerm": null,
            "openedDate": null,
            "preProcessingChanges": null,
            "productCategory": "Working Capital",
            "productCode": null,
            "productStatus": null,
            "qualifyingNatureOfTheProduct": null,
            "referenceIndex": null,
            "referenceIndexRate": null,
            "remainingTermMonths": null,
            "remainingTermYears": null,
            "renewalFee": null,
            "repaymentAmount": null,
            "repaymentCriteria": null,
            "repaymentFrequency": null,
            "repaymentNature": null,
            "sbosProductCode": null,
            "secured": null,
            "sequence": null,
            "subProductCode": null,
            "subProductDescription": null,
            "totalTermMonths": null,
            "totalTermYears": null,
            "unappliedFundsBalance": null
          },
          "facilityId": 32,
          "isModified": false,
          "isNew": false,
          "isNonAnzFacility": false,
          "isReadOnly": false,
          "proposed": null,
          "reasonForNonSelection": null,
          "selectedForApplication": null,
          "selectedGroupId": null
        },
        {
          "__id": "33",
          "accountRelationship": "SOL",
          "amended": false,
          "borrowerIds": [
            "d0fb4d35-97d4-45cf-a60b-250b03e42c28"
          ],
          "current": {
            "accountBsb": null,
            "accountName": null,
            "accountStatus": null,
            "accountType": null,
            "adjustedTbl": null,
            "amountForRedraw": null,
            "balloonAmount": null,
            "borrowerRelations": null,
            "ccrRating": null,
            "cpid": null,
            "creditFacilityFee": null,
            "creditFacilityFeeCode": null,
            "creditFacilityFeeFrequency": null,
            "currentBalance": 5000.00,
            "custProduct": null,
            "daysDelinquent": null,
            "detailsOfFacilityPurpose": null,
            "drawingTermDays": null,
            "establishmentFee": null,
            "facilityAccountNumber": null,
            "facilityExpiryDate": null,
            "facilityPurpose": "01",
            "facilityType": null,
            "fixedInterestRate": null,
            "fixedRateTermMonths": null,
            "fixedRateTermYears": null,
            "foreignCurrency": null,
            "hasANZBusinessPkg": null,
            "hasExpired": null,
            "hasExpiryDate": false,
            "hasLockRate": null,
            "iGFacilityFeeAmount": null,
            "iGFacilityFeeFrequency": null,
            "iGFacilityFeeLimit": null,
            "iGFeePerBankGuaranteeAmount": null,
            "iGFeePerBankGuaranteeFrequency": null,
            "iGFeePerBankGuaranteeLimit": null,
            "iGType": null,
            "includeInOffer": true,
            "institution": "ANZ",
            "interestChargeCycle": null,
            "interestMargin": null,
            "interestOnlyTermMonths": 5,
            "interestOnlyTermYears": 1,
            "interestPaymentAccountNumber": null,
            "interestRate": 14.99,
            "isBalloonPayment": null,
            "isFullyDrawn": null,
            "isL5CashCovered": null,
            "isOffsetOffered": null,
            "isProductFullyResidentiallySecured": null,
            "isRedrawOption": null,
            "isRevolvingLimit": null,
            "liabilityType": "TML",
            "limit": 5000.00,
            "limitApprovalFee": null,
            "limitVerified": null,
            "lineManagerApprovalReceived": null,
            "linkedToClg": null,
            "loanAdminCharge": null,
            "loanAdminChargeCode": null,
            "loanAdminChargeFrequency": null,
            "loanApprovalFee": null,
            "lockRate": null,
            "lockRateExpiryDate": null,
            "lockRateFee": null,
            "marginAfterFixedRateTerm": null,
            "openedDate": null,
            "preProcessingChanges": null,
            "productCategory": "ABL",
            "productCode": null,
            "productStatus": null,
            "qualifyingNatureOfTheProduct": null,
            "referenceIndex": null,
            "referenceIndexRate": null,
            "remainingTermMonths": 11,
            "remainingTermYears": 5,
            "renewalFee": null,
            "repaymentAmount": 500.00,
            "repaymentCriteria": null,
            "repaymentFrequency": "M",
            "repaymentNature": null,
            "sbosProductCode": null,
            "secured": null,
            "sequence": null,
            "subProductCode": null,
            "subProductDescription": null,
            "totalTermMonths": null,
            "totalTermYears": null,
            "unappliedFundsBalance": null
          },
          "facilityId": 33,
          "isModified": false,
          "isNew": false,
          "isNonAnzFacility": false,
          "isReadOnly": false,
          "proposed": null,
          "reasonForNonSelection": null,
          "selectedForApplication": null,
          "selectedGroupId": null
        },
        {
          "__id": "30",
          "accountRelationship": "SOL",
          "amended": false,
          "borrowerIds": [
            "d0fb4d35-97d4-45cf-a60b-250b03e42c28"
          ],
          "current": {
            "accountBsb": null,
            "accountName": null,
            "accountStatus": null,
            "accountType": null,
            "adjustedTbl": null,
            "amountForRedraw": null,
            "balloonAmount": null,
            "borrowerRelations": null,
            "ccrRating": null,
            "cpid": null,
            "creditFacilityFee": null,
            "creditFacilityFeeCode": null,
            "creditFacilityFeeFrequency": null,
            "currentBalance": 9000.00,
            "custProduct": null,
            "daysDelinquent": null,
            "detailsOfFacilityPurpose": null,
            "drawingTermDays": null,
            "establishmentFee": null,
            "facilityAccountNumber": null,
            "facilityExpiryDate": null,
            "facilityPurpose": "01",
            "facilityType": null,
            "fixedInterestRate": null,
            "fixedRateTermMonths": null,
            "fixedRateTermYears": null,
            "foreignCurrency": null,
            "hasANZBusinessPkg": null,
            "hasExpired": null,
            "hasExpiryDate": false,
            "hasLockRate": null,
            "iGFacilityFeeAmount": null,
            "iGFacilityFeeFrequency": null,
            "iGFacilityFeeLimit": null,
            "iGFeePerBankGuaranteeAmount": null,
            "iGFeePerBankGuaranteeFrequency": null,
            "iGFeePerBankGuaranteeLimit": null,
            "iGType": null,
            "includeInOffer": true,
            "institution": "ANZ",
            "interestChargeCycle": null,
            "interestMargin": null,
            "interestOnlyTermMonths": 5,
            "interestOnlyTermYears": 1,
            "interestPaymentAccountNumber": null,
            "interestRate": 14.99,
            "isBalloonPayment": null,
            "isFullyDrawn": null,
            "isL5CashCovered": null,
            "isOffsetOffered": null,
            "isProductFullyResidentiallySecured": null,
            "isRedrawOption": null,
            "isRevolvingLimit": null,
            "liabilityType": "TML",
            "limit": 9000.00,
            "limitApprovalFee": null,
            "limitVerified": null,
            "lineManagerApprovalReceived": null,
            "linkedToClg": null,
            "loanAdminCharge": null,
            "loanAdminChargeCode": null,
            "loanAdminChargeFrequency": null,
            "loanApprovalFee": null,
            "lockRate": null,
            "lockRateExpiryDate": null,
            "lockRateFee": null,
            "marginAfterFixedRateTerm": null,
            "openedDate": null,
            "preProcessingChanges": null,
            "productCategory": "ABL",
            "productCode": null,
            "productStatus": null,
            "qualifyingNatureOfTheProduct": null,
            "referenceIndex": null,
            "referenceIndexRate": null,
            "remainingTermMonths": 11,
            "remainingTermYears": 5,
            "renewalFee": null,
            "repaymentAmount": 500.00,
            "repaymentCriteria": null,
            "repaymentFrequency": "M",
            "repaymentNature": null,
            "sbosProductCode": null,
            "secured": null,
            "sequence": null,
            "subProductCode": null,
            "subProductDescription": null,
            "totalTermMonths": null,
            "totalTermYears": null,
            "unappliedFundsBalance": null
          },
          "facilityId": 30,
          "isModified": false,
          "isNew": false,
          "isNonAnzFacility": false,
          "isReadOnly": false,
          "proposed": null,
          "reasonForNonSelection": null,
          "selectedForApplication": null,
          "selectedGroupId": null
        },
        {
          "__id": "36",
          "accountRelationship": "SOL",
          "amended": false,
          "borrowerIds": [
            "d0fb4d35-97d4-45cf-a60b-250b03e42c28"
          ],
          "current": {
            "accountBsb": null,
            "accountName": null,
            "accountStatus": null,
            "accountType": null,
            "adjustedTbl": null,
            "amountForRedraw": null,
            "balloonAmount": null,
            "borrowerRelations": null,
            "ccrRating": null,
            "cpid": null,
            "creditFacilityFee": null,
            "creditFacilityFeeCode": null,
            "creditFacilityFeeFrequency": null,
            "currentBalance": 5000.00,
            "custProduct": null,
            "daysDelinquent": null,
            "detailsOfFacilityPurpose": null,
            "drawingTermDays": null,
            "establishmentFee": null,
            "facilityAccountNumber": null,
            "facilityExpiryDate": null,
            "facilityPurpose": "01",
            "facilityType": null,
            "fixedInterestRate": null,
            "fixedRateTermMonths": null,
            "fixedRateTermYears": null,
            "foreignCurrency": null,
            "hasANZBusinessPkg": null,
            "hasExpired": null,
            "hasExpiryDate": false,
            "hasLockRate": null,
            "iGFacilityFeeAmount": null,
            "iGFacilityFeeFrequency": null,
            "iGFacilityFeeLimit": null,
            "iGFeePerBankGuaranteeAmount": null,
            "iGFeePerBankGuaranteeFrequency": null,
            "iGFeePerBankGuaranteeLimit": null,
            "iGType": null,
            "includeInOffer": true,
            "institution": "ANZ",
            "interestChargeCycle": null,
            "interestMargin": null,
            "interestOnlyTermMonths": null,
            "interestOnlyTermYears": null,
            "interestPaymentAccountNumber": null,
            "interestRate": 14.99,
            "isBalloonPayment": null,
            "isFullyDrawn": null,
            "isL5CashCovered": null,
            "isOffsetOffered": null,
            "isProductFullyResidentiallySecured": null,
            "isRedrawOption": null,
            "isRevolvingLimit": null,
            "liabilityType": "OLL",
            "limit": 5000.00,
            "limitApprovalFee": null,
            "limitVerified": null,
            "lineManagerApprovalReceived": null,
            "linkedToClg": null,
            "loanAdminCharge": null,
            "loanAdminChargeCode": null,
            "loanAdminChargeFrequency": null,
            "loanApprovalFee": null,
            "lockRate": null,
            "lockRateExpiryDate": null,
            "lockRateFee": null,
            "marginAfterFixedRateTerm": null,
            "openedDate": null,
            "preProcessingChanges": null,
            "productCategory": "Other",
            "productCode": null,
            "productStatus": null,
            "qualifyingNatureOfTheProduct": null,
            "referenceIndex": null,
            "referenceIndexRate": null,
            "remainingTermMonths": null,
            "remainingTermYears": null,
            "renewalFee": null,
            "repaymentAmount": null,
            "repaymentCriteria": null,
            "repaymentFrequency": null,
            "repaymentNature": null,
            "sbosProductCode": null,
            "secured": null,
            "sequence": null,
            "subProductCode": null,
            "subProductDescription": null,
            "totalTermMonths": null,
            "totalTermYears": null,
            "unappliedFundsBalance": null
          },
          "facilityId": 36,
          "isModified": false,
          "isNew": false,
          "isNonAnzFacility": false,
          "isReadOnly": false,
          "proposed": null,
          "reasonForNonSelection": null,
          "selectedForApplication": null,
          "selectedGroupId": null
        },
        {
          "__id": "37",
          "accountRelationship": "SOL",
          "amended": false,
          "borrowerIds": [
            "d0fb4d35-97d4-45cf-a60b-250b03e42c28"
          ],
          "current": {
            "accountBsb": null,
            "accountName": null,
            "accountStatus": null,
            "accountType": null,
            "adjustedTbl": null,
            "amountForRedraw": null,
            "balloonAmount": null,
            "borrowerRelations": null,
            "ccrRating": null,
            "cpid": null,
            "creditFacilityFee": null,
            "creditFacilityFeeCode": null,
            "creditFacilityFeeFrequency": null,
            "currentBalance": 2500.00,
            "custProduct": null,
            "daysDelinquent": null,
            "detailsOfFacilityPurpose": null,
            "drawingTermDays": null,
            "establishmentFee": null,
            "facilityAccountNumber": null,
            "facilityExpiryDate": null,
            "facilityPurpose": "01",
            "facilityType": null,
            "fixedInterestRate": null,
            "fixedRateTermMonths": null,
            "fixedRateTermYears": null,
            "foreignCurrency": null,
            "hasANZBusinessPkg": null,
            "hasExpired": null,
            "hasExpiryDate": false,
            "hasLockRate": null,
            "iGFacilityFeeAmount": null,
            "iGFacilityFeeFrequency": null,
            "iGFacilityFeeLimit": null,
            "iGFeePerBankGuaranteeAmount": null,
            "iGFeePerBankGuaranteeFrequency": null,
            "iGFeePerBankGuaranteeLimit": null,
            "iGType": null,
            "includeInOffer": true,
            "institution": "ANZ",
            "interestChargeCycle": null,
            "interestMargin": null,
            "interestOnlyTermMonths": null,
            "interestOnlyTermYears": null,
            "interestPaymentAccountNumber": null,
            "interestRate": 14.99,
            "isBalloonPayment": null,
            "isFullyDrawn": null,
            "isL5CashCovered": null,
            "isOffsetOffered": null,
            "isProductFullyResidentiallySecured": null,
            "isRedrawOption": null,
            "isRevolvingLimit": null,
            "liabilityType": "OD",
            "limit": 2500.00,
            "limitApprovalFee": null,
            "limitVerified": null,
            "lineManagerApprovalReceived": null,
            "linkedToClg": null,
            "loanAdminCharge": null,
            "loanAdminChargeCode": null,
            "loanAdminChargeFrequency": null,
            "loanApprovalFee": null,
            "lockRate": null,
            "lockRateExpiryDate": null,
            "lockRateFee": null,
            "marginAfterFixedRateTerm": null,
            "openedDate": null,
            "preProcessingChanges": null,
            "productCategory": "Working Capital",
            "productCode": null,
            "productStatus": null,
            "qualifyingNatureOfTheProduct": null,
            "referenceIndex": null,
            "referenceIndexRate": null,
            "remainingTermMonths": null,
            "remainingTermYears": null,
            "renewalFee": null,
            "repaymentAmount": null,
            "repaymentCriteria": null,
            "repaymentFrequency": null,
            "repaymentNature": null,
            "sbosProductCode": null,
            "secured": null,
            "sequence": null,
            "subProductCode": null,
            "subProductDescription": null,
            "totalTermMonths": null,
            "totalTermYears": null,
            "unappliedFundsBalance": null
          },
          "facilityId": 37,
          "isModified": false,
          "isNew": false,
          "isNonAnzFacility": false,
          "isReadOnly": false,
          "proposed": null,
          "reasonForNonSelection": null,
          "selectedForApplication": null,
          "selectedGroupId": null
        },
        {
          "__id": "21",
          "accountRelationship": "SOL",
          "amended": false,
          "borrowerIds": [
            "d0fb4d35-97d4-45cf-a60b-250b03e42c28"
          ],
          "current": {
            "accountBsb": null,
            "accountName": null,
            "accountStatus": null,
            "accountType": null,
            "adjustedTbl": null,
            "amountForRedraw": null,
            "balloonAmount": null,
            "borrowerRelations": null,
            "ccrRating": null,
            "cpid": null,
            "creditFacilityFee": null,
            "creditFacilityFeeCode": null,
            "creditFacilityFeeFrequency": null,
            "currentBalance": 5000.00,
            "custProduct": null,
            "daysDelinquent": null,
            "detailsOfFacilityPurpose": null,
            "drawingTermDays": null,
            "establishmentFee": null,
            "facilityAccountNumber": null,
            "facilityExpiryDate": null,
            "facilityPurpose": "01",
            "facilityType": null,
            "fixedInterestRate": null,
            "fixedRateTermMonths": null,
            "fixedRateTermYears": null,
            "foreignCurrency": null,
            "hasANZBusinessPkg": null,
            "hasExpired": null,
            "hasExpiryDate": false,
            "hasLockRate": null,
            "iGFacilityFeeAmount": null,
            "iGFacilityFeeFrequency": null,
            "iGFacilityFeeLimit": null,
            "iGFeePerBankGuaranteeAmount": null,
            "iGFeePerBankGuaranteeFrequency": null,
            "iGFeePerBankGuaranteeLimit": null,
            "iGType": null,
            "includeInOffer": true,
            "institution": "ANZ",
            "interestChargeCycle": null,
            "interestMargin": null,
            "interestOnlyTermMonths": null,
            "interestOnlyTermYears": null,
            "interestPaymentAccountNumber": null,
            "interestRate": 14.99,
            "isBalloonPayment": null,
            "isFullyDrawn": null,
            "isL5CashCovered": null,
            "isOffsetOffered": null,
            "isProductFullyResidentiallySecured": null,
            "isRedrawOption": null,
            "isRevolvingLimit": null,
            "liabilityType": "CC",
            "limit": 5000.00,
            "limitApprovalFee": null,
            "limitVerified": null,
            "lineManagerApprovalReceived": null,
            "linkedToClg": null,
            "loanAdminCharge": null,
            "loanAdminChargeCode": null,
            "loanAdminChargeFrequency": null,
            "loanApprovalFee": null,
            "lockRate": null,
            "lockRateExpiryDate": null,
            "lockRateFee": null,
            "marginAfterFixedRateTerm": null,
            "openedDate": null,
            "preProcessingChanges": null,
            "productCategory": "Credit Card",
            "productCode": null,
            "productStatus": null,
            "qualifyingNatureOfTheProduct": null,
            "referenceIndex": null,
            "referenceIndexRate": null,
            "remainingTermMonths": null,
            "remainingTermYears": null,
            "renewalFee": null,
            "repaymentAmount": null,
            "repaymentCriteria": null,
            "repaymentFrequency": null,
            "repaymentNature": null,
            "sbosProductCode": null,
            "secured": null,
            "sequence": null,
            "subProductCode": null,
            "subProductDescription": null,
            "totalTermMonths": null,
            "totalTermYears": null,
            "unappliedFundsBalance": null
          },
          "facilityId": 21,
          "isModified": false,
          "isNew": false,
          "isNonAnzFacility": false,
          "isReadOnly": false,
          "proposed": null,
          "reasonForNonSelection": null,
          "selectedForApplication": null,
          "selectedGroupId": null
        },
        {
          "__id": "35",
          "accountRelationship": "SOL",
          "amended": false,
          "borrowerIds": [
            "d0fb4d35-97d4-45cf-a60b-250b03e42c28"
          ],
          "current": {
            "accountBsb": null,
            "accountName": null,
            "accountStatus": null,
            "accountType": null,
            "adjustedTbl": null,
            "amountForRedraw": null,
            "balloonAmount": null,
            "borrowerRelations": null,
            "ccrRating": null,
            "cpid": null,
            "creditFacilityFee": null,
            "creditFacilityFeeCode": null,
            "creditFacilityFeeFrequency": null,
            "currentBalance": 10000.00,
            "custProduct": null,
            "daysDelinquent": null,
            "detailsOfFacilityPurpose": null,
            "drawingTermDays": null,
            "establishmentFee": null,
            "facilityAccountNumber": null,
            "facilityExpiryDate": null,
            "facilityPurpose": "01",
            "facilityType": "Other",
            "fixedInterestRate": null,
            "fixedRateTermMonths": null,
            "fixedRateTermYears": null,
            "foreignCurrency": null,
            "hasANZBusinessPkg": null,
            "hasExpired": null,
            "hasExpiryDate": false,
            "hasLockRate": null,
            "iGFacilityFeeAmount": null,
            "iGFacilityFeeFrequency": null,
            "iGFacilityFeeLimit": null,
            "iGFeePerBankGuaranteeAmount": null,
            "iGFeePerBankGuaranteeFrequency": null,
            "iGFeePerBankGuaranteeLimit": null,
            "iGType": null,
            "includeInOffer": true,
            "institution": "OTHER",
            "interestChargeCycle": null,
            "interestMargin": null,
            "interestOnlyTermMonths": null,
            "interestOnlyTermYears": null,
            "interestPaymentAccountNumber": null,
            "interestRate": 14.99,
            "isBalloonPayment": null,
            "isFullyDrawn": null,
            "isL5CashCovered": null,
            "isOffsetOffered": null,
            "isProductFullyResidentiallySecured": null,
            "isRedrawOption": null,
            "isRevolvingLimit": null,
            "liabilityType": "OLL",
            "limit": 10000.00,
            "limitApprovalFee": null,
            "limitVerified": null,
            "lineManagerApprovalReceived": null,
            "linkedToClg": null,
            "loanAdminCharge": null,
            "loanAdminChargeCode": null,
            "loanAdminChargeFrequency": null,
            "loanApprovalFee": null,
            "lockRate": null,
            "lockRateExpiryDate": null,
            "lockRateFee": null,
            "marginAfterFixedRateTerm": null,
            "openedDate": null,
            "preProcessingChanges": null,
            "productCategory": "Non-ANZ Facility",
            "productCode": null,
            "productStatus": null,
            "qualifyingNatureOfTheProduct": null,
            "referenceIndex": null,
            "referenceIndexRate": null,
            "remainingTermMonths": null,
            "remainingTermYears": null,
            "renewalFee": null,
            "repaymentAmount": null,
            "repaymentCriteria": null,
            "repaymentFrequency": null,
            "repaymentNature": null,
            "sbosProductCode": "NONANZ04",
            "secured": null,
            "sequence": null,
            "subProductCode": null,
            "subProductDescription": null,
            "totalTermMonths": null,
            "totalTermYears": null,
            "unappliedFundsBalance": null
          },
          "facilityId": 35,
          "isModified": false,
          "isNew": false,
          "isNonAnzFacility": true,
          "isReadOnly": false,
          "proposed": null,
          "reasonForNonSelection": null,
          "selectedForApplication": null,
          "selectedGroupId": null
        },
        {
          "__id": "22",
          "accountRelationship": "SOL",
          "amended": false,
          "borrowerIds": [
            "d0fb4d35-97d4-45cf-a60b-250b03e42c28"
          ],
          "current": {
            "accountBsb": null,
            "accountName": null,
            "accountStatus": null,
            "accountType": null,
            "adjustedTbl": null,
            "amountForRedraw": null,
            "balloonAmount": null,
            "borrowerRelations": null,
            "ccrRating": null,
            "cpid": null,
            "creditFacilityFee": null,
            "creditFacilityFeeCode": null,
            "creditFacilityFeeFrequency": null,
            "currentBalance": 2500.00,
            "custProduct": null,
            "daysDelinquent": null,
            "detailsOfFacilityPurpose": null,
            "drawingTermDays": null,
            "establishmentFee": null,
            "facilityAccountNumber": null,
            "facilityExpiryDate": null,
            "facilityPurpose": "01",
            "facilityType": "Lease/Hire purchase",
            "fixedInterestRate": null,
            "fixedRateTermMonths": null,
            "fixedRateTermYears": null,
            "foreignCurrency": null,
            "hasANZBusinessPkg": null,
            "hasExpired": null,
            "hasExpiryDate": false,
            "hasLockRate": null,
            "iGFacilityFeeAmount": null,
            "iGFacilityFeeFrequency": null,
            "iGFacilityFeeLimit": null,
            "iGFeePerBankGuaranteeAmount": null,
            "iGFeePerBankGuaranteeFrequency": null,
            "iGFeePerBankGuaranteeLimit": null,
            "iGType": null,
            "includeInOffer": true,
            "institution": "ANZ",
            "interestChargeCycle": null,
            "interestMargin": null,
            "interestOnlyTermMonths": null,
            "interestOnlyTermYears": null,
            "interestPaymentAccountNumber": null,
            "interestRate": null,
            "isBalloonPayment": null,
            "isFullyDrawn": null,
            "isL5CashCovered": null,
            "isOffsetOffered": null,
            "isProductFullyResidentiallySecured": null,
            "isRedrawOption": null,
            "isRevolvingLimit": null,
            "liabilityType": "LEH",
            "limit": 2500.00,
            "limitApprovalFee": null,
            "limitVerified": null,
            "lineManagerApprovalReceived": null,
            "linkedToClg": null,
            "loanAdminCharge": null,
            "loanAdminChargeCode": null,
            "loanAdminChargeFrequency": null,
            "loanApprovalFee": null,
            "lockRate": null,
            "lockRateExpiryDate": null,
            "lockRateFee": null,
            "marginAfterFixedRateTerm": null,
            "openedDate": null,
            "preProcessingChanges": null,
            "productCategory": "Non-ANZ Facility",
            "productCode": null,
            "productStatus": null,
            "qualifyingNatureOfTheProduct": null,
            "referenceIndex": null,
            "referenceIndexRate": null,
            "remainingTermMonths": 11,
            "remainingTermYears": 1,
            "renewalFee": null,
            "repaymentAmount": 500.00,
            "repaymentCriteria": null,
            "repaymentFrequency": "M",
            "repaymentNature": null,
            "sbosProductCode": "NONANZ01",
            "secured": null,
            "sequence": null,
            "subProductCode": null,
            "subProductDescription": null,
            "totalTermMonths": null,
            "totalTermYears": null,
            "unappliedFundsBalance": null
          },
          "facilityId": 22,
          "isModified": false,
          "isNew": false,
          "isNonAnzFacility": true,
          "isReadOnly": false,
          "proposed": null,
          "reasonForNonSelection": null,
          "selectedForApplication": null,
          "selectedGroupId": null
        },
        {
          "__id": "24",
          "accountRelationship": "SOL",
          "amended": false,
          "borrowerIds": [
            "d0fb4d35-97d4-45cf-a60b-250b03e42c28"
          ],
          "current": {
            "accountBsb": null,
            "accountName": null,
            "accountStatus": null,
            "accountType": null,
            "adjustedTbl": null,
            "amountForRedraw": null,
            "balloonAmount": null,
            "borrowerRelations": null,
            "ccrRating": null,
            "cpid": null,
            "creditFacilityFee": null,
            "creditFacilityFeeCode": null,
            "creditFacilityFeeFrequency": null,
            "currentBalance": 5000.00,
            "custProduct": null,
            "daysDelinquent": null,
            "detailsOfFacilityPurpose": null,
            "drawingTermDays": null,
            "establishmentFee": null,
            "facilityAccountNumber": null,
            "facilityExpiryDate": null,
            "facilityPurpose": "01",
            "facilityType": "Lease/Hire purchase",
            "fixedInterestRate": null,
            "fixedRateTermMonths": null,
            "fixedRateTermYears": null,
            "foreignCurrency": null,
            "hasANZBusinessPkg": null,
            "hasExpired": null,
            "hasExpiryDate": false,
            "hasLockRate": null,
            "iGFacilityFeeAmount": null,
            "iGFacilityFeeFrequency": null,
            "iGFacilityFeeLimit": null,
            "iGFeePerBankGuaranteeAmount": null,
            "iGFeePerBankGuaranteeFrequency": null,
            "iGFeePerBankGuaranteeLimit": null,
            "iGType": null,
            "includeInOffer": true,
            "institution": "OTHER",
            "interestChargeCycle": null,
            "interestMargin": null,
            "interestOnlyTermMonths": null,
            "interestOnlyTermYears": null,
            "interestPaymentAccountNumber": null,
            "interestRate": null,
            "isBalloonPayment": null,
            "isFullyDrawn": null,
            "isL5CashCovered": null,
            "isOffsetOffered": null,
            "isProductFullyResidentiallySecured": null,
            "isRedrawOption": null,
            "isRevolvingLimit": null,
            "liabilityType": "LEH",
            "limit": 5000.00,
            "limitApprovalFee": null,
            "limitVerified": null,
            "lineManagerApprovalReceived": null,
            "linkedToClg": null,
            "loanAdminCharge": null,
            "loanAdminChargeCode": null,
            "loanAdminChargeFrequency": null,
            "loanApprovalFee": null,
            "lockRate": null,
            "lockRateExpiryDate": null,
            "lockRateFee": null,
            "marginAfterFixedRateTerm": null,
            "openedDate": null,
            "preProcessingChanges": null,
            "productCategory": "Non-ANZ Facility",
            "productCode": null,
            "productStatus": null,
            "qualifyingNatureOfTheProduct": null,
            "referenceIndex": null,
            "referenceIndexRate": null,
            "remainingTermMonths": 11,
            "remainingTermYears": 1,
            "renewalFee": null,
            "repaymentAmount": 500.00,
            "repaymentCriteria": null,
            "repaymentFrequency": "M",
            "repaymentNature": null,
            "sbosProductCode": "NONANZ01",
            "secured": null,
            "sequence": null,
            "subProductCode": null,
            "subProductDescription": null,
            "totalTermMonths": null,
            "totalTermYears": null,
            "unappliedFundsBalance": null
          },
          "facilityId": 24,
          "isModified": false,
          "isNew": false,
          "isNonAnzFacility": true,
          "isReadOnly": false,
          "proposed": null,
          "reasonForNonSelection": null,
          "selectedForApplication": null,
          "selectedGroupId": null
        }
      ],
      "preProcessingNotes": null
    },
    "facilityVerification": {
      "isSecAgnstActivFacility": false,
      "isTotAblAboveLimit": null,
      "isTotODAboveLimit": false
    },
    "formType": {
      "anzsicCode": "2852",
      "areAllCrossCollateralisedSecurities": null,
      "completedApplications": [],
      "currentAnzsicCode": null,
      "hasDualApplication": null,
      "inFlightApplications": [],
      "riskQuestions": {
        "amountOutstanding": null,
        "exceptionComment": null,
        "exceptionalCircumstances": false,
        "fullYears": "1",
        "hasBeenTradingOneFullYear": true,
        "hasDirectorGuarantee": true,
        "isAccredited": false,
        "isConstruction": false,
        "isForBusinessInvestment": true,
        "isOwnershipOneYear": true,
        "lastDrawdownDate": null,
        "multipleFinclsAttached": null,
        "requireLegalAdvice": false,
        "riskGradeReview": null,
        "secFacilities": "N",
        "taxationOutstanding": false
      },
      "type": {
        "areSecuredLendingRequirementsMet": null,
        "formTypeDescription": null,
        "value": "OLA"
      }
    },
    "indicativeSettlementDate": null,
    "ineligibilityReason": [],
    "isAssigned": false,
    "isCTSCalculated": false,
    "isCapacityUnlocked": false,
    "isFormTypeCalculated": false,
    "isOwner": true,
    "isQuoteGenerated": false,
    "isReferredByBanker": true,
    "lastCalculatedCTSResult": null,
    "olacustContactRequest": null,
    "olasubmissionReasonCode": "RS3",
    "olasubmissionReasonCodeText": "Full submission with conditional approval",
    "olasubmissionType": "Review and Submit",
    "opportunityId": null,
    "opportunityIdSourcedFromIknow": false,
    "prepopulation": {
      "entities": null,
      "facilities": null,
      "formType": null,
      "securities": null,
      "serviceability": null,
      "sidebar": null,
      "tempOD": null
    },
    "quickAssist": {
      "__id": null,
      "amendedANZLiability": null,
      "amendedExpensesAmount": null,
      "amendedIncomeAmount": null,
      "amendedNPBT": null,
      "amendedOFILiability": null,
      "calculateCtsIndicator": null,
      "downsellAccepted": true,
      "qaANZLiability": null,
      "qaANZLiabilityVerified": null,
      "qaExpenseAmount": null,
      "qaExpenseAmountVerified": null,
      "qaIncomeAmount": null,
      "qaIncomeAmountVerified": null,
      "qaLimitHighAmount": null,
      "qaLimitLowAmount": null,
      "qaLimitsAccepted": null,
      "qaLimitsDuration": null,
      "qaLimitsEnddate": null,
      "qaLimitsStartdate": null,
      "qaNPBT": null,
      "qaNPBTVerified": null,
      "qaOFILiability": null,
      "qaOFILiabilityVerified": null,
      "recalculatedQAHighAmount": null,
      "recalculatedQALowAmount": null
    },
    "reassignToMe": false,
    "referrerBankerFirstName": "TestFname",
    "referrerBankerLastName": null,
    "securities": {
      "securitiesCrossCollateralised": null,
      "securityCover": null,
      "securityList": []
    },
    "serviceability": {
      "associatePartyList": [],
      "businessFinancials": [
        {
          "aspName": "Xero_QuickBooks",
          "aspderivedANZLiabilities": 38000.00,
          "aspderivedOFILiabilities": 86700.00,
          "aspderivedUNMLiabilities": 57800.00,
          "businessFinancialYear": 2019,
          "currentAssets": 160000.00,
          "currentLiabilities": 145000.00,
          "custStatedANZAFLiabilities": 10000.00,
          "custStatedANZCCLiabilities": 5000.00,
          "custStatedANZLoanLiabilities": 14500.00,
          "custStatedANZODLiabilities": 5000.00,
          "custStatedANZOtherLiabilities": null,
          "depreciationAmortisation": 16000.00,
          "dividendAndDrawings": 18000.41,
          "endMonthYear": 201911,
          "financeLeaseCharges": 4102.44,
          "grossProfit": 280000.00,
          "incomeLivestockProduction": null,
          "incomeLivestockTrading": null,
          "incomeOtherFarm": null,
          "incomeOtherLivestock": null,
          "incomeSeaFood": null,
          "incomeTotalPlant": null,
          "interestFinanceExpenses": null,
          "interestPaid": 4500.00,
          "irregularIncomes": [
            {
              "amount": 55400.00,
              "groupId": 45,
              "type": "Other Income"
            },
            {
              "amount": 6000.00,
              "groupId": 47,
              "type": "Unmapped Income"
            }
          ],
          "managementSalaries": null,
          "memberFunds": null,
          "netProfitBeforeTax": 100297.56,
          "nonCashRecurringExpenses": 1000.00,
          "nonRecurringExpenses": [
            {
              "amount": 6500.00,
              "groupId": 44,
              "type": "One Off Expense"
            }
          ],
          "partnershipCapitalAccount": null,
          "proprietorsCapitalAccount": null,
          "rentCost": null,
          "royaltyPayment": null,
          "shareCapitalReserve": 20000.00,
          "shareholderLoanBalanceAssets": 10000.00,
          "shareholderLoanBalanceLiability": 10000.00,
          "startMonthYear": 201812,
          "totalAmountNonANZBusinessLending": null,
          "totalAssets": 679700.00,
          "totalCashRecurringExpense": 201000.00,
          "totalCostGoodsSold": 300000.00,
          "totalG1BASSales": 140000.00,
          "totalG1BASSalesFromDate": "2019-07-01",
          "totalG1BASSalesToDate": "2019-09-30",
          "totalIncome": 641400.00,
          "totalLiabilities": 428700.00,
          "totalOperatingExpenses": 241102.44,
          "totalSaleRevenue": 580000.00,
          "totalUnmappedExpense": 8000.00,
          "trustCapital": null,
          "wageCost": null
        }
      ],
      "cashflowForecast": null,
      "fullServiceabilityQuestions": {
        "hasPropertyLeaseAgreement": false,
        "propertyLeaseTermsAndExpiryDates": "24"
      },
      "ruralCommodity": {
        "calvingRate": null,
        "diaryProductionLastYear": null,
        "diaryProductionType": null,
        "estimatedIrrigationAreaBroadacre": null,
        "estimatedIrrigationAreaHorticulture": null,
        "milkType": null,
        "numberOfLivestockCattle": null,
        "numberOfLivestockDairy": null,
        "pigCommodities": null,
        "sourceOfIncomeBroadacre": null,
        "sourceOfIncomeCattle": null,
        "sourceOfIncomeDairy": null,
        "sourceOfIncomeHorticulture": null,
        "sourceOfIncomeOrchards": null,
        "sourceOfIncomeOtherLivestock": null,
        "sourceOfIncomePigs": null,
        "sourceOfIncomePoultry": null,
        "sourceOfIncomeSeafood": null,
        "sourceOfIncomeSheep": null,
        "sourceOfIncomeSugar": null,
        "sourceOfIncomeTimber": null,
        "sourceOfIncomeWine": null,
        "supplierContractHeld": null,
        "supplyCompanyDairy": null,
        "supplyCompanyPoultry": null,
        "taxYearCovered": null,
        "totalAreaBroadacre": null,
        "totalAreaCattle": null,
        "totalAreaDairy": null,
        "totalAreaHorticulture": null,
        "totalAreaPigs": null,
        "totalGrazingArea": null,
        "tradingDurationOtherCompany": null
      },
      "ruralServiceabilityQuestions": {
        "farmAdverseConditionDetails": null,
        "farmConsultantVisitDetails": null,
        "farmEntitlementsDetails": null,
        "isFarmAdverseCondition": null,
        "isFarmConsultantVisited": null,
        "isFarmEntitlements": null,
        "isShareFarm": null,
        "shareFarmDetails": null,
        "totalAreaOfFarm": null,
        "yearsExpExistingFarmProperty": null
      },
      "ruralSop": null,
      "vendorFinancial": null
    },
    "sidebar": {
      "amtRequested": 100000.00,
      "ccr": null,
      "cisId": null,
      "cisTbl": {
        "adjustedTbl": 0,
        "currentAssetFinanceTbl": 0.00,
        "currentCapTbl": 0.00,
        "currentConsolidatedTbl": 0.00,
        "linkedAppsAdjustedTbl": 0.00,
        "manuallyAddedInflightGaf": 0,
        "manuallyAddedInflightGafAndSb": 0,
        "proposedAssetFinanceTbl": 0.00,
        "proposedCapTbl": 0.00,
        "proposedConsolidatedTbl": 0.00,
        "proposedConsolidatedTblForSi": 0.00,
        "systemCalcTbl": 0.00
      },
      "clgId": null,
      "clgTbl": null,
      "extendedValue": null,
      "mediumFormLimit": null,
      "pi": null,
      "securityExtensions": null,
      "securityFmv": null,
      "securityIndicator": null,
      "shortFormLimit": null,
      "vcadLimit": {
        "customerLimits": [],
        "mediumFormLimitSecured": null,
        "mediumFormLimitUnSecured": null,
        "shortFormLimitSecured": null,
        "shortFormLimitUnSecured": null,
        "siMediumFormLimit": 0,
        "siShortFormLimit": 0
      },
      "vcadLimitNotModified": null
    },
    "submit": {
      "agreeToTermsAndConditions": false,
      "agreementStatement": null,
      "declarationItems": [
        {
          "id": 1,
          "text": "I confirm I have read and understood the above information about ANZs collection, use and disclosure of my personal and business information and confirm that my business and I meet the eligibility criteria. I acknowledge that ANZ may ask for additional information to consider my application for credit and that ANZ may not be able to assess my application if not provided."
        },
        {
          "id": 2,
          "text": "By agreeing to check your financial eligibility, you confirm that the financials youve shared are complete, accurate, and a true reflection of ACG PTY LTD's financial performance."
        }
      ],
      "securityValuationWithinPolicy": null
    },
    "tempOD": null,
    "tpmi": null,
    "uiErrorModel": {},
    "variationSummary": null,
    "wasCTSCalculated": false,
    "wasFormTypeCalculated": false,
    "withdrawReason": null
  },
  "applicationV2": null,
  "changes": {
    "entities": null,
    "facilities": null,
    "formType": null,
    "isDataChanged": false,
    "securities": null
  }
}