{
  "application": {
    "additionalInfoRevision": 1,
    "appConsentsStatus": "Received",
    "appHistoryVerification": {
      "hasInflightApplications": null,
      "isAdditionalFinInfoAvailable": null,
      "isAppsTobeContinued": null,
      "lastDrawdownDate": "2019-01-01"
    },
    "applicationCreatedDateTime": "2020-01-23T12:26:38.337Z",
    "applicationId": 1000022098,
    "applicationOwner": {
      "firstName": "Adam",
      "lastName": "Treloar",
      "ownerLanId": "CSPUsr2"
    },
    "applicationSource": "CFOLA",
    "applicationStatus": "PENDING_CUSTOMER_LINK",
    "applicationStatusVersion": 2,
    "applicationSubmittedDateTime": null,
    "applicationType": "OLA",
    "applicationVersion": 2,
    "assessmentSummary": null,
    "azReviewDate": null,
    "bankerDeclaration": {
      "isNewBusinessEntityCreated": null,
      "isNewIndividualEntityCreated": null
    },
    "character": null,
    "checklist": [],
    "collateral": null,
    "comments": {
      "commentList": []
    },
    "customerInterviewDate": null,
    "drawdown": null,
    "entities": {
      "associatedParties": [
        {
          "__id": "14",
          "abn": null,
          "abnStatus": null,
          "abnStatusDate": null,
          "acn": null,
          "acnRegistrationDate": null,
          "acnStatus": null,
          "address": "833 Collins Street",
          "addressVerified": true,
          "asicCfcDate": null,
          "asicCfcUrl": null,
          "asicSearchDate": null,
          "beneficiaryTrustIds": [],
          "businessEntityType": null,
          "businessName": null,
          "consentFlag": true,
          "countryOfCitizenship": "AU",
          "countryOfSecondaryCitizenship": "IN",
          "cpId": null,
          "creditPrivacyConsent": null,
          "crsDetails": [],
          "custStatusFlag": null,
          "customerId": "71fe6698-58d1-421c-988b-0c8c2ba98698",
          "dateOfBirth": "1991-08-28",
          "driversLicense": null,
          "driversLicenseState": null,
          "emailAddress": "anz@a.com",
          "entityName": "MIKE NOLAN",
          "faxNumber": null,
          "firstName": "MIKE",
          "homeNumber": null,
          "isAssociatedPartyBeneficiary": null,
          "isBorrowingEntityTrustee": false,
          "isLegalFinancialAdviceMandatory": null,
          "isPersonBeneficiary": null,
          "kycBranchId": null,
          "kycStatus": null,
          "lastName": "NOLAN",
          "letterOfOfferName": null,
          "mailingAddress": "4 Belvedere Avenue",
          "mailingAddressCountry": "AU",
          "mailingAddressPoBox": "3150",
          "mailingAddressPopulated": true,
          "mailingAddressPostcode": "3000",
          "mailingAddressPropertyName": "",
          "mailingAddressState": "VIC",
          "mailingAddressStreetName": "Belvedere Avenue",
          "mailingAddressStreetNumber": "",
          "mailingAddressStreetType": null,
          "mailingAddressSuburbTown": "MELBOURNE",
          "mailingAddressUnitNumber": "1",
          "mailingAddressVerified": true,
          "marriedOrDeFacto": null,
          "marriedTo": null,
          "middleName": "JARRAD",
          "multipleClgAvailable": null,
          "notes": {
            "capCustomerId": "71fe6698-58d1-421c-988b-0c8c2ba98698",
            "countryOfCitizenship": "AU",
            "crsDetails": [],
            "dateOfBirth": "1991-08-28",
            "emailAddress": "anz@a.com",
            "firstName": "MIKE",
            "homeNumber": null,
            "lastName": "NOLAN",
            "mailingAddress": "4 Belvedere Avenue, MELBOURNE, VIC, 3000",
            "middleName": "JARRAD",
            "mobileNumber": "0432323232",
            "notesType": "AP",
            "otherCountriesOfCitizenship": "IN",
            "residentialAddress": "833 Collins Street, MELBOURNE, VIC, 3000",
            "title": "Mr",
            "udId": "71fe6698-58d1-421c-988b-0c8c2ba98698",
            "workNumber": null
          },
          "numberOfDependants": null,
          "partyFromAsic": null,
          "phoneNumber": "0432323232",
          "phoneType": "M",
          "primarySourceOfIncome": null,
          "providingGuarantee": true,
          "relationshipToBorrowingEntity": "Proprietor",
          "relationshipTypeSequence": 1,
          "residentialAddressCountry": "AU",
          "residentialAddressPoBox": "3008",
          "residentialAddressPopulated": true,
          "residentialAddressPostcode": "3000",
          "residentialAddressPropertyName": "833 COLLINS",
          "residentialAddressState": "VIC",
          "residentialAddressStreetName": "Collins",
          "residentialAddressStreetNumber": "",
          "residentialAddressStreetType": null,
          "residentialAddressSuburbTown": "MELBOURNE",
          "residentialAddressUnitNumber": "833",
          "residentialStatus": null,
          "signatories": [],
          "taxResidentOutsideOfAustralia": null,
          "title": "Mr",
          "trustIds": [],
          "useAsContactPerson": true,
          "verifiedInCap": true,
          "workNumber": null,
          "isRelationshipVerified": false
        }
      ],
      "borrowers": [
        {
          "current": null,
          "proposed": {
            "__id": "2",
            "abn": "11005357522",
            "abnStatus": "ACT",
            "abnStatusDate": null,
            "acn": "005357522",
            "acnRegistrationDate": null,
            "acnStatus": "REGD",
            "anzsic": "2222",
            "asicCfcDate": null,
            "asicCfcUrl": null,
            "asicReportDateTime": "2019-08-28T10:26:38.337Z",
            "asicSearchDate": null,
            "bankPrimaryAccountHeld": "ANZ",
            "borrowerRelationship": "Borrower",
            "bsbForNewFacilities": "011212",
            "businessCisId": "4b20fd59-f428-4f74-bc5e-e9315b4dd7cc",
            "businessContact": "Jack Whitman",
            "businessEntityType": "01",
            "businessFaxNumber": "0432323232",
            "businessName": "ANZ BBD banking",
            "businessPhoneNumber": "0433333333",
            "businessPhoneType": "W",
            "clgCpId": null,
            "clgKycBranchId": null,
            "clgName": null,
            "clgNumber": null,
            "clgPrimaryContactNumber": null,
            "companyShareholdingVerification": null,
            "companyStructureVerification": {
              "businessCommencedDate": null,
              "isApplicantOwnershipComplete": null,
              "isCurrentListedDirsIdentified": null,
              "isListedDirectorsStatusCurrent": null,
              "isOwnershipOneYear": true,
              "isSecrataryADirector": null,
              "isSoleTraderIndNameFullyMatched": null,
              "isSoleTraderIndSame": null
            },
            "connectPlusUniqueId": null,
            "cpId": null,
            "crsDetails": [
              {
                "taxResidentCountry": "IN",
                "tin": "123-45-6789",
                "tinunavailableExplanation": "Expain2",
                "tinunavailableReason": "Reason2Lakshn"
              },
              {
                "taxResidentCountry": "AU",
                "tin": "123-45-6789",
                "tinunavailableExplanation": "Explain1",
                "tinunavailableReason": "Reason1CheckLaksh"
              },
              {
                "taxResidentCountry": "NZ",
                "tin": "123-45-6789",
                "tinunavailableExplanation": "Expain4",
                "tinunavailableReason": "Reason4Laksh"
              },
              {
                "taxResidentCountry": "Srilanka",
                "tin": "123-45-6789",
                "tinunavailableExplanation": "Expain3",
                "tinunavailableReason": "Reason3Laksh"
              },
              {
                "taxResidentCountry": "Japan",
                "tin": "123-45-6789",
                "tinunavailableExplanation": "Expain5",
                "tinunavailableReason": "Reason5Lakshmi"
              }
            ],
            "custStatusFlag": null,
            "customerId": null,
            "customerType": "BUSINESS",
            "dateOfBirth": null,
            "dateTradingCommenced": null,
            "driversLicense": null,
            "driversLicenseState": null,
            "emailAddress": "hello@zxc.com",
            "entityVerification": {
              "companyClass": null,
              "companySubClass": null,
              "companyType": null,
              "gstStatusDate": null,
              "isAcnAbnMatched": null,
              "isAcnBusinessNameMatched": null,
              "isBusinessNameRegistered": null,
              "isGstRegisteredForAbn": null,
              "originatedCountry": null
            },
            "existingCustomer": false,
            "firstName": null,
            "importExport": null,
            "individualCisId": null,
            "individualEntityType": null,
            "individualFaxNumber": null,
            "individualPhoneNumber": null,
            "individualPhoneType": null,
            "investInProperty": true,
            "isBorrowingEntityTrustee": false,
            "isClgCpIdIneligible": null,
            "isDiversifiedCoreActivities": false,
            "isExistingBusiness": true,
            "kycBranchId": null,
            "kycStatus": null,
            "lastName": null,
            "leasePlantMotorVehicle": null,
            "lengthOfRelationshipWithANZ": null,
            "letterOfOfferName": null,
            "mailingAddress": "833 Collins Street",
            "mailingAddressCountry": "AU",
            "mailingAddressPoBox": "3008",
            "mailingAddressPopulated": true,
            "mailingAddressPostcode": "3000",
            "mailingAddressPropertyName": "833 COLLINS",
            "mailingAddressState": "VIC",
            "mailingAddressStreetName": "Collins",
            "mailingAddressStreetNumber": "",
            "mailingAddressStreetType": null,
            "mailingAddressSuburbTown": "MELBOURNE",
            "mailingAddressUnitNumber": "833",
            "mailingAddressVerified": true,
            "marriedOrDeFacto": null,
            "marriedTo": null,
            "middleName": null,
            "moreThan25InOneCustomer": false,
            "moreThan25InOneSupplier": false,
            "multipleClgAvailable": null,
            "natureOfApplication": "06",
            "notes": {
              "abn": "11005357522",
              "acn": "005357522",
              "anzsic": "2222",
              "businessContactName": "Jack Whitman",
              "businessContactNumber": "0433333333",
              "businessContactTitle": null,
              "businessName": "ANZ BBD banking",
              "capCustomerId": "4b20fd59-f428-4f74-bc5e-e9315b4dd7cc",
              "crsDetails": [
                {
                  "taxResidentCountry": "IN",
                  "tin": "123-45-6789",
                  "tinunavailableExplanation": "Expain2",
                  "tinunavailableReason": "Reason2Lakshn"
                },
                {
                  "taxResidentCountry": "AU",
                  "tin": "123-45-6789",
                  "tinunavailableExplanation": "Explain1",
                  "tinunavailableReason": "Reason1CheckLaksh"
                },
                {
                  "taxResidentCountry": "NZ",
                  "tin": "123-45-6789",
                  "tinunavailableExplanation": "Expain4",
                  "tinunavailableReason": "Reason4Laksh"
                },
                {
                  "taxResidentCountry": "Srilanka",
                  "tin": "123-45-6789",
                  "tinunavailableExplanation": "Expain3",
                  "tinunavailableReason": "Reason3Laksh"
                },
                {
                  "taxResidentCountry": "Japan",
                  "tin": "123-45-6789",
                  "tinunavailableExplanation": "Expain5",
                  "tinunavailableReason": "Reason5Lakshmi"
                }
              ],
              "emailAddress": "hello@zxc.com",
              "mailingAddress": "4 Belvedere Avenue, MELBOURNE, VIC, 3000",
              "notesType": "BE",
              "registeredBusinessAddress": "833 Collins Street, MELBOURNE, NSW, 3010",
              "registeredBusinessAddressVerified": true,
              "residentialAddress": "833 Collins Street, MELBOURNE, VIC, 3000",
              "taxResidentOutsideOfAustralia": "Yes",
              "title": null,
              "udId": "4b20fd59-f428-4f74-bc5e-e9315b4dd7cc"
            },
            "numberOfBeneficiariesShareholders": null,
            "numberOfBorrowingLegalEntities": null,
            "numberOfDependants": null,
            "numberOfDirectorsPartnersProprietors": "5",
            "numberOfEmployedPeople": null,
            "numberOfKeyPersonnel": null,
            "numberOfLegalBorrowingEntitiesInBusinessGroup": null,
            "numberOfLegalEntitiesWithANZ": null,
            "ownOtherOperatingProperty": null,
            "privacyConsent": true,
            "problemsWithOtherBanksIn12Months": "04",
            "purchaseStartupCost": null,
            "registeredAddressPopulated": true,
            "registeredBusinessAddress": "833 Collins Street",
            "registeredBusinessAddressVerified": true,
            "registeredBusinessAddressCountry": "AU",
            "registeredBusinessAddressPoBox": "3008",
            "registeredBusinessAddressPostcode": "3010",
            "registeredBusinessAddressPropertyName": "833 COLLINS",
            "registeredBusinessAddressState": "NSW",
            "registeredBusinessAddressStreetName": "Collins",
            "registeredBusinessAddressStreetNumber": "",
            "registeredBusinessAddressStreetType": null,
            "registeredBusinessAddressSuburbTown": "MELBOURNE",
            "registeredBusinessAddressUnitNumber": "833",
            "residentialAddress": "833 Collins Street",
            "residentialAddressCountry": "AU",
            "residentialAddressPoBox": "3008",
            "residentialAddressPopulated": true,
            "residentialAddressPostcode": "3000",
            "residentialAddressPropertyName": "833 COLLINS",
            "residentialAddressState": "VIC",
            "residentialAddressStreetName": "Collins",
            "residentialAddressStreetNumber": "",
            "residentialAddressStreetType": null,
            "residentialAddressSuburbTown": "MELBOURNE",
            "residentialAddressUnitNumber": "833",
            "residentialAddressVerified": true,
            "residentialStatus": null,
            "rmName": null,
            "rmPhone": null,
            "sameAsTradingAddress": true,
            "securityIndicator": null,
            "taxResidentOutsideOfAustralia": "F",
            "title": "The Proprietor",
            "tradingName": "AUSTRALIA AND NEW ZEALAND BANKING GROUP LIMITED",
            "trustIds": [],
            "trustName": "ANZ BBD banking",
            "trustType": "01",
            "trusts": null,
            "yearsIndustryExperience": null,
            "yearsManagementExperience": null,
            "yearsSinceLastDiversified": null,
            "yearsWithCurrentBanker": null,
            "companyShareholdingVerification": {
              "isListedBeneficialOwnersInd": false,
              "isListedBeneficialOwnersShareholdingBeneficial": false,
              "isBeneficialOwnershipOneYear": false,
              "isListedShareholdersBeneficialOwners": false,
              "isCurrentListedBeneficialOwnersIdentified": false
            }
          }
        }
      ],
      "trusts": []
    },
    "externalSystemApplicationId": "987654321",
    "facilities": {
      "facilityList": [
        {
          "__id": "19",
          "accountRelationship": "SOL",
          "amended": false,
          "borrowerIds": [
            "4b20fd59-f428-4f74-bc5e-e9315b4dd7cc"
          ],
          "current": null,
          "facilityId": 19,
          "isModified": false,
          "isNew": true,
          "isNonAnzFacility": false,
          "isReadOnly": false,
          "proposed": {
            "accountBsb": null,
            "accountName": null,
            "accountStatus": null,
            "accountType": null,
            "adjustedTbl": 5000.00,
            "amountForRedraw": null,
            "balloonAmount": null,
            "borrowerRelations": null,
            "ccrRating": null,
            "cpid": null,
            "creditFacilityFee": null,
            "creditFacilityFeeCode": null,
            "creditFacilityFeeFrequency": null,
            "currentBalance": null,
            "custProduct": null,
            "daysDelinquent": null,
            "detailsOfFacilityPurpose": null,
            "drawingTermDays": null,
            "establishmentFee": null,
            "facilityAccountNumber": null,
            "facilityExpiryDate": null,
            "facilityGlobalExtId": null,
            "facilityPurpose": "11",
            "facilityType": "ABL - Variable",
            "fixedInterestRate": null,
            "fixedRateTermMonths": null,
            "fixedRateTermYears": null,
            "foreignCurrency": null,
            "hasANZBusinessPkg": null,
            "hasExpired": null,
            "hasExpiryDate": null,
            "hasLockRate": null,
            "iGFacilityFeeAmount": null,
            "iGFacilityFeeFrequency": null,
            "iGFacilityFeeLimit": null,
            "iGFeePerBankGuaranteeAmount": null,
            "iGFeePerBankGuaranteeFrequency": null,
            "iGFeePerBankGuaranteeLimit": null,
            "iGType": null,
            "includeInOffer": true,
            "institution": "ANZ",
            "interestChargeCycle": "YAR",
            "interestMargin": -5.16,
            "interestOnlyTermMonths": 8,
            "interestOnlyTermYears": 2,
            "interestPaymentAccountNumber": null,
            "interestRate": 2.00,
            "isBalloonPayment": false,
            "isFullyDrawn": null,
            "isL5CashCovered": null,
            "isOffsetOffered": null,
            "isProductFullyResidentiallySecured": false,
            "isRedrawOption": false,
            "isRevolvingLimit": null,
            "liabilityType": null,
            "limit": 5000.00,
            "limitApprovalFee": null,
            "limitVerified": null,
            "lineManagerApprovalReceived": null,
            "linkedToClg": null,
            "loanAdminCharge": 100.00,
            "loanAdminChargeCode": "K",
            "loanAdminChargeFrequency": "Q",
            "loanApprovalFee": null,
            "lockRate": null,
            "lockRateExpiryDate": null,
            "lockRateFee": null,
            "marginAfterFixedRateTerm": null,
            "openedDate": null,
            "preProcessingChanges": null,
            "productCategory": "ABL",
            "productCode": "ILS",
            "productStatus": "Active",
            "qualifyingNatureOfTheProduct": null,
            "referenceIndex": "HB",
            "referenceIndexRate": 7.16,
            "remainingTermMonths": null,
            "remainingTermYears": null,
            "renewalFee": null,
            "repaymentAmount": 50000.00,
            "repaymentCriteria": null,
            "repaymentFrequency": "M",
            "repaymentNature": "IO",
            "sbosProductCode": "SBOS15",
            "secured": null,
            "sequence": null,
            "subProductCode": "OVB",
            "subProductDescription": null,
            "totalTermMonths": 1,
            "totalTermYears": 1,
            "unappliedFundsBalance": null
          },
          "reasonForNonSelection": null,
          "selectedForApplication": null,
          "selectedGroupId": null
        },
        {
          "__id": "22",
          "accountRelationship": "SOL",
          "amended": true,
          "borrowerIds": [
            "4b20fd59-f428-4f74-bc5e-e9315b4dd7cc"
          ],
          "current": {
            "accountBsb": "011265",
            "accountName": "ILS-HAB-1000259 BUSINESS MORTGAGE LOAN ACC: 037",
            "accountStatus": "Active",
            "accountType": null,
            "adjustedTbl": null,
            "amountForRedraw": 10.00,
            "balloonAmount": null,
            "borrowerRelations": null,
            "ccrRating": "37",
            "cpid": "12355",
            "creditFacilityFee": null,
            "creditFacilityFeeCode": null,
            "creditFacilityFeeFrequency": null,
            "currentBalance": 31000.00,
            "custProduct": "COM",
            "daysDelinquent": 0,
            "detailsOfFacilityPurpose": null,
            "drawingTermDays": null,
            "establishmentFee": null,
            "facilityAccountNumber": "anything",
            "facilityExpiryDate": null,
            "facilityGlobalExtId": null,
            "facilityPurpose": "03",
            "facilityType": "BML - Fixed Interest In Advance",
            "fixedInterestRate": null,
            "fixedRateTermMonths": null,
            "fixedRateTermYears": null,
            "foreignCurrency": null,
            "hasANZBusinessPkg": null,
            "hasExpired": null,
            "hasExpiryDate": false,
            "hasLockRate": null,
            "iGFacilityFeeAmount": null,
            "iGFacilityFeeFrequency": null,
            "iGFacilityFeeLimit": null,
            "iGFeePerBankGuaranteeAmount": null,
            "iGFeePerBankGuaranteeFrequency": null,
            "iGFeePerBankGuaranteeLimit": null,
            "iGType": null,
            "includeInOffer": null,
            "institution": "ANZ",
            "interestChargeCycle": "MAD",
            "interestMargin": 0.00,
            "interestOnlyTermMonths": 0,
            "interestOnlyTermYears": 0,
            "interestPaymentAccountNumber": "250867897",
            "interestRate": 7.43,
            "isBalloonPayment": false,
            "isFullyDrawn": true,
            "isL5CashCovered": null,
            "isOffsetOffered": null,
            "isProductFullyResidentiallySecured": null,
            "isRedrawOption": true,
            "isRevolvingLimit": null,
            "liabilityType": "TML",
            "limit": 34000.00,
            "limitApprovalFee": null,
            "limitVerified": null,
            "lineManagerApprovalReceived": null,
            "linkedToClg": true,
            "loanAdminCharge": null,
            "loanAdminChargeCode": null,
            "loanAdminChargeFrequency": null,
            "loanApprovalFee": null,
            "lockRate": null,
            "lockRateExpiryDate": null,
            "lockRateFee": null,
            "marginAfterFixedRateTerm": null,
            "openedDate": "1992-05-13",
            "preProcessingChanges": null,
            "productCategory": "BML",
            "productCode": "ILS",
            "productStatus": "Active",
            "qualifyingNatureOfTheProduct": null,
            "referenceIndex": "HB",
            "referenceIndexRate": 5.53,
            "remainingTermMonths": 3,
            "remainingTermYears": 9,
            "renewalFee": null,
            "repaymentAmount": null,
            "repaymentCriteria": null,
            "repaymentFrequency": "Monthly",
            "repaymentNature": "PIR",
            "sbosProductCode": "SBOS09",
            "secured": false,
            "sequence": null,
            "subProductCode": "HAB",
            "subProductDescription": null,
            "totalTermMonths": 0,
            "totalTermYears": 10,
            "unappliedFundsBalance": null
          },
          "proposed": {
            "accountBsb": "011265",
            "accountName": "ILS-HAB-1000259 BUSINESS MORTGAGE LOAN ACC: 037",
            "accountStatus": "Active",
            "accountType": null,
            "adjustedTbl": null,
            "amountForRedraw": 10.00,
            "balloonAmount": null,
            "borrowerRelations": null,
            "ccrRating": "37",
            "cpid": "12355",
            "creditFacilityFee": null,
            "creditFacilityFeeCode": null,
            "creditFacilityFeeFrequency": null,
            "currentBalance": 31000.00,
            "custProduct": "COM",
            "daysDelinquent": 0,
            "detailsOfFacilityPurpose": null,
            "drawingTermDays": null,
            "establishmentFee": null,
            "facilityAccountNumber": "anything",
            "facilityExpiryDate": null,
            "facilityGlobalExtId": null,
            "facilityPurpose": "03",
            "facilityType": "BML - Fixed Interest In Advance",
            "fixedInterestRate": null,
            "fixedRateTermMonths": null,
            "fixedRateTermYears": null,
            "foreignCurrency": null,
            "hasANZBusinessPkg": null,
            "hasExpired": null,
            "hasExpiryDate": false,
            "hasLockRate": null,
            "iGFacilityFeeAmount": null,
            "iGFacilityFeeFrequency": null,
            "iGFacilityFeeLimit": null,
            "iGFeePerBankGuaranteeAmount": null,
            "iGFeePerBankGuaranteeFrequency": null,
            "iGFeePerBankGuaranteeLimit": null,
            "iGType": null,
            "includeInOffer": null,
            "institution": "ANZ",
            "interestChargeCycle": "MAD",
            "interestMargin": 0.00,
            "interestOnlyTermMonths": 0,
            "interestOnlyTermYears": 0,
            "interestPaymentAccountNumber": "250867897",
            "interestRate": 7.43,
            "isBalloonPayment": false,
            "isFullyDrawn": true,
            "isL5CashCovered": null,
            "isOffsetOffered": null,
            "isProductFullyResidentiallySecured": null,
            "isRedrawOption": true,
            "isRevolvingLimit": null,
            "liabilityType": "TML",
            "limit": 40000.00,
            "limitApprovalFee": 300.00,
            "limitVerified": null,
            "lineManagerApprovalReceived": null,
            "linkedToClg": true,
            "loanAdminCharge": null,
            "loanAdminChargeCode": null,
            "loanAdminChargeFrequency": null,
            "loanApprovalFee": null,
            "lockRate": null,
            "lockRateExpiryDate": null,
            "lockRateFee": null,
            "marginAfterFixedRateTerm": null,
            "openedDate": "1992-05-13",
            "preProcessingChanges": null,
            "productCategory": "BML",
            "productCode": "ILS",
            "productStatus": "Active",
            "qualifyingNatureOfTheProduct": null,
            "referenceIndex": "HB",
            "referenceIndexRate": 5.53,
            "remainingTermMonths": 3,
            "remainingTermYears": 11,
            "renewalFee": null,
            "repaymentAmount": null,
            "repaymentCriteria": null,
            "repaymentFrequency": "Monthly",
            "repaymentNature": "PIR",
            "sbosProductCode": "SBOS09",
            "secured": false,
            "sequence": null,
            "subProductCode": "HAB",
            "subProductDescription": null,
            "totalTermMonths": 0,
            "totalTermYears": 12,
            "unappliedFundsBalance": null
          },
          "facilityId": 22,
          "isModified": false,
          "isNew": false,
          "isNonAnzFacility": false,
          "isReadOnly": false,
          "reasonForNonSelection": null,
          "selectedForApplication": null,
          "selectedGroupId": null
        }
      ],
      "preProcessingNotes": null
    },
    "facilityVerification": {
      "isSecAgnstActivFacility": false,
      "isTotAblAboveLimit": null,
      "isTotODAboveLimit": null
    },
    "formType": {
      "anzsicCode": "2222",
      "areAllCrossCollateralisedSecurities": null,
      "completedApplications": [],
      "currentAnzsicCode": null,
      "hasDualApplication": null,
      "inFlightApplications": [],
      "riskQuestions": {
        "amountOutstanding": null,
        "exceptionComment": "",
        "exceptionalCircumstances": false,
        "fullYears": null,
        "hasBeenTradingOneFullYear": true,
        "hasDirectorGuarantee": true,
        "isAccredited": false,
        "isConstruction": false,
        "isForBusinessInvestment": true,
        "isOwnershipOneYear": true,
        "lastDrawdownDate": "2019-01-01",
        "multipleFinclsAttached": null,
        "requireLegalAdvice": null,
        "riskGradeReview": null,
        "secFacilities": "N",
        "taxationOutstanding": false
      },
      "type": {
        "areSecuredLendingRequirementsMet": null,
        "formTypeDescription": "Short Form",
        "value": "SF"
      }
    },
    "indicativeSettlementDate": null,
    "ineligibilityReason": [],
    "isAssigned": false,
    "isCTSCalculated": false,
    "isCapacityUnlocked": false,
    "isFormTypeCalculated": false,
    "isOwner": false,
    "isQuoteGenerated": false,
    "isReferredByBanker": true,
    "lastCalculatedCTSResult": null,
    "olacustContactRequest": true,
    "olasubmissionReasonCode": "RS4",
    "olasubmissionReasonCodeText": "",
    "olasubmissionType": "Review and Submit",
    "opportunityId": null,
    "opportunityIdSourcedFromIknow": false,
    "prepopulation": {
      "entities": "2019-10-18T00:57:33.123Z",
      "facilities": "2019-10-18T02:53:14.579Z",
      "formType": null,
      "securities": null,
      "serviceability": null,
      "sidebar": null,
      "tempOD": null
    },
    "quickAssist": {
      "__id": null,
      "amendedANZLiability": null,
      "amendedExpensesAmount": null,
      "amendedIncomeAmount": null,
      "amendedNPBT": null,
      "amendedOFILiability": null,
      "calculateCtsIndicator": null,
      "downsellAccepted": null,
      "qaANZLiability": null,
      "qaANZLiabilityVerified": null,
      "qaExpenseAmount": null,
      "qaExpenseAmountVerified": null,
      "qaIncomeAmount": null,
      "qaIncomeAmountVerified": null,
      "qaLimitHighAmount": null,
      "qaLimitLowAmount": null,
      "qaLimitsAccepted": null,
      "qaLimitsDuration": null,
      "qaLimitsEnddate": null,
      "qaLimitsStartdate": null,
      "qaNPBT": null,
      "qaNPBTVerified": null,
      "qaOFILiability": null,
      "qaOFILiabilityVerified": null,
      "recalculatedQAHighAmount": null,
      "recalculatedQALowAmount": null
    },
    "reassignToMe": false,
    "referrerBankerFirstName": "Amelia",
    "referrerBankerLastName": "Anderson",
    "securities": {
      "securitiesCrossCollateralised": null,
      "securityCover": null,
      "securityList": []
    },
    "serviceability": {
      "associatePartyList": [],
      "businessFinancials": [
        {
          "aspName": "xero",
          "aspderivedANZLiabilities": 700.00,
          "aspderivedOFILiabilities": 600.00,
          "aspderivedUNMLiabilities": 800.00,
          "businessFinancialYear": 2019,
          "currentAssets": 300000.00,
          "currentLiabilities": 234234.00,
          "custStatedANZAFLiabilities": 500.00,
          "custStatedANZCCLiabilities": 400.00,
          "custStatedANZLoanLiabilities": 100.00,
          "custStatedANZODLiabilities": 200.00,
          "custStatedANZOtherLiabilities": 300.00,
          "depreciationAmortisation": null,
          "dividendAndDrawings": 2345.00,
          "endMonthYear": 201906,
          "financeLeaseCharges": null,
          "grossProfit": 1000000.02,
          "incomeLivestockProduction": null,
          "incomeLivestockTrading": null,
          "incomeOtherFarm": null,
          "incomeOtherLivestock": null,
          "incomeSeaFood": null,
          "incomeTotalPlant": null,
          "interestFinanceExpenses": null,
          "interestPaid": null,
          "irregularIncomes": [
            {
              "amount": 10000.00,
              "groupId": 26,
              "type": "Commission"
            },
            {
              "amount": 15000.00,
              "groupId": 28,
              "type": "Unmapped Income"
            }
          ],
          "managementSalaries": null,
          "memberFunds": null,
          "netProfitBeforeTax": 1000000.02,
          "nonCashRecurringExpenses": null,
          "nonRecurringExpenses": null,
          "partnershipCapitalAccount": 250.00,
          "proprietorsCapitalAccount": 7777.00,
          "rentCost": null,
          "royaltyPayment": null,
          "shareCapitalReserve": 1300.00,
          "shareholderLoanBalanceAssets": 4444.00,
          "shareholderLoanBalanceLiability": 2222.00,
          "startMonthYear": 6,
          "totalAmountNonANZBusinessLending": null,
          "totalAssets": 300000.00,
          "totalCashRecurringExpense": null,
          "totalCostGoodsSold": 500000.02,
          "totalG1BASSales": 5400.00,
          "totalG1BASSalesFromDate": "2022-02-28",
          "totalG1BASSalesToDate": "2022-12-02",
          "totalIncome": null,
          "totalLiabilities": 9800.00,
          "totalOperatingExpenses": 1000000.02,
          "totalSaleRevenue": 1000000.02,
          "totalUnmappedExpense": null,
          "trustCapital": null,
          "wageCost": null
        }
      ],
      "cashflowForecast": null,
      "fullServiceabilityQuestions": {
        "hasPropertyLeaseAgreement": true,
        "propertyLeaseTermsAndExpiryDates": "120"
      },
      "ruralCommodity": {
        "calvingRate": null,
        "diaryProductionLastYear": null,
        "diaryProductionType": null,
        "estimatedIrrigationAreaBroadacre": null,
        "estimatedIrrigationAreaHorticulture": null,
        "milkType": null,
        "numberOfLivestockCattle": null,
        "numberOfLivestockDairy": null,
        "pigCommodities": null,
        "sourceOfIncomeBroadacre": null,
        "sourceOfIncomeCattle": null,
        "sourceOfIncomeDairy": null,
        "sourceOfIncomeHorticulture": null,
        "sourceOfIncomeOrchards": null,
        "sourceOfIncomeOtherLivestock": null,
        "sourceOfIncomePigs": null,
        "sourceOfIncomePoultry": null,
        "sourceOfIncomeSeafood": null,
        "sourceOfIncomeSheep": null,
        "sourceOfIncomeSugar": null,
        "sourceOfIncomeTimber": null,
        "sourceOfIncomeWine": null,
        "supplierContractHeld": null,
        "supplyCompanyDairy": null,
        "supplyCompanyPoultry": null,
        "taxYearCovered": null,
        "totalAreaBroadacre": null,
        "totalAreaCattle": null,
        "totalAreaDairy": null,
        "totalAreaHorticulture": null,
        "totalAreaPigs": null,
        "totalGrazingArea": null,
        "tradingDurationOtherCompany": null
      },
      "ruralServiceabilityQuestions": {
        "farmAdverseConditionDetails": null,
        "farmConsultantVisitDetails": null,
        "farmEntitlementsDetails": null,
        "isFarmAdverseCondition": null,
        "isFarmConsultantVisited": null,
        "isFarmEntitlements": null,
        "isShareFarm": null,
        "shareFarmDetails": null,
        "totalAreaOfFarm": null,
        "yearsExpExistingFarmProperty": null
      },
      "ruralSop": null,
      "vendorFinancial": null
    },
    "sidebar": {
      "amtRequested": 1000000.90,
      "ccr": null,
      "cisId": null,
      "cisTbl": {
        "adjustedTbl": 0,
        "currentAssetFinanceTbl": 0.00,
        "currentCapTbl": 0.00,
        "currentConsolidatedTbl": 0,
        "linkedAppsAdjustedTbl": 0.00,
        "manuallyAddedInflightGaf": 0,
        "manuallyAddedInflightGafAndSb": 0,
        "proposedAssetFinanceTbl": 0.00,
        "proposedCapTbl": 0.00,
        "proposedConsolidatedTbl": 0.00,
        "proposedConsolidatedTblForSi": 0.00,
        "systemCalcTbl": 0.00
      },
      "bankerDeterminedTbl": 0,
      "clgId": null,
      "clgTbl": null,
      "extendedValue": null,
      "mediumFormLimit": null,
      "pi": null,
      "securityExtensions": null,
      "securityFmv": null,
      "securityIndicator": null,
      "shortFormLimit": null,
      "vcadLimit": {
        "customerLimits": [],
        "mediumFormLimitSecured": null,
        "mediumFormLimitUnSecured": null,
        "shortFormLimitSecured": null,
        "shortFormLimitUnSecured": null,
        "siMediumFormLimit": 0,
        "siShortFormLimit": 0
      },
      "vcadLimitNotModified": null
    },
    "submit": {
      "agreeToTermsAndConditions": false,
      "agreementStatement": null,
      "declarationItems": [
        {
          "id": 18,
          "text": "Property"
        }
      ],
      "securityValuationWithinPolicy": null
    },
    "tempOD": null,
    "tpmi": null,
    "uiErrorModel": {},
    "variationSummary": null,
    "wasCTSCalculated": false,
    "wasFormTypeCalculated": false,
    "withdrawReason": null
  },
  "applicationV2": null,
  "changes": {
    "entities": null,
    "facilities": null,
    "formType": null,
    "isDataChanged": false,
    "securities": null
  }
}