{
  "address-get": [
    {
      "applicableTo": "address-get",
      "delay": "0",
      "defaultResponse": false,
      "statusCode": "200",
      "responseFile": "address-moniker-800-Collins-Street-DOCKLANDS-VIC.json",
      "requestMatcher": [
        {
          "type": "jexl",
          "value": "moniker == '0bOAUSHAXkBwAAAAAIAgEAAAABGMq3kAAgAAAAAAAAAAD..2QAAAAA.....wAAAAAAAAAAAAAAAAA4MDAgQ29sbGlucyBTdHJlZXQA'"
        }
      ]
    },
    {
      "applicableTo": "address-get",
      "delay": "0",
      "defaultResponse": false,
      "statusCode": "200",
      "responseFile": "address-moniker-Shop-2-800-Collins-Street-DOCKLANDS-VIC.json",
      "requestMatcher": [
        {
          "type": "jexl",
          "value": "moniker == '0dOAUSHAXkBwAAAAAIAgEAAAABGMrFEBAhAIIAAAAAAAAAMgAA..9kAAAAAP....8AAAAAAAAAAAAAAAAAODAwIENvbGxpbnMgU3RyZWV0AA--'"
        }
      ]
    },
    {
      "applicableTo": "address-get",
      "delay": "0",
      "defaultResponse": false,
      "statusCode": "200",
      "responseFile": "address-moniker-Shop-1-800-Collins-Street-DOCKLANDS-VIC.json",
      "requestMatcher": [
        {
          "type": "jexl",
          "value": "moniker == '0dOAUSHAXkBwAAAAAIAgEAAAABGMrFEBAhAIIAAAAAAAAAMQAA..9kAAAAAP....8AAAAAAAAAAAAAAAAAODAwIENvbGxpbnMgU3RyZWV0AA--'"
        }
      ]
    },
    {
      "applicableTo": "address-get",
      "delay": "0",
      "defaultResponse": false,
      "statusCode": "200",
      "responseFile": "address-moniker-Shop-3-800-Collins-Street-DOCKLANDS-VIC.json",
      "requestMatcher": [
        {
          "type": "jexl",
          "value": "moniker == '0aOAUSHAXkBwAAAAAIAgEAAAABGMrFEBAhAIIAAAAAAAAAMwAA..9kAAAAAP....8AAAAAAAAAAAAAAAAAODAwIENvbGxpbnMgU3RyZWV0AA--'"
        }
      ]
    },
    {
      "applicableTo": "address-get",
      "delay": "0",
      "defaultResponse": false,
      "statusCode": "200",
      "responseFile": "address-moniker-Shop-4-800-Collins-Street-DOCKLANDS-VIC.json",
      "requestMatcher": [
        {
          "type": "jexl",
          "value": "moniker == '0kOAUSHAXkBwAAAAAIAgEAAAABGMrFEBAhAIIAAAAAAAAANAAA..9kAAAAAP....8AAAAAAAAAAAAAAAAAODAwIENvbGxpbnMgU3RyZWV0AA--'"
        }
      ]
    },
    {
      "applicableTo": "address-get",
      "delay": "0",
      "defaultResponse": false,
      "statusCode": "200",
      "responseFile": "address-moniker-State-Theatre-Building-Ground-Floor-49-Market-Street-SYDNEY-NSW.json",
      "requestMatcher": [
        {
          "type": "jexl",
          "value": "moniker == '0sOAUSHAXkBwAAAAAIAgEAAAAAaye5UBAhAIIAAAAAAAAAAAD..2QAAAAA.....wAAAAAAAAAAAAAAAABTdGF0ZSBUaGVhdHJlIEJ1aWxkaW5nAA--'"
        }
      ]
    },
    {
      "applicableTo": "address-get",
      "delay": "0",
      "defaultResponse": false,
      "statusCode": "200",
      "responseFile": "address-moniker-State-Theatre-Building-Level-2-49-Market-Street-SYDNEY-NSW.json",
      "requestMatcher": [
        {
          "type": "jexl",
          "value": "moniker == '0tOAUSHAXkBwAAAAAIAgEAAAAAayfIUBAhAIIAAAAAAAAAAAD..2QAAAAA.....wAAAAAAAAAAAAAAAABTdGF0ZSBUaGVhdHJlIEJ1aWxkaW5nAA--'"
        }
      ]
    },
    {
      "applicableTo": "address-get",
      "delay": "0",
      "defaultResponse": false,
      "statusCode": "200",
      "responseFile": "address-moniker-State-Theatre-Building-Level-1-49-Market-Street-SYDNEY-NSW.json",
      "requestMatcher": [
        {
          "type": "jexl",
          "value": "moniker == '0hOAUSHAXkBwAAAAAIAgEAAAAAaye8UBAhAIIAAAAAAAAAAAD..2QAAAAA.....wAAAAAAAAAAAAAAAABTdGF0ZSBUaGVhdHJlIEJ1aWxkaW5nAA--'"
        }
      ]
    },
    {
      "applicableTo": "address-get",
      "delay": "0",
      "defaultResponse": false,
      "statusCode": "200",
      "responseFile": "address-moniker-State-Theatre-Building-Level-3-49-Market-Street-SYDNEY-NSW.json",
      "requestMatcher": [
        {
          "type": "jexl",
          "value": "moniker == '0pOAUSHAXkBwAAAAAIAgEAAAAAayfMkBAhAIIAAAAAAAAAAAD..2QAAAAA.....wAAAAAAAAAAAAAAAABTdGF0ZSBUaGVhdHJlIEJ1aWxkaW5nAA--'"
        }
      ]
    },
    {
      "applicableTo": "address-get",
      "delay": "0",
      "defaultResponse": false,
      "statusCode": "200",
      "responseFile": "address-moniker-State-Theatre-Building-Level-4-49-Market-Street-SYDNEY-NSW.json",
      "requestMatcher": [
        {
          "type": "jexl",
          "value": "moniker == '00OAUSHAXkBwAAAAAIAgEAAAAAayfPkBAhAIIAAAAAAAAAAAD..2QAAAAA.....wAAAAAAAAAAAAAAAABTdGF0ZSBUaGVhdHJlIEJ1aWxkaW5nAA--'"
        }
      ]
    },
    {
      "applicableTo": "address-get",
      "delay": "0",
      "defaultResponse": false,
      "statusCode": "200",
      "responseFile": "address-moniker-PO-Box-10-ABERDEEN-NSW.json",
      "requestMatcher": [
        {
          "type": "jexl",
          "value": "moniker == '0NOAUSHAXkBwAAAAAIAgEAAAAABjqSwAAAAAAAADEwAAD..2QAAAAA.....wAAAAAAAAAAAAAAAABQTyBCb3ggMTAA'"
        }
      ]
    },
    {
      "applicableTo": "address-get",
      "delay": "0",
      "defaultResponse": false,
      "statusCode": "200",
      "responseFile": "address-moniker-PO-Box-10-ABERMAIN-NSW.json",
      "requestMatcher": [
        {
          "type": "jexl",
          "value": "moniker == '0EOAUSHAXkBwAAAAAIAgEAAAAABlNxQAAAAAAAADEwAAD..2QAAAAA.....wAAAAAAAAAAAAAAAABQTyBCb3ggMTAA'"
        }
      ]
    },
    {
      "applicableTo": "address-get",
      "delay": "0",
      "defaultResponse": false,
      "statusCode": "200",
      "responseFile": "address-moniker-PO-Box-10-ADAMINABY-NSW.json",
      "requestMatcher": [
        {
          "type": "jexl",
          "value": "moniker == '0COAUSHAXkBwAAAAAIAgEAAAAABmAJgAAAAAAAADEwAAD..2QAAAAA.....wAAAAAAAAAAAAAAAABQTyBCb3ggMTAA'"
        }
      ]
    },
    {
      "applicableTo": "address-get",
      "delay": "0",
      "defaultResponse": false,
      "statusCode": "200",
      "responseFile": "address-moniker-PO-Box-10-ADELONG-NSW.json",
      "requestMatcher": [
        {
          "type": "jexl",
          "value": "moniker == '0AOAUSHAXkBwAAAAAIAgEAAAAABo8RQAAAAAAAADEwAAD..2QAAAAA.....wAAAAAAAAAAAAAAAABQTyBCb3ggMTAA'"
        }
      ]
    },
    {
      "applicableTo": "address-get",
      "delay": "0",
      "defaultResponse": false,
      "statusCode": "200",
      "responseFile": "address-moniker-PO-Box-10-ADAMSTOWN-NSW.json",
      "requestMatcher": [
        {
          "type": "jexl",
          "value": "moniker == '0BOAUSHAXkBwAAAAAIAgEAAAAABmC1AAAAAAAAADEwAAD..2QAAAAA.....wAAAAAAAAAAAAAAAABQTyBCb3ggMTAA'"
        }
      ]
    },
    {
      "applicableTo": "address-get",
      "delay": "0",
      "defaultResponse": false,
      "statusCode": "200",
      "responseFile": "address-moniker-GPO-Box-19-ADELAIDE-SA.json",
      "requestMatcher": [
        {
          "type": "jexl",
          "value": "moniker == '0lOAUSHAXkBwAAAAAIAgEAAAAA1ZqywAAAAAAAADE5AAD..2QAAAAA.....wAAAAAAAAAAAAAAAABHUE8gQm94IDEA'"
        }
      ]
    },
    {
      "applicableTo": "address-get",
      "delay": "0",
      "defaultResponse": false,
      "statusCode": "200",
      "responseFile": "address-moniker-GPO-Box-15-ADELAIDE-SA.json",
      "requestMatcher": [
        {
          "type": "jexl",
          "value": "moniker == '0jOAUSHAXkBwAAAAAIAgEAAAAA1ZqmwAAAAAAAADE1AAD..2QAAAAA.....wAAAAAAAAAAAAAAAABHUE8gQm94IDEA'"
        }
      ]
    },
    {
      "applicableTo": "address-get",
      "delay": "0",
      "defaultResponse": false,
      "statusCode": "200",
      "responseFile": "address-moniker-GPO-Box-1-ADELAIDE-SA.json",
      "requestMatcher": [
        {
          "type": "jexl",
          "value": "moniker == '01OAUSHAXkBwAAAAAIAgEAAAAA1ZqbQAAAAAAAADEAAP..ZAAAAAD.....AAAAAAAAAAAAAAAAAEdQTyBCb3ggMQA-'"
        }
      ]
    },
    {
      "applicableTo": "address-get",
      "delay": "0",
      "defaultResponse": false,
      "statusCode": "200",
      "responseFile": "address-moniker-GPO-Box-108-ADELAIDE-SA.json",
      "requestMatcher": [
        {
          "type": "jexl",
          "value": "moniker == '0UOAUSHAXkBwAAAAAIAgEAAAAA1ZsMgAAAAAAAADEwOAAA..9kAAAAAP....8AAAAAAAAAAAAAAAAAR1BPIEJveCAxAA--'"
        }
      ]
    },
    {
      "applicableTo": "address-get",
      "delay": "0",
      "defaultResponse": false,
      "statusCode": "200",
      "responseFile": "address-moniker-GPO-Box-19-DARWIN-NT.json",
      "requestMatcher": [
        {
          "type": "jexl",
          "value": "moniker == '0xOAUSHAXkBwAAAAAIAgEAAAAAgM_7wAAAAAAAADE5AAD..2QAAAAA.....wAAAAAAAAAAAAAAAABHUE8gQm94IDEA'"
        }
      ]
    },
    {
      "applicableTo": "address-get",
      "delay": "0",
      "defaultResponse": false,
      "statusCode": "200",
      "responseFile": "address-moniker-Unit-1-1-King-Road-EAST-BUNBURY-WA.json",
      "requestMatcher": [
        {
          "type": "jexl",
          "value": "moniker == '0rOAUSHAXkBwAAAAAIAgEAAAABbWcY0BAhAIIQACAAAAAAAAAxAAD..2QAAAAA.....wAAAAAAAAAAAAAAAABVbml0IDEgMSBLaW5nAA--'"
        }
      ]
    },
    {
      "applicableTo": "address-get",
      "delay": "0",
      "defaultResponse": false,
      "statusCode": "200",
      "responseFile": "address-moniker-Unit-1-1-King-Avenue-BALGOWLAH-NSW.json",
      "requestMatcher": [
        {
          "type": "jexl",
          "value": "moniker == '0fOAUSHAXkBwAAAAAIAgEAAAAACon90BAhAIIQACAAAAAAAAAxAAD..2QAAAAA.....wAAAAAAAAAAAAAAAABVbml0IDEgMSBLaW5nAA--'"
        }
      ]
    },
    {
      "applicableTo": "address-get",
      "delay": "0",
      "defaultResponse": false,
      "statusCode": "200",
      "responseFile": "address-moniker-Unit-1-1-King-William-Road-UNLEY-SA.json",
      "requestMatcher": [
        {
          "type": "jexl",
          "value": "moniker == '0dOAUSHAXkBwAAAAAIAgEAAAAA7mH9EBghAQIQCCEAAgAAAAAAAAAAAP..ZAAAAAD.....AAAAAAAAAAAAAAAAAFVuaXQgMSAxIEtpbmcA'"
        }
      ]
    },
    {
      "applicableTo": "address-get",
      "delay": "0",
      "defaultResponse": false,
      "statusCode": "200",
      "responseFile": "address-moniker-Unit-1-Level-11-1-King-William-Street-ADELAIDE-SA.json",
      "requestMatcher": [
        {
          "type": "jexl",
          "value": "moniker == '00OAUSHAXkBwAAAAAIAgEAAAAA1f_LUBghAQIQCCEAAgAAAAAAAAAAAP..ZAAAAAD.....AAAAAAAAAAAAAAAAAFVuaXQgMSAxIEtpbmcA'"
        }
      ]
    },
    {
      "applicableTo": "address-get",
      "delay": "0",
      "defaultResponse": false,
      "statusCode": "200",
      "responseFile": "address-moniker-Unit-1-1-King-Road-HORNSBY-NSW.json",
      "requestMatcher": [
        {
          "type": "jexl",
          "value": "moniker == '0fOAUSHAXkBwAAAAAIAgEAAAAAOGwKEBghAQIQCCEAAgAAAAAAAAAAAP..ZAAAAAD.....AAAAAAAAAAAAAAAAAFVuaXQgMSAxIEtpbmcA'"
        }
      ]
    },
    {
      "applicableTo": "address-get",
      "delay": "0",
      "defaultResponse": false,
      "statusCode": "200",
      "responseFile": "address-moniker-Unit-2-1-Queen-Street-COOKS-HILL-NSW.json",
      "requestMatcher": [
        {
          "type": "jexl",
          "value": "moniker == '0XOAUSHAXkBwAAAAAIAgEAAAAAIOLiUBAhAIIQACAAAAAAAAAyAAD..2QAAAAA.....wAAAAAAAAAAAAAAAABVbml0IDIgMSBRdWVlbgA-'"
        }
      ]
    },
    {
      "applicableTo": "address-get",
      "delay": "0",
      "defaultResponse": false,
      "statusCode": "200",
      "responseFile": "address-moniker-Unit-2-1-Queen-Street-BLACKBURN-VIC.json",
      "requestMatcher": [
        {
          "type": "jexl",
          "value": "moniker == '0dOAUSHAXkBwAAAAAIAgEAAAABBoG0EBAhAIIQACAAAAAAAAAyAAD..2QAAAAA.....wAAAAAAAAAAAAAAAABVbml0IDIgMSBRdWVlbgA-'"
        }
      ]
    },
    {
      "applicableTo": "address-get",
      "delay": "0",
      "defaultResponse": false,
      "statusCode": "200",
      "responseFile": "address-moniker-Unit-2-1-Queen-Street-FOOTSCRAY-VIC.json",
      "requestMatcher": [
        {
          "type": "jexl",
          "value": "moniker == '0nOAUSHAXkBwAAAAAIAgEAAAABIDTYkBghAQIQCCEAAgAAAAAAAAAAAP..ZAAAAAD.....AAAAAAAAAAAAAAAAAFVuaXQgMiAxIFF1ZWVuAA--'"
        }
      ]
    },
    {
      "applicableTo": "address-get",
      "delay": "0",
      "defaultResponse": false,
      "statusCode": "200",
      "responseFile": "address-moniker-Unit-2-1-Queen-Street-HASTINGS-VIC.json",
      "requestMatcher": [
        {
          "type": "jexl",
          "value": "moniker == '0BOAUSHAXkBwAAAAAIAgEAAAABJmrzEBAhAIIQACAAAAAAAAAyAAD..2QAAAAA.....wAAAAAAAAAAAAAAAABVbml0IDIgMSBRdWVlbgA-'"
        }
      ]
    },
    {
      "applicableTo": "address-get",
      "delay": "0",
      "defaultResponse": false,
      "statusCode": "200",
      "responseFile": "address-moniker-Unit-2-1-Queen-Street-FINGAL-HEAD-NSW.json",
      "requestMatcher": [
        {
          "type": "jexl",
          "value": "moniker == '0iOAUSHAXkBwAAAAAIAgEAAAAALYw9UBghAQIQCCEAAgAAAAAAAAAAAP..ZAAAAAD.....AAAAAAAAAAAAAAAAAFVuaXQgMiAxIFF1ZWVuAA--'"
        }
      ]
    },
    {
      "applicableTo": "address-get",
      "delay": "0",
      "defaultResponse": false,
      "statusCode": "200",
      "responseFile": "address-moniker-Kiosk-1-5-Main-Street-POINT-COOK-VIC.json",
      "requestMatcher": [
        {
          "type": "jexl",
          "value": "moniker == '05OAUSHAXkBwAAAAAIAgEAAAABRHM4kBghAQIQCCEAAgAAAAAAAAAAAP..XQAAAAD.....AAAAAAAAAAAAAAAAAFN1aXRlIDEgNSBNYWluAA--'"
        }
      ]
    },
    {
      "applicableTo": "address-get",
      "delay": "0",
      "defaultResponse": false,
      "statusCode": "200",
      "responseFile": "address-moniker-Unit-1-5-Main-Road-CLAYTON-SOUTH-VIC.json",
      "requestMatcher": [
        {
          "type": "jexl",
          "value": "moniker == '0rOAUSHAXkBwAAAAAIAgEAAAABETtu0BghAQIQCCEAAgAAAAAAAAAAAP..XQAAAAD.....AAAAAAAAAAAAAAAAAFN1aXRlIDEgNSBNYWluAA--'"
        }
      ]
    },
    {
      "applicableTo": "address-get",
      "delay": "0",
      "defaultResponse": false,
      "statusCode": "200",
      "responseFile": "address-moniker-Shop-1-5-Main-Street-CRAFERS-SA.json",
      "requestMatcher": [
        {
          "type": "jexl",
          "value": "moniker == '0dOAUSHAXkBwAAAAAIAgEAAAAA2iWzEBAhAIIQACAAAAAAAAAxAAD..10AAAAA.....wAAAAAAAAAAAAAAAABTdWl0ZSAxIDUgTWFpbgA-'"
        }
      ]
    },
    {
      "applicableTo": "address-get",
      "delay": "0",
      "defaultResponse": false,
      "statusCode": "200",
      "responseFile": "address-moniker-Willaston-LPO-Unit-1-5-Main-North-Road-WILLASTON-SA.json",
      "requestMatcher": [
        {
          "type": "jexl",
          "value": "moniker == '0cOAUSHAXkBwAAAAAIAgEAAAAA8BxfkBghAQIQCCEAAhAAYAAAAAAAAAAA..9dAAAAAP....8AAAAAAAAAAAAAAAAAU3VpdGUgMSA1IE1haW4A'"
        }
      ]
    },
    {
      "applicableTo": "address-get",
      "delay": "0",
      "defaultResponse": false,
      "statusCode": "200",
      "responseFile": "address-moniker-Shop-1-5-Main-Street-MORNINGTON-VIC.json",
      "requestMatcher": [
        {
          "type": "jexl",
          "value": "moniker == '0LOAUSHAXkBwAAAAAIAgEAAAABOm4fUBghAQIQCCEAAgAAAAAAAAAAAP..XQAAAAD.....AAAAAAAAAAAAAAAAAFN1aXRlIDEgNSBNYWluAA--'"
        }
      ]
    },
    {
      "applicableTo": "address-get",
      "delay": "0",
      "defaultResponse": false,
      "statusCode": "200",
      "responseFile": "address-moniker-Willaston-LPO-Unit-1-5-Main-North-Road-WILLASTON-SA.json",
      "requestMatcher": [
        {
          "type": "jexl",
          "value": "moniker == '0jOAUSHAXkBwAAAAAIAgEAAAAA8BxfkBghAQIQCCEAAhAAYAAAAAAAAAAA..9dAAAAAP....8AAAAAAAAAAAAAAAAAU2hvcCAxIDUgTWFpbgA-'"
        }
      ]
    },
    {
      "applicableTo": "address-get",
      "delay": "0",
      "defaultResponse": false,
      "statusCode": "200",
      "responseFile": "address-moniker-Shop-1-5-Main-Street-CRAFERS-SA.json",
      "requestMatcher": [
        {
          "type": "jexl",
          "value": "moniker == '0YOAUSHAXkBwAAAAAIAgEAAAAA2iWzEBAhAIIQACAAAAAAAAAxAAD..2QAAAAA.....wAAAAAAAAAAAAAAAABTaG9wIDEgNSBNYWluAA--'"
        }
      ]
    },
    {
      "applicableTo": "address-get",
      "delay": "0",
      "defaultResponse": false,
      "statusCode": "200",
      "responseFile": "address-moniker-Unit-1-5-Main-Road-CLAYTON-SOUTH-VIC.json",
      "requestMatcher": [
        {
          "type": "jexl",
          "value": "moniker == '0UOAUSHAXkBwAAAAAIAgEAAAABETtu0BghAQIQCCEAAgAAAAAAAAAAAP..XQAAAAD.....AAAAAAAAAAAAAAAAAFNob3AgMSA1IE1haW4A'"
        }
      ]
    },
    {
      "applicableTo": "address-get",
      "delay": "0",
      "defaultResponse": false,
      "statusCode": "200",
      "responseFile": "address-moniker-Shop-1-2-6-Main-Street-BUNYIP-VIC.json",
      "requestMatcher": [
        {
          "type": "jexl",
          "value": "moniker == '0pOAUSHAXkBwAAAAAIAgEAAAABC346EBAhAIIQACAAAAAAAAAxAAD..10AAAAA.....wAAAAAAAAAAAAAAAABTaG9wIDEgNSBNYWluAA--'"
        }
      ]
    },
    {
      "applicableTo": "address-get",
      "delay": "0",
      "defaultResponse": false,
      "statusCode": "200",
      "responseFile": "address-moniker-Unit-1-5-Main-Street-HENLEY-BEACH-SA.json",
      "requestMatcher": [
        {
          "type": "jexl",
          "value": "moniker == '0hOAUSHAXkBwAAAAAIAgEAAAAA3w7wUBAhAIIQACAAAAAAAAAxAAD..10AAAAA.....wAAAAAAAAAAAAAAAABTaG9wIDEgNSBNYWluAA--'"
        }
      ]
    },
    {
      "applicableTo": "address-get",
      "delay": "0",
      "defaultResponse": false,
      "statusCode": "200",
      "responseFile": "address-moniker-Suite-2-Ground-Floor-20-Collins-Street-MELBOURNE-VIC.json",
      "requestMatcher": [
        {
          "type": "jexl",
          "value": "moniker == '0FOAUSHAXkBwAAAAAIAgEAAAABM_tH0BAhAIIQACAAAAAAAAAyAAD..10AAAAA.....wAAAAAAAAAAAAAAAABTdWl0ZSAyIDE4LTIwIENvbGxpbnMgU3RyZWV0AA--'"
        }
      ]
    },
    {
      "applicableTo": "address-get",
      "delay": "0",
      "defaultResponse": false,
      "statusCode": "200",
      "responseFile": "address-moniker-Suite-2-Level-1-20-Collins-Street-MELBOURNE-VIC.json",
      "requestMatcher": [
        {
          "type": "jexl",
          "value": "moniker == '0lOAUSHAXkBwAAAAAIAgEAAAABM_tREBAhAIIQACAAAAAAAAAyAAD..10AAAAA.....wAAAAAAAAAAAAAAAABTdWl0ZSAyIDE4LTIwIENvbGxpbnMgU3RyZWV0AA--'"
        }
      ]
    },
    {
      "applicableTo": "address-get",
      "delay": "0",
      "defaultResponse": false,
      "statusCode": "200",
      "responseFile": "address-moniker-Suite-2-Level-3-20-Collins-Street-MELBOURNE-VIC.json",
      "requestMatcher": [
        {
          "type": "jexl",
          "value": "moniker == '0nOAUSHAXkBwAAAAAIAgEAAAABM_trUBAhAIIQACAAAAAAAAAyAAD..10AAAAA.....wAAAAAAAAAAAAAAAABTdWl0ZSAyIDE4LTIwIENvbGxpbnMgU3RyZWV0AA--'"
        }
      ]
    },
    {
      "applicableTo": "address-get",
      "delay": "0",
      "defaultResponse": false,
      "statusCode": "200",
      "responseFile": "address-moniker-Suite-2-Level-2-20-Collins-Street-MELBOURNE-VIC.json",
      "requestMatcher": [
        {
          "type": "jexl",
          "value": "moniker == '0vOAUSHAXkBwAAAAAIAgEAAAABM_teEBAhAIIQACAAAAAAAAAyAAD..10AAAAA.....wAAAAAAAAAAAAAAAABTdWl0ZSAyIDE4LTIwIENvbGxpbnMgU3RyZWV0AA--'"
        }
      ]
    },
    {
      "applicableTo": "address-get",
      "delay": "0",
      "defaultResponse": false,
      "statusCode": "200",
      "responseFile": "address-moniker-Suite-2-Level-4-20-Collins-Street-MELBOURNE-VIC.json",
      "requestMatcher": [
        {
          "type": "jexl",
          "value": "moniker == '01OAUSHAXkBwAAAAAIAgEAAAABM_t4kBAhAIIQACAAAAAAAAAyAAD..10AAAAA.....wAAAAAAAAAAAAAAAABTdWl0ZSAyIDE4LTIwIENvbGxpbnMgU3RyZWV0AA--'"
        }
      ]
    },
    {
      "applicableTo": "address-get",
      "delay": "0",
      "defaultResponse": false,
      "statusCode": "503",
      "responseFile": "error503.json",
      "requestMatcher": [
        {
          "type": "jexl",
          "value": "moniker == 'jSAUSHALkBwAAAAAIADgzMyBDb2xsAIADAAA-'"
        }
      ]
    },
    {
      "applicableTo": "address-get",
      "delay": "0",
      "defaultResponse": false,
      "statusCode": "200",
      "responseFile": "address-moniker-CMA-BUXTON-NSW.json",
      "requestMatcher": [
        {
          "type": "jexl",
          "value": "moniker == '0GOAUSHAXkBwAAAAAIAgEAAAAAF4ilgAAAAAAAAAAA..8oAAAAAP....8AAAAAAAAAAAAAAAAAQ1BBIDEA'"
        }
      ]
    },
    {
      "applicableTo": "address-get",
      "delay": "0",
      "defaultResponse": false,
      "statusCode": "200",
      "responseFile": "address-moniker-RMB-1-BODALLIN-WA.json",
      "requestMatcher": [
        {
          "type": "jexl",
          "value": "moniker == '0VOAUSHAXkBwAAAAAIAgEAAAABZkPEQAAAAAAAAAAA..9kAAAAAP....8AAAAAAAAAAAAAAAAAUk1CIDEA'"
        }
      ]
    },
    {
      "applicableTo": "address-get",
      "delay": "0",
      "defaultResponse": false,
      "statusCode": "200",
      "responseFile": "address-moniker-RMB-1-CUE-WA.json",
      "requestMatcher": [
        {
          "type": "jexl",
          "value": "moniker == '04OAUSHAXkBwAAAAAIAgEAAAABa075QAAAAAAAADEAAP..ZAAAAAD.....AAAAAAAAAAAAAAAAAFJNQiAxAA--'"
        }
      ]
    },
    {
      "applicableTo": "address-get",
      "delay": "0",
      "defaultResponse": false,
      "statusCode": "200",
      "responseFile": "address-moniker-RMB-11-BOX-HILL-NSW.json",
      "requestMatcher": [
        {
          "type": "jexl",
          "value": "moniker == '0AOAUSHAXkBwAAAAAIAgEAAAAAFNmDwAAAAAAAAAAA..9kAAAAAP....8AAAAAAAAAAAAAAAAAUk1CIDEA'"
        }
      ]
    },
    {
      "applicableTo": "address-get",
      "delay": "0",
      "defaultResponse": false,
      "statusCode": "200",
      "responseFile": "address-moniker-RMB-11-BODALLIN-WA.json",
      "requestMatcher": [
        {
          "type": "jexl",
          "value": "moniker == '0WOAUSHAXkBwAAAAAIAgEAAAABZkPOAAAAAAAAADExAAD..2QAAAAA.....wAAAAAAAAAAAAAAAABSTUIgMQA-'"
        }
      ]
    },
    {
      "applicableTo": "address-get",
      "delay": "0",
      "defaultResponse": false,
      "statusCode": "200",
      "responseFile": "address-moniker-RMB-19-BODALLIN-WA.json",
      "requestMatcher": [
        {
          "type": "jexl",
          "value": "moniker == '0UOAUSHAXkBwAAAAAIAgEAAAABZkPcgAAAAAAAADE5AAD..2QAAAAA.....wAAAAAAAAAAAAAAAABSTUIgMQA-'"
        }
      ]
    },
    {
      "applicableTo": "address-get",
      "delay": "0",
      "defaultResponse": false,
      "statusCode": "200",
      "responseFile": "address-moniker-Locked-Bag-11E-KINGSTON-ACT.json",
      "requestMatcher": [
        {
          "type": "jexl",
          "value": "moniker == '0HOAUSHAXkBwAAAAAIAgEAAAAABYJqAAAAAAAAAAAA..9kAAAAAP....8AAAAAAAAAAAAAAAAATG9ja2VkIEJhZyAxAA--'"
        }
      ]
    },
    {
      "applicableTo": "address-get",
      "delay": "0",
      "defaultResponse": false,
      "statusCode": "200",
      "responseFile": "address-moniker-Locked-Bag-115E-KINGSTON-ACT.json",
      "requestMatcher": [
        {
          "type": "jexl",
          "value": "moniker == '0fOAUSHAXkBwAAAAAIAgEAAAAABYKQQAAAAAAAAAAA..9kAAAAAP....8AAAAAAAAAAAAAAAAATG9ja2VkIEJhZyAxAA--'"
        }
      ]
    },
    {
      "applicableTo": "address-get",
      "delay": "0",
      "defaultResponse": false,
      "statusCode": "200",
      "responseFile": "address-moniker-Locked-Bag-14E-KINGSTON-ACT.json",
      "requestMatcher": [
        {
          "type": "jexl",
          "value": "moniker == '0gOAUSHAXkBwAAAAAIAgEAAAAABYJtwAAAAAAAAAAA..9kAAAAAP....8AAAAAAAAAAAAAAAAATG9ja2VkIEJhZyAxAA--'"
        }
      ]
    },
    {
      "applicableTo": "address-get",
      "delay": "0",
      "defaultResponse": false,
      "statusCode": "200",
      "responseFile": "address-moniker-Locked-Bag-124-BONDI-JUNCTION-NSW.json",
      "requestMatcher": [
        {
          "type": "jexl",
          "value": "moniker == '0aOAUSHAXkBwAAAAAIAgEAAAAAE4SegAAAAAAAAAAA..9kAAAAAP....8AAAAAAAAAAAAAAAAATG9ja2VkIEJhZyAxAA--'"
        }
      ]
    },
    {
      "applicableTo": "address-get",
      "delay": "0",
      "defaultResponse": false,
      "statusCode": "200",
      "responseFile": "address-moniker-Locked-Bag-119-KINGSTON-ACT.json",
      "requestMatcher": [
        {
          "type": "jexl",
          "value": "moniker == '0ZOAUSHAXkBwAAAAAIAgEAAAAABYKUAAAAAAAAAAAA..9kAAAAAP....8AAAAAAAAAAAAAAAAATG9ja2VkIEJhZyAxAA--'"
        }
      ]
    },
    {
      "applicableTo": "address-get",
      "delay": "0",
      "defaultResponse": false,
      "statusCode": "200",
      "responseFile": "address-moniker-RSD-1-BERRI-SA.json",
      "requestMatcher": [
        {
          "type": "jexl",
          "value": "moniker == '0OOAUSHAXkBwAAAAAIAgEAAAAA8ue3QAAAAAAAAAAA..9kAAAAAP....8AAAAAAAAAAAAAAAAAUlNEIDEA'"
        }
      ]
    },
    {
      "applicableTo": "address-get",
      "delay": "0",
      "defaultResponse": false,
      "statusCode": "200",
      "responseFile": "address-moniker-RSD-1-BOLINDA-VIC.json",
      "requestMatcher": [
        {
          "type": "jexl",
          "value": "moniker == '0GOAUSHAXkBwAAAAAIAgEAAAABBvK2gAAAAAAAAAAA..9kAAAAAP....8AAAAAAAAAAAAAAAAAUlNEIDEA'"
        }
      ]
    },
    {
      "applicableTo": "address-get",
      "delay": "0",
      "defaultResponse": false,
      "statusCode": "200",
      "responseFile": "address-moniker-RSD-1-KIELPA-SA.json",
      "requestMatcher": [
        {
          "type": "jexl",
          "value": "moniker == '0DOAUSHAXkBwAAAAAIAgEAAAAA4I.6QAAAAAAAADEAAP..ZAAAAAD.....AAAAAAAAAAAAAAAAAFJTRCAxAA--'"
        }
      ]
    },
    {
      "applicableTo": "address-get",
      "delay": "0",
      "defaultResponse": false,
      "statusCode": "200",
      "responseFile": "address-moniker-RSD-1-BLANCHETOWN-SA.json",
      "requestMatcher": [
        {
          "type": "jexl",
          "value": "moniker == '0IOAUSHAXkBwAAAAAIAgEAAAAA2BZdAAAAAAAAADEAAP..ZAAAAAD.....AAAAAAAAAAAAAAAAAFJTRCAxAA--'"
        }
      ]
    },
    {
      "applicableTo": "address-get",
      "delay": "0",
      "defaultResponse": false,
      "statusCode": "200",
      "responseFile": "address-moniker-RSD-1-DARNUM-VIC.json",
      "requestMatcher": [
        {
          "type": "jexl",
          "value": "moniker == '0xOAUSHAXkBwAAAAAIAgEAAAABF5RKwAAAAAAAAAAA..9kAAAAAP....8AAAAAAAAAAAAAAAAAUlNEIDEA'"
        }
      ]
    }
  ]
}