[
    {
        "customerId": 5894,
        "docOwnerFirstName": "John",
        "docOwnerLastName": "Smith",
        "status": "Consent Request Failed"
    },
    {
        "customerId": 5895,
        "docOwnerFirstName": "Mike",
        "docOwnerLastName": "Taylor",
        "status": "Consent Request Failed"
    },
    {
        "customerId": 5896,
        "docOwnerFirstName": "Ryan",
        "docOwnerLastName": "Josh",
        "status": "Consent Request Failed"
    },
    {
        "customerId": 5897,
        "docOwnerFirstName": "James",
        "docOwnerLastName": "Dylan",
        "status": "Consent Request Failed"
    }
]