{
    "application": {
        "applicationId": 1000000101,
        "applicationVersion": 1,
        "additionalInfoRevision": null,
        "applicationStatus": "PENDING_CUSTOMER_LINK",
        "applicationStatusVersion": 1,
        "applicationType": "CF",
        "applicationCreatedDateTime": "2019-08-28T10:26:38.337Z",
        "applicationSubmittedDateTime": null,
        "isFormTypeCalculated": false,
        "wasFormTypeCalculated": false,
        "isQuoteGenerated": false,
        "opportunityId": null,
        "opportunityIdSourcedFromIknow": false,
        "applicationOwner": {
            "firstName": "Brodie",
            "lastName": "Grundy",
            "ownerLanId": "CSPUsr6"
        },
        "isOwner": true,
        "withdrawReason": null,
        "ineligibilityReason": [],
        "isAssigned": false,
        "isCTSCalculated": false,
        "wasCTSCalculated": false,
        "isCapacityUnlocked": false,
        "lastCalculatedCTSResult": null,
        "reassignToMe": false,
        "externalSystemApplicationId": "OLA0000001",
        "entities": {
            "associatedParties": [
                {
                    "title": "MR",
                    "firstName": "MIKE",
                    "middleName": "Some name from api",
                    "lastName": "NOLAN ABC",
                    "dateOfBirth": "1991-08-30",
                    "address": null,
                    "customerId": "223e4567-e89b-12d3-a456-426655440000",
                    "countryOfSecondaryCitizenship": "IN",
                    "countryOfCitizenship": "AU",
                    "addressVerified": null,
                    "registeredBusinessAddress": "833 Collins Street",
                    "registeredBusinessAddressVerified": true,
                    "registeredBusinessAddressPoBox": null,
                    "registeredBusinessAddressPostcode": "3000",
                    "registeredBusinessAddressSuburbTown": null,
                    "registeredBusinessAddressStreetName": null,
                    "registeredBusinessAddressStreetType": null,
                    "registeredBusinessAddressUnitNumber": null,
                    "registeredBusinessAddressPropertyName": null,
                    "registeredBusinessAddressStreetNumber": null,
                    "registeredBusinessAddressState": "VIC",
                    "registeredBusinessAddressCountry": "AU",
                    "mailingAddress": "844 Collins Street",
                    "mailingAddressPoBox": null,
                    "mailingAddressPostcode": "3000",
                    "mailingAddressSuburbTown": null,
                    "mailingAddressStreetName": null,
                    "mailingAddressStreetType": null,
                    "mailingAddressUnitNumber": null,
                    "mailingAddressPropertyName": null,
                    "mailingAddressStreetNumber": null,
                    "mailingAddressState": "VIC",
                    "mailingAddressVerified": null,
                    "mailingAddressCountry": "AU",
                    "relationshipToBorrowingEntity": "Director",
                    "contactNumber": "04030234234",
                    "homeNumber": "2453463456",
                    "workNumber": "345356",
                    "kycStatus": null,
                    "driversLicense": "MYLICENCE",
                    "driversLicenseState": "NSW",
                    "phoneType": null,
                    "phoneNumber": null,
                    "faxNumber": null,
                    "emailAddress": "a@a.com",
                    "marriedOrDeFacto": null,
                    "marriedTo": null,
                    "abn": null,
                    "acn": null,
                    "abnStatus": null,
                    "abnStatusDate": null,
                    "acnStatus": null,
                    "acnRegistrationDate": null,
                    "asicSearchDate": null,
                    "asicCfcDate": null,
                    "asicCfcUrl": null,
                    "businessName": null,
                    "useAsContactPerson": true,
                    "consentFlag": true,
                    "numberOfDependants": null,
                    "providingGuarantee": null,
                    "isLegalFinancialAdviceMandatory": null,
                    "primarySourceOfIncome": null,
                    "isPersonBeneficiary": null,
                    "businessEntityType": null,
                    "verifiedInCap": true,
                    "signatories": [],
                    "trustIds": [],
                    "beneficiaryTrustIds": [],
                    "cpId": null,
                    "kycBranchId": null,
                    "multipleClgAvailable": null,
                    "isBorrowingEntityTrustee": false,
                    "isAssociatedPartyBeneficiary": null,
                    "residentialStatus": null,
                    "letterOfOfferName": null,
                    "custStatusFlag": null,
                    "partyFromAsic": null,
                    "residentialAddressPopulated": true,
                    "entityName": "MIKE NOLAN ABC",
                    "__id": "8",
                    "crsDetails": [
                        {
                            "tin": "1234",
                            "taxResidentCountry": "US",
                            "tinunavailableExplanation": "N/A",
                            "tinunavailableReason": "N/A"
                        },
                        {
                            "tin": "2345",
                            "taxResidentCountry": "IN",
                            "tinunavailableExplanation": "N/A",
                            "tinunavailableReason": "N/A"
                        },
                        {
                            "tin": "45646",
                            "taxResidentCountry": "CN",
                            "tinunavailableExplanation": "N/A",
                            "tinunavailableReason": "N/A"
                        }
                    ],
                    "taxResidentOutsideOfAustralia": "F"
                }
            ],
            "borrowers": [
                {
                    "proposed": {
                        "borrowerRelationship": "Borrower",
                        "customerType": "BUSINESS",
                        "businessEntityType": "02",
                        "problemsWithOtherBanksIn12Months": "04",
                        "abn": "11005357525",
                        "acnStatus": "REGD",
                        "anzsic": "4865[LEGAL]",
                        "numberOfBorrowingLegalEntities": null,
                        "middleName": null,
                        "importExport": null,
                        "acnRegistrationDate": "2019-08-28",
                        "marriedOrDeFacto": null,
                        "numberOfKeyPersonnel": null,
                        "lengthOfRelationshipWithANZ": null,
                        "numberOfBeneficiariesShareholders": null,
                        "dateOfBirth": null,
                        "yearsSinceLastDiversified": null,
                        "trustType": "05",
                        "numberOfLegalEntitiesWithANZ": null,
                        "marriedTo": null,
                        "businessContact": "Jack Whitman",
                        "numberOfDirectorsPartnersProprietors": "Unspecified",
                        "title": "Some title from api",
                        "crsDetails": [
                            {
                                "tin": "1234",
                                "taxResidentCountry": "US",
                                "tinunavailableExplanation": "N/A",
                                "tinunavailableReason": "N/A"
                            },
                            {
                                "tin": "2345",
                                "taxResidentCountry": "IN",
                                "tinunavailableExplanation": "N/A",
                                "tinunavailableReason": "N/A"
                            },
                            {
                                "tin": "45646",
                                "taxResidentCountry": "CN",
                                "tinunavailableExplanation": "N/A",
                                "tinunavailableReason": "N/A"
                            }
                        ],
                        "moreThan25InOneCustomer": false,
                        "clgNumber": null,
                        "emailAddress": "ABC@ANZ.COM",
                        "investInProperty": false,
                        "yearsIndustryExperience": null,
                        "abnStatusDate": null,
                        "moreThan25InOneSupplier": false,
                        "numberOfLegalBorrowingEntitiesInBusinessGroup": null,
                        "trustName": "ANZ",
                        "taxResidentOutsideOfAustralia": "F",
                        "isDiversifiedCoreActivities": false,
                        "individualPhoneNumber": null,
                        "individualFaxNumber": null,
                        "businessName": "ANZ",
                        "yearsWithCurrentBanker": null,
                        "individualPhoneType": null,
                        "leasePlantMotorVehicle": null,
                        "lastName": null,
                        "clgName": null,
                        "abnStatus": "ACT",
                        "businessPhoneType": "W",
                        "isBorrowingEntityTrustee": false,
                        "tradingName": "AUSTRALIA AND NEW ZEALAND BANKING GROUP LIMITED",
                        "natureOfApplication": "ANZ Preferred Franchising Loan",
                        "individualCisId": null,
                        "ownOtherOperatingProperty": null,
                        "businessCisId": "123e4567-e89b-12d3-a456-426655440000",
                        "businessFaxNumber": "0432323232",
                        "firstName": null,
                        "bankPrimaryAccountHeld": "ANZ",
                        "acn": "005357522",
                        "kycStatus": "Complete",
                        "numberOfDependants": null,
                        "privacyConsent": true,
                        "purchaseStartupCost": null,
                        "numberOfEmployedPeople": null,
                        "isExistingBusiness": true,
                        "dateTradingCommenced": null,
                        "yearsManagementExperience": null,
                        "businessPhoneNumber": "0433333333",
                        "bsbForNewFacilities": null,
                        "individualEntityType": null,
                        "asicSearchDate": null,
                        "asicCfcDate": null,
                        "asicCfcUrl": null,
                        "letterOfOfferName": "ANZ Trading as AUSTRALIA AND NEW ZEALAND BANKING GROUP LIMITED",
                        "residentialAddress": "833 Collins Street",
                        "residentialAddressPoBox": "3008",
                        "residentialStatus": null,
                        "residentialAddressStreetNumber": "",
                        "residentialAddressPostcode": "3000",
                        "residentialAddressPropertyName": "833 COLLINS",
                        "residentialAddressSuburbTown": "MELBOURNE",
                        "residentialAddressStreetType": null,
                        "residentialAddressStreetName": "Collins",
                        "residentialAddressState": "VIC",
                        "residentialAddressUnitNumber": "833",
                        "residentialAddressVerified": true,
                        "residentialAddressCountry": "AU",
                        "mailingAddress": "844 Collins Street",
                        "mailingAddressPoBox": null,
                        "mailingAddressPostcode": "3000",
                        "mailingAddressSuburbTown": null,
                        "mailingAddressStreetName": null,
                        "mailingAddressStreetType": null,
                        "mailingAddressUnitNumber": null,
                        "mailingAddressPropertyName": null,
                        "mailingAddressStreetNumber": null,
                        "mailingAddressState": "VIC",
                        "mailingAddressVerified": null,
                        "mailingAddressCountry": "AU",
                        "registeredBusinessAddress": "833 Collins Street",
                        "registeredBusinessAddressVerified": true,
                        "registeredBusinessAddressPoBox": null,
                        "registeredBusinessAddressPostcode": "3000",
                        "registeredBusinessAddressSuburbTown": null,
                        "registeredBusinessAddressStreetName": null,
                        "registeredBusinessAddressStreetType": null,
                        "registeredBusinessAddressUnitNumber": null,
                        "registeredBusinessAddressPropertyName": null,
                        "registeredBusinessAddressStreetNumber": null,
                        "registeredBusinessAddressState": "VIC",
                        "registeredBusinessAddressCountry": "AU",
                        "sameAsTradingAddress": null,
                        "customerId": null,
                        "trusts": null,
                        "trustIds": [],
                        "cpId": "12345",
                        "clgCpId": null,
                        "kycBranchId": 1235,
                        "clgKycBranchId": null,
                        "connectPlusUniqueId": "9479",
                        "asicReportDateTime": "2019-08-28T10:26:38.337Z",
                        "securityIndicator": null,
                        "clgPrimaryContactNumber": null,
                        "rmName": null,
                        "rmPhone": null,
                        "multipleClgAvailable": null,
                        "custStatusFlag": null,
                        "residentialAddressPopulated": true,
                        "mailingAddressPopulated": true,
                        "__id": "2"
                    },
                    "current": null
                }
            ],
            "trusts": []
        },
        "facilities": {
            "facilityList": [
                {
                    "isNew": true,
                    "isNonAnzFacility": false,
                    "accountRelationship": "SOL",
                    "facilityId": null,
                    "isReadOnly": false,
                    "borrowerIds": [
                        "200000137"
                    ],
                    "current": null,
                    "proposed": {
                        "sbosProductCode": "SBOS14",
                        "productCode": "ILS",
                        "productCategory": "ABL",
                        "facilityType": "ABL - Fixed",
                        "limit": 15689083,
                        "includeInOffer": true,
                        "facilityAccountNumber": null,
                        "secured": null,
                        "productStatus": "Active",
                        "sequence": null,
                        "qualifyingNatureOfTheProduct": null,
                        "amountForRedraw": null,
                        "repaymentFrequency": null,
                        "repaymentAmount": null,
                        "referenceIndexRate": null,
                        "referenceIndex": null,
                        "loanApprovalFee": null,
                        "marginAfterFixedRateTerm": null,
                        "interestMargin": null,
                        "totalTermYears": null,
                        "totalTermMonths": null,
                        "fixedRateTermMonths": null,
                        "fixedRateTermYears": null,
                        "interestOnlyTermMonths": null,
                        "interestOnlyTermYears": null,
                        "balloonAmount": null,
                        "isBalloonPayment": null,
                        "isRedrawOption": null,
                        "repaymentNature": null,
                        "interestRate": null,
                        "hasLockRate": null,
                        "lockRate": null,
                        "lockRateExpiryDate": null,
                        "facilityExpiryDate": null,
                        "foreignCurrency": null,
                        "drawingTermDays": null,
                        "isFullyDrawn": null,
                        "repaymentCriteria": null,
                        "hasANZBusinessPkg": null,
                        "facilityPurpose": null,
                        "fixedInterestRate": null,
                        "accountType": null,
                        "accountName": null,
                        "interestChargeCycle": null,
                        "interestPaymentAccountNumber": null,
                        "creditFacilityFeeCode": null,
                        "creditFacilityFeeFrequency": null,
                        "creditFacilityFee": null,
                        "hasExpiryDate": null,
                        "hasExpired": null,
                        "currentBalance": null,
                        "accountBsb": null,
                        "openedDate": null,
                        "accountStatus": null,
                        "cpid": null,
                        "ccrRating": null,
                        "remainingTermMonths": null,
                        "remainingTermYears": null,
                        "subProductDescription": null,
                        "daysDelinquent": null,
                        "unappliedFundsBalance": null,
                        "limitApprovalFee": null,
                        "establishmentFee": null,
                        "renewalFee": null,
                        "detailsOfFacilityPurpose": null,
                        "loanAdminCharge": 900,
                        "loanAdminChargeCode": "K",
                        "loanAdminChargeFrequency": "Q",
                        "iGType": null,
                        "iGFacilityFeeLimit": null,
                        "iGFacilityFeeFrequency": null,
                        "iGFacilityFeeAmount": null,
                        "iGFeePerBankGuaranteeLimit": null,
                        "iGFeePerBankGuaranteeAmount": null,
                        "iGFeePerBankGuaranteeFrequency": null,
                        "isL5CashCovered": null,
                        "isRevolvingLimit": null,
                        "isOffsetOffered": null,
                        "isProductFullyResidentiallySecured": null,
                        "institution": "ANZ",
                        "subProductCode": "OFB",
                        "liabilityType": null,
                        "custProduct": null,
                        "lockRateFee": null,
                        "lineManagerApprovalReceived": null,
                        "limitVerified": null,
                        "linkedToClg": null,
                        "borrowerRelations": null
                    },
                    "selectedForApplication": null,
                    "reasonForNonSelection": null,
                    "selectedGroupId": null,
                    "isModified": false,
                    "__id": "10"
                },
                {
                    "isNew": false,
                    "isNonAnzFacility": false,
                    "accountRelationship": "SOL",
                    "facilityId": null,
                    "isReadOnly": false,
                    "borrowerIds": [
                        "200000137"
                    ],
                    "current": {
                        "sbosProductCode": "SBOS09",
                        "productCode": "ILS",
                        "productCategory": "BML",
                        "facilityType": "BML - Fixed Interest In Advance",
                        "limit": 33510.9,
                        "includeInOffer": true,
                        "facilityAccountNumber": "1000259",
                        "secured": false,
                        "productStatus": "Active",
                        "sequence": null,
                        "qualifyingNatureOfTheProduct": null,
                        "amountForRedraw": 10,
                        "repaymentFrequency": "M",
                        "repaymentAmount": 3938.54,
                        "referenceIndexRate": 5.53,
                        "referenceIndex": "HB",
                        "loanApprovalFee": null,
                        "marginAfterFixedRateTerm": null,
                        "interestMargin": 0,
                        "totalTermYears": 10,
                        "totalTermMonths": 0,
                        "fixedRateTermMonths": null,
                        "fixedRateTermYears": null,
                        "interestOnlyTermMonths": 0,
                        "interestOnlyTermYears": 0,
                        "balloonAmount": null,
                        "isBalloonPayment": false,
                        "isRedrawOption": true,
                        "repaymentNature": "PIR",
                        "interestRate": 7.43,
                        "hasLockRate": null,
                        "lockRate": null,
                        "lockRateExpiryDate": null,
                        "facilityExpiryDate": null,
                        "foreignCurrency": null,
                        "drawingTermDays": null,
                        "isFullyDrawn": true,
                        "repaymentCriteria": null,
                        "hasANZBusinessPkg": "03",
                        "facilityPurpose": "03",
                        "fixedInterestRate": null,
                        "accountType": null,
                        "accountName": "ILS-HAB-1000259 BUSINESS MORTGAGE LOAN ACC: 037",
                        "interestChargeCycle": "MAD",
                        "interestPaymentAccountNumber": "250867897",
                        "creditFacilityFeeCode": null,
                        "creditFacilityFeeFrequency": null,
                        "creditFacilityFee": null,
                        "hasExpiryDate": false,
                        "hasExpired": null,
                        "currentBalance": -33500.9,
                        "accountBsb": "011265",
                        "openedDate": "1992-05-13",
                        "accountStatus": "Active",
                        "cpid": "12355",
                        "ccrRating": "37",
                        "remainingTermMonths": 0,
                        "remainingTermYears": 10,
                        "subProductDescription": null,
                        "daysDelinquent": 0,
                        "unappliedFundsBalance": null,
                        "limitApprovalFee": null,
                        "establishmentFee": null,
                        "renewalFee": null,
                        "detailsOfFacilityPurpose": null,
                        "loanAdminCharge": null,
                        "loanAdminChargeCode": null,
                        "loanAdminChargeFrequency": null,
                        "iGType": null,
                        "iGFacilityFeeLimit": null,
                        "iGFacilityFeeFrequency": null,
                        "iGFacilityFeeAmount": null,
                        "iGFeePerBankGuaranteeLimit": null,
                        "iGFeePerBankGuaranteeAmount": null,
                        "iGFeePerBankGuaranteeFrequency": null,
                        "isL5CashCovered": null,
                        "isRevolvingLimit": null,
                        "isOffsetOffered": null,
                        "isProductFullyResidentiallySecured": null,
                        "institution": "ANZ",
                        "subProductCode": "HAB",
                        "liabilityType": "TML",
                        "custProduct": "COM",
                        "lockRateFee": null,
                        "lineManagerApprovalReceived": null,
                        "limitVerified": null,
                        "linkedToClg": true,
                        "borrowerRelations": null
                    },
                    "proposed": {
                        "sbosProductCode": "SBOS09",
                        "productCode": "ILS",
                        "productCategory": "BML",
                        "facilityType": "BML - Fixed Interest In Advance",
                        "limit": 500000,
                        "includeInOffer": true,
                        "facilityAccountNumber": "1000259",
                        "secured": null,
                        "productStatus": "Active",
                        "sequence": null,
                        "qualifyingNatureOfTheProduct": null,
                        "amountForRedraw": null,
                        "repaymentFrequency": "M",
                        "repaymentAmount": 50000,
                        "referenceIndexRate": 7.16,
                        "referenceIndex": "HB",
                        "loanApprovalFee": null,
                        "marginAfterFixedRateTerm": null,
                        "interestMargin": 0,
                        "totalTermYears": 10,
                        "totalTermMonths": 0,
                        "fixedRateTermMonths": null,
                        "fixedRateTermYears": null,
                        "interestOnlyTermMonths": 8,
                        "interestOnlyTermYears": 2,
                        "balloonAmount": null,
                        "isBalloonPayment": false,
                        "isRedrawOption": false,
                        "repaymentNature": "PI",
                        "interestRate": 7.16,
                        "hasLockRate": null,
                        "lockRate": null,
                        "lockRateExpiryDate": null,
                        "facilityExpiryDate": null,
                        "foreignCurrency": null,
                        "drawingTermDays": null,
                        "isFullyDrawn": null,
                        "repaymentCriteria": null,
                        "hasANZBusinessPkg": "03",
                        "facilityPurpose": "03",
                        "fixedInterestRate": null,
                        "accountType": null,
                        "accountName": null,
                        "interestChargeCycle": "YAR",
                        "interestPaymentAccountNumber": "250867897",
                        "creditFacilityFeeCode": null,
                        "creditFacilityFeeFrequency": null,
                        "creditFacilityFee": null,
                        "hasExpiryDate": null,
                        "hasExpired": null,
                        "currentBalance": null,
                        "accountBsb": null,
                        "openedDate": null,
                        "accountStatus": null,
                        "cpid": null,
                        "ccrRating": null,
                        "remainingTermMonths": null,
                        "remainingTermYears": null,
                        "subProductDescription": null,
                        "daysDelinquent": null,
                        "unappliedFundsBalance": null,
                        "limitApprovalFee": null,
                        "establishmentFee": null,
                        "renewalFee": null,
                        "detailsOfFacilityPurpose": null,
                        "loanAdminCharge": null,
                        "loanAdminChargeCode": null,
                        "loanAdminChargeFrequency": null,
                        "iGType": null,
                        "iGFacilityFeeLimit": null,
                        "iGFacilityFeeFrequency": null,
                        "iGFacilityFeeAmount": null,
                        "iGFeePerBankGuaranteeLimit": null,
                        "iGFeePerBankGuaranteeAmount": null,
                        "iGFeePerBankGuaranteeFrequency": null,
                        "isL5CashCovered": null,
                        "isRevolvingLimit": null,
                        "isOffsetOffered": null,
                        "isProductFullyResidentiallySecured": null,
                        "institution": "ANZ",
                        "subProductCode": "HAB",
                        "liabilityType": null,
                        "custProduct": null,
                        "lockRateFee": null,
                        "lineManagerApprovalReceived": null,
                        "limitVerified": null,
                        "linkedToClg": null,
                        "borrowerRelations": null
                    },
                    "selectedForApplication": null,
                    "reasonForNonSelection": null,
                    "selectedGroupId": null,
                    "isModified": true,
                    "__id": "12"
                }
            ]
        },
        "securities": {
            "securitiesCrossCollateralised": true,
            "securityCover": null,
            "securityList": []
        },
        "formType": {
            "riskQuestions": {
                "isConstruction": true,
                "secFacilities": null,
                "isAccredited": false,
                "hasDirectorGuarantee": null,
                "taxationOutstanding": false,
                "amountOutstanding": null,
                "fullYears": null,
                "hasBeenTradingOneFullYear": true,
                "isForBusinessInvestment": false,
                "exceptionalCircumstances": false,
                "exceptionComment": "",
                "requireLegalAdvice": null,
                "riskGradeReview": null
            },
            "type": {
                "value": "SF",
                "formTypeDescription": null,
                "areSecuredLendingRequirementsMet": null
            },
            "anzsicCode": "7519",
            "currentAnzsicCode": null,
            "areAllCrossCollateralisedSecurities": null,
            "hasDualApplication": null,
            "inFlightApplications": [
                {
                    "entityName": "Long Form Shopping",
                    "customerId": "200000137",
                    "applicationSource": "03",
                    "applicationId": "1000000006",
                    "amountRequested": 75000,
                    "adjustedTbl": 75000,
                    "manuallyAdded": false,
                    "currentStateDateCreated": "2019-10-17",
                    "status": "PENDING_NEW",
                    "formType": "SF",
                    "applicationType": "SF"
                },
                {
                    "entityName": "Long Form Shopping",
                    "customerId": "200000137",
                    "applicationSource": "03",
                    "applicationId": "1000000005",
                    "amountRequested": 35000,
                    "adjustedTbl": 35000,
                    "manuallyAdded": false,
                    "currentStateDateCreated": "2019-10-16",
                    "status": "PENDING_NEW",
                    "formType": "SF",
                    "applicationType": "SF"
                }
            ],
            "completedApplications": null
        },
        "serviceability": {
            "businessFinancials": [
                {
                    "netProfitBeforeTax": 3000000.02,
                    "totalAmountNonANZBusinessLending": null,
                    "businessFinancialYear": null,
                    "totalSaleRevenue": 10000000.02,
                    "grossProfit": 5000000.02,
                    "dividendAndDrawings": 2345,
                    "irregularIncomes": null,
                    "depreciationAmortisation": null,
                    "interestFinanceExpenses": null,
                    "interestPaid": null,
                    "financeLeaseCharges": null,
                    "managementSalaries": 2000,
                    "nonRecurringExpenses": null,
                    "wageCost": null,
                    "rentCost": null,
                    "royaltyPayment": null,
                    "shareCapitalReserve": null,
                    "memberFunds": null,
                    "totalCostGoodsSold": 2000000.02,
                    "totalOperatingExpenses": 5000000.02,
                    "proprietorsCapitalAccount": 7777,
                    "partnershipCapitalAccount": null,
                    "trustCapital": null,
                    "totalAssets": 123123123,
                    "totalLiabilities": 9800,
                    "currentAssets": 1231312,
                    "currentLiabilities": 234234,
                    "shareholderLoanBalanceAssets": 4444,
                    "shareholderLoanBalanceLiability": 2222,
                    "incomeLivestockTrading": null,
                    "incomeLivestockProduction": null,
                    "incomeOtherLivestock": null,
                    "incomeSeaFood": null,
                    "incomeTotalPlant": null,
                    "incomeOtherFarm": null
                }
            ],
            "cashflowForecast": null,
            "vendorFinancial": null,
            "associatePartyList": [],
            "ruralSop": null,
            "ruralCommodity": {
                "taxYearCovered": null,
                "sourceOfIncomeCattle": null,
                "totalAreaCattle": null,
                "calvingRate": null,
                "numberOfLivestockCattle": null,
                "sourceOfIncomeDairy": null,
                "totalAreaDairy": null,
                "milkType": null,
                "diaryProductionType": null,
                "supplyCompanyDairy": null,
                "numberOfLivestockDairy": null,
                "diaryProductionLastYear": null,
                "sourceOfIncomePigs": null,
                "totalAreaPigs": null,
                "sourceOfIncomePoultry": null,
                "supplyCompanyPoultry": null,
                "tradingDurationOtherCompany": null,
                "supplierContractHeld": null,
                "sourceOfIncomeSheep": null,
                "totalGrazingArea": null,
                "sourceOfIncomeOtherLivestock": null,
                "sourceOfIncomeSeafood": null,
                "sourceOfIncomeBroadacre": null,
                "totalAreaBroadacre": null,
                "estimatedIrrigationAreaBroadacre": null,
                "sourceOfIncomeHorticulture": null,
                "totalAreaHorticulture": null,
                "estimatedIrrigationAreaHorticulture": null,
                "sourceOfIncomeOrchards": null,
                "sourceOfIncomeWine": null,
                "sourceOfIncomeSugar": null,
                "sourceOfIncomeTimber": null,
                "pigCommodities": null
            },
            "fullServiceabilityQuestions": {
                "hasPropertyLeaseAgreement": false,
                "propertyLeaseTermsAndExpiryDates": "24 equal payments by 20/12/2022"
            },
            "ruralServiceabilityQuestions": {
                "yearsExpExistingFarmProperty": null,
                "totalAreaOfFarm": null,
                "isShareFarm": null,
                "shareFarmDetails": null,
                "isFarmEntitlements": null,
                "farmEntitlementsDetails": null,
                "isFarmAdverseCondition": null,
                "farmAdverseConditionDetails": null,
                "isFarmConsultantVisited": null,
                "farmConsultantVisitDetails": null
            }
        },
        "drawdown": null,
        "comments": {
            "commentList": [
                {
                    "commentTypeId": "12",
                    "text": null,
                    "ownerLanId": "CSPUsr2",
                    "firstName": null,
                    "lastName": null,
                    "noteAddedDate": null,
                    "commentId": 0
                },
                {
                    "commentTypeId": "02",
                    "text": null,
                    "ownerLanId": "CSPUsr2",
                    "firstName": null,
                    "lastName": null,
                    "noteAddedDate": null,
                    "commentId": 0
                },
                {
                    "commentTypeId": "11",
                    "text": null,
                    "ownerLanId": "CSPUsr2",
                    "firstName": null,
                    "lastName": null,
                    "noteAddedDate": null,
                    "commentId": 0
                },
                {
                    "commentTypeId": "13",
                    "text": null,
                    "ownerLanId": "CSPUsr2",
                    "firstName": null,
                    "lastName": null,
                    "noteAddedDate": null,
                    "commentId": 0
                },
                {
                    "commentTypeId": "10",
                    "text": null,
                    "ownerLanId": "CSPUsr2",
                    "firstName": null,
                    "lastName": null,
                    "noteAddedDate": null,
                    "commentId": 0
                }
            ]
        },
        "tpmi": null,
        "assessmentSummary": null,
        "character": null,
        "collateral": null,
        "capacity": null,
        "finalDecision": null,
        "sidebar": {
            "securityIndicator": null,
            "shortFormLimit": null,
            "mediumFormLimit": null,
            "amtRequested": 16155572.1,
            "securityFmv": 0,
            "extendedValue": null,
            "vcadLimitNotModified": null,
            "vcadLimit": {
                "shortFormLimitSecured": 9999999,
                "shortFormLimitUnSecured": 999999999999.99,
                "mediumFormLimitSecured": 999999999999.99,
                "mediumFormLimitUnSecured": 999999999999.99,
                "siShortFormLimit": 0,
                "siMediumFormLimit": 0,
                "customerLimits": []
            },
            "cisId": null,
            "clgId": null,
            "cisTbl": {
                "currentCapTbl": 0,
                "proposedCapTbl": 16155572.1,
                "adjustedTbl": 16155572.1,
                "linkedAppsAdjustedTbl": 0,
                "systemCalcTbl": 16155572.1,
                "manuallyAddedInflightGaf": 0,
                "manuallyAddedInflightGafAndSb": 0,
                "currentAssetFinanceTbl": 0,
                "proposedAssetFinanceTbl": 0,
                "currentConsolidatedTbl": 0,
                "proposedConsolidatedTbl": 16155572.1,
                "proposedConsolidatedTblForSi": 16155572.1
            },
            "bankerDeterminedTbl": 0,
            "clgTbl": null,
            "ccr": null,
            "pi": "2",
            "securityExtensions": null
        },
        "tempOD": null,
        "submit": {
            "declarationItems": [
                {
                    "id": 18,
                    "text": "Property"
                }
            ],
            "agreeToTermsAndConditions": false,
            "agreementStatement": null,
            "securityValuationWithinPolicy": null
        },
        "checklist": [],
        "prepopulation": {
            "entities": null,
            "facilities": null,
            "securities": null,
            "formType": null,
            "serviceability": null,
            "sidebar": null,
            "tempOD": null
        },
        "customerInterviewDate": null,
        "azReviewDate": null,
        "indicativeSettlementDate": null,
        "uiErrorModel": { },
        "variationSummary": {
            "entities": null,
            "facilities": null,
            "securities": null
        },
        "quickAssist": {
            "downsellAccepted": true,
            "qaLimitsDuration": null,
            "qaLimitsEnddate": null,
            "qaLimitsStartdate": null,
            "qaLimitsAccepted": null,
            "amendedANZLiability": null,
            "amendedExpensesAmount": null,
            "amendedIncomeAmount": null,
            "amendedNPBT": null,
            "amendedOFILiability": null,
            "qaANZLiability": null,
            "qaExpenseAmount": null,
            "qaIncomeAmount": null,
            "qaLimitHighAmount": null,
            "qaLimitLowAmount": null,
            "qaNPBT": null,
            "qaOFILiability": null,
            "recalculatedQAHighAmount": null,
            "recalculatedQALowAmount": null,
            "qaANZLiabilityVerified": null,
            "qaExpenseAmountVerified": null,
            "qaIncomeAmountVerified": null,
            "qaNPBTVerified": null,
            "qaOFILiabilityVerified": null,
            "calculateCtsIndicator": null,
            "__id": null
        },
        "olasubmissionReasonCode": "RS2"
    },
    "applicationV2": null,
    "changes": {
        "facilities": null,
        "securities": null,
        "entities": null,
        "formType": null,
        "isDataChanged": false
    }
}