{
  "frontline": {
    "circles": [
      {
        "title": "Applications",
        "subtitle": null,
        "count": 29,
        "value": 357888623,
        "applicableTo": [
          "PENDING_CUSTOMER_LINK",
          "PENDING_NEW",
          "NEW",
          "ASSESSMENT_APPROVED_IN_PRINCIPLE",
          "PENDING_REWORK",
          "AWAITING_FRONTLINE_ACTION",
          "AWAITING_REWORK",
          "AWAITING_CASE_ID"
        ],
        "sortByTempOD": false
      },
      {
        "title": "Sent for Assessment",
        "subtitle": null,
        "count": 25,
        "value": 308524675,
        "applicableTo": [
          "PENDING_SUBMITTED",
          "SUBMITTED",
          "AUTO_REFERRED",
          "AUTO_APPROVED",
          "AWAITING_ASSESSMENT_APPLICATION_REWORK",
          "PENDING_FULFILMENT",
          "PENDING_ASSESSMENT",
          "ASSESSMENT_APPROVED"
        ],
        "sortByTempOD": false
      },
      {
        "title": "Documents Out",
        "subtitle": null,
        "count": 3,
        "value": 37022961,
        "applicableTo": [
          "AWAITING_DRAWDOWN_REQUEST"
        ],
        "sortByTempOD": false
      },
      {
        "title": "Drawdown Requested",
        "subtitle": null,
        "count": 9,
        "value": 111068883,
        "applicableTo": [
          "DRAWDOWN_REQUEST_PENDING_SUBMITTED",
          "DRAWDOWN_REQUEST_SUBMITTED",
          "PENDING_DRAWDOWN"
        ],
        "sortByTempOD": false
      }
    ],
    "summaries": [
      {
        "applicationId": "1000000087",
        "entityName": "MIKE NOLAN",
        "entityId": null,
        "lendingIncrease": 12340987,
        "status": "PENDING_CUSTOMER_LINK",
        "statusDays": 0,
        "statusId": null,
        "oppId": null,
        "cpnId": "null",
        "form": null,
        "formDesc": null,
        "created": "2019-09-20T03:37:19.661Z",
        "anzUser": null,
        "anzUserContact": null,
        "finalisationKit": null,
        "statusMessage": null,
        "currentCcr": null,
        "finalCcr": null,
        "wasFormTypeCalculated": false,
        "applicationType": "CF",
        "reviewDueDate": null,
        "orderAdditionalInfo": null,
        "owner": false
      },
      {
        "applicationId": "1000224491",
        "entityName": "Nolan Bruce",
        "entityId": null,
        "lendingIncrease": 12340987,
        "status": "PENDING_CUSTOMER_LINK",
        "statusDays": 0,
        "statusId": null,
        "oppId": null,
        "cpnId": "null",
        "form": null,
        "formDesc": null,
        "created": "2019-09-20T03:37:19.043Z",
        "anzUser": null,
        "anzUserContact": null,
        "finalisationKit": null,
        "statusMessage": null,
        "currentCcr": null,
        "finalCcr": null,
        "wasFormTypeCalculated": false,
        "applicationType": "CF",
        "reviewDueDate": null,
        "orderAdditionalInfo": null,
        "owner": false
      },
      {
        "applicationId": "1000000086",
        "entityName": "MIKE NOLAN",
        "entityId": null,
        "lendingIncrease": 12340987,
        "status": "PENDING_CUSTOMER_LINK",
        "statusDays": 0,
        "statusId": null,
        "oppId": null,
        "cpnId": "null",
        "form": null,
        "formDesc": null,
        "created": "2019-09-20T03:37:19.043Z",
        "anzUser": null,
        "anzUserContact": null,
        "finalisationKit": null,
        "statusMessage": null,
        "currentCcr": null,
        "finalCcr": null,
        "wasFormTypeCalculated": false,
        "applicationType": "CF",
        "reviewDueDate": null,
        "orderAdditionalInfo": null,
        "owner": false
      },
      {
        "applicationId": "1000000085",
        "entityName": "MIKE NOLAN",
        "entityId": null,
        "lendingIncrease": 12340987,
        "status": "PENDING_CUSTOMER_LINK",
        "statusDays": 0,
        "statusId": null,
        "oppId": null,
        "cpnId": "null",
        "form": null,
        "formDesc": null,
        "created": "2019-09-20T03:37:18.467Z",
        "anzUser": null,
        "anzUserContact": null,
        "finalisationKit": null,
        "statusMessage": null,
        "currentCcr": null,
        "finalCcr": null,
        "wasFormTypeCalculated": false,
        "applicationType": "CF",
        "reviewDueDate": null,
        "orderAdditionalInfo": null,
        "owner": false
      },
      {
        "applicationId": "1000000084",
        "entityName": "MIKE NOLAN",
        "entityId": null,
        "lendingIncrease": 12340987,
        "status": "PENDING_CUSTOMER_LINK",
        "statusDays": 0,
        "statusId": null,
        "oppId": null,
        "cpnId": "null",
        "form": null,
        "formDesc": null,
        "created": "2019-09-20T03:37:17.937Z",
        "anzUser": null,
        "anzUserContact": null,
        "finalisationKit": null,
        "statusMessage": null,
        "currentCcr": null,
        "finalCcr": null,
        "wasFormTypeCalculated": false,
        "applicationType": "CF",
        "reviewDueDate": null,
        "orderAdditionalInfo": null,
        "owner": false
      },
      {
        "applicationId": "1000000083",
        "entityName": "MIKE NOLAN",
        "entityId": null,
        "lendingIncrease": 12340987,
        "status": "PENDING_CUSTOMER_LINK",
        "statusDays": 0,
        "statusId": null,
        "oppId": null,
        "cpnId": "null",
        "form": null,
        "formDesc": null,
        "created": "2019-09-20T03:37:17.329Z",
        "anzUser": null,
        "anzUserContact": null,
        "finalisationKit": null,
        "statusMessage": null,
        "currentCcr": null,
        "finalCcr": null,
        "wasFormTypeCalculated": false,
        "applicationType": "CF",
        "reviewDueDate": null,
        "orderAdditionalInfo": null,
        "owner": false
      },
      {
        "applicationId": "1000000082",
        "entityName": "MIKE NOLAN",
        "entityId": null,
        "lendingIncrease": 12340987,
        "status": "SUBMITTED",
        "statusDays": 0,
        "statusId": null,
        "oppId": null,
        "cpnId": "null",
        "form": null,
        "formDesc": null,
        "created": "2019-09-20T03:37:16.652Z",
        "anzUser": null,
        "anzUserContact": null,
        "finalisationKit": null,
        "statusMessage": null,
        "currentCcr": null,
        "finalCcr": null,
        "wasFormTypeCalculated": false,
        "applicationType": "CF",
        "reviewDueDate": null,
        "orderAdditionalInfo": null,
        "owner": false
      },
      {
        "applicationId": "1000000060",
        "entityName": "MIKE NOLAN",
        "entityId": null,
        "lendingIncrease": 12340987,
        "status": "PENDING_DRAWDOWN",
        "statusDays": 0,
        "statusId": null,
        "oppId": null,
        "cpnId": "null",
        "form": null,
        "formDesc": null,
        "created": "2019-09-20T02:03:45.739Z",
        "anzUser": null,
        "anzUserContact": null,
        "finalisationKit": null,
        "statusMessage": null,
        "currentCcr": null,
        "finalCcr": null,
        "wasFormTypeCalculated": false,
        "applicationType": "CF",
        "reviewDueDate": null,
        "orderAdditionalInfo": null,
        "owner": false
      },
      {
        "applicationId": "1000000059",
        "entityName": "MIKE NOLAN",
        "entityId": null,
        "lendingIncrease": 12340987,
        "status": "PENDING_DRAWDOWN",
        "statusDays": 0,
        "statusId": null,
        "oppId": null,
        "cpnId": "null",
        "form": null,
        "formDesc": null,
        "created": "2019-09-20T02:03:45.454Z",
        "anzUser": null,
        "anzUserContact": null,
        "finalisationKit": null,
        "statusMessage": null,
        "currentCcr": null,
        "finalCcr": null,
        "wasFormTypeCalculated": false,
        "applicationType": "CF",
        "reviewDueDate": null,
        "orderAdditionalInfo": null,
        "owner": false
      },
      {
        "applicationId": "1000000058",
        "entityName": "MIKE NOLAN",
        "entityId": null,
        "lendingIncrease": 12340987,
        "status": "PENDING_DRAWDOWN",
        "statusDays": 0,
        "statusId": null,
        "oppId": null,
        "cpnId": "null",
        "form": null,
        "formDesc": null,
        "created": "2019-09-20T02:03:45.244Z",
        "anzUser": null,
        "anzUserContact": null,
        "finalisationKit": null,
        "statusMessage": null,
        "currentCcr": null,
        "finalCcr": null,
        "wasFormTypeCalculated": false,
        "applicationType": "CF",
        "reviewDueDate": null,
        "orderAdditionalInfo": null,
        "owner": false
      },
      {
        "applicationId": "1000000057",
        "entityName": "MIKE NOLAN",
        "entityId": null,
        "lendingIncrease": 12340987,
        "status": "DRAWDOWN_REQUEST_SUBMITTED",
        "statusDays": 0,
        "statusId": null,
        "oppId": null,
        "cpnId": "null",
        "form": null,
        "formDesc": null,
        "created": "2019-09-20T02:03:45.003Z",
        "anzUser": null,
        "anzUserContact": null,
        "finalisationKit": null,
        "statusMessage": null,
        "currentCcr": null,
        "finalCcr": null,
        "wasFormTypeCalculated": false,
        "applicationType": "CF",
        "reviewDueDate": null,
        "orderAdditionalInfo": null,
        "owner": false
      },
      {
        "applicationId": "1000000056",
        "entityName": "MIKE NOLAN",
        "entityId": null,
        "lendingIncrease": 12340987,
        "status": "DRAWDOWN_REQUEST_SUBMITTED",
        "statusDays": 0,
        "statusId": null,
        "oppId": null,
        "cpnId": "null",
        "form": null,
        "formDesc": null,
        "created": "2019-09-20T02:03:44.855Z",
        "anzUser": null,
        "anzUserContact": null,
        "finalisationKit": null,
        "statusMessage": null,
        "currentCcr": null,
        "finalCcr": null,
        "wasFormTypeCalculated": false,
        "applicationType": "CF",
        "reviewDueDate": null,
        "orderAdditionalInfo": null,
        "owner": false
      },
      {
        "applicationId": "1000000055",
        "entityName": "MIKE NOLAN",
        "entityId": null,
        "lendingIncrease": 12340987,
        "status": "DRAWDOWN_REQUEST_SUBMITTED",
        "statusDays": 0,
        "statusId": null,
        "oppId": null,
        "cpnId": "null",
        "form": null,
        "formDesc": null,
        "created": "2019-09-20T02:03:44.668Z",
        "anzUser": null,
        "anzUserContact": null,
        "finalisationKit": null,
        "statusMessage": null,
        "currentCcr": null,
        "finalCcr": null,
        "wasFormTypeCalculated": false,
        "applicationType": "CF",
        "reviewDueDate": null,
        "orderAdditionalInfo": null,
        "owner": false
      },
      {
        "applicationId": "1000000054",
        "entityName": "MIKE NOLAN",
        "entityId": null,
        "lendingIncrease": 12340987,
        "status": "DRAWDOWN_REQUEST_PENDING_SUBMITTED",
        "statusDays": 0,
        "statusId": null,
        "oppId": null,
        "cpnId": "null",
        "form": null,
        "formDesc": null,
        "created": "2019-09-20T02:03:44.500Z",
        "anzUser": null,
        "anzUserContact": null,
        "finalisationKit": null,
        "statusMessage": null,
        "currentCcr": null,
        "finalCcr": null,
        "wasFormTypeCalculated": false,
        "applicationType": "CF",
        "reviewDueDate": null,
        "orderAdditionalInfo": null,
        "owner": false
      },
      {
        "applicationId": "1000000053",
        "entityName": "MIKE NOLAN",
        "entityId": null,
        "lendingIncrease": 12340987,
        "status": "DRAWDOWN_REQUEST_PENDING_SUBMITTED",
        "statusDays": 0,
        "statusId": null,
        "oppId": null,
        "cpnId": "null",
        "form": null,
        "formDesc": null,
        "created": "2019-09-20T02:03:44.298Z",
        "anzUser": null,
        "anzUserContact": null,
        "finalisationKit": null,
        "statusMessage": null,
        "currentCcr": null,
        "finalCcr": null,
        "wasFormTypeCalculated": false,
        "applicationType": "CF",
        "reviewDueDate": null,
        "orderAdditionalInfo": null,
        "owner": false
      },
      {
        "applicationId": "1000000052",
        "entityName": "MIKE NOLAN",
        "entityId": null,
        "lendingIncrease": 12340987,
        "status": "DRAWDOWN_REQUEST_PENDING_SUBMITTED",
        "statusDays": 0,
        "statusId": null,
        "oppId": null,
        "cpnId": "null",
        "form": null,
        "formDesc": null,
        "created": "2019-09-20T02:03:44.200Z",
        "anzUser": null,
        "anzUserContact": null,
        "finalisationKit": null,
        "statusMessage": null,
        "currentCcr": null,
        "finalCcr": null,
        "wasFormTypeCalculated": false,
        "applicationType": "CF",
        "reviewDueDate": null,
        "orderAdditionalInfo": null,
        "owner": false
      },
      {
        "applicationId": "1000000051",
        "entityName": "MIKE NOLAN",
        "entityId": null,
        "lendingIncrease": 12340987,
        "status": "AWAITING_DRAWDOWN_REQUEST",
        "statusDays": 0,
        "statusId": null,
        "oppId": null,
        "cpnId": "null",
        "form": null,
        "formDesc": null,
        "created": "2019-09-20T02:03:43.931Z",
        "anzUser": null,
        "anzUserContact": null,
        "finalisationKit": null,
        "statusMessage": null,
        "currentCcr": null,
        "finalCcr": null,
        "wasFormTypeCalculated": false,
        "applicationType": "CF",
        "reviewDueDate": null,
        "orderAdditionalInfo": null,
        "owner": false
      },
      {
        "applicationId": "1000000050",
        "entityName": "MIKE NOLAN",
        "entityId": null,
        "lendingIncrease": 12340987,
        "status": "AWAITING_DRAWDOWN_REQUEST",
        "statusDays": 0,
        "statusId": null,
        "oppId": null,
        "cpnId": "null",
        "form": null,
        "formDesc": null,
        "created": "2019-09-20T02:03:43.794Z",
        "anzUser": null,
        "anzUserContact": null,
        "finalisationKit": null,
        "statusMessage": null,
        "currentCcr": null,
        "finalCcr": null,
        "wasFormTypeCalculated": false,
        "applicationType": "CF",
        "reviewDueDate": null,
        "orderAdditionalInfo": null,
        "owner": false
      },
      {
        "applicationId": "1000000049",
        "entityName": "MIKE NOLAN",
        "entityId": null,
        "lendingIncrease": 12340987,
        "status": "AWAITING_DRAWDOWN_REQUEST",
        "statusDays": 0,
        "statusId": null,
        "oppId": null,
        "cpnId": "null",
        "form": null,
        "formDesc": null,
        "created": "2019-09-20T02:03:43.582Z",
        "anzUser": null,
        "anzUserContact": null,
        "finalisationKit": null,
        "statusMessage": null,
        "currentCcr": null,
        "finalCcr": null,
        "wasFormTypeCalculated": false,
        "applicationType": "CF",
        "reviewDueDate": null,
        "orderAdditionalInfo": null,
        "owner": false
      },
      {
        "applicationId": "1000000048",
        "entityName": "MIKE NOLAN",
        "entityId": null,
        "lendingIncrease": 12340987,
        "status": "PENDING_FULFILMENT",
        "statusDays": 0,
        "statusId": null,
        "oppId": null,
        "cpnId": "null",
        "form": null,
        "formDesc": null,
        "created": "2019-09-20T02:03:43.375Z",
        "anzUser": null,
        "anzUserContact": null,
        "finalisationKit": null,
        "statusMessage": null,
        "currentCcr": null,
        "finalCcr": null,
        "wasFormTypeCalculated": false,
        "applicationType": "CF",
        "reviewDueDate": null,
        "orderAdditionalInfo": null,
        "owner": false
      },
      {
        "applicationId": "1000000047",
        "entityName": "MIKE NOLAN",
        "entityId": null,
        "lendingIncrease": 12340987,
        "status": "PENDING_FULFILMENT",
        "statusDays": 0,
        "statusId": null,
        "oppId": null,
        "cpnId": "null",
        "form": null,
        "formDesc": null,
        "created": "2019-09-20T02:03:43.180Z",
        "anzUser": null,
        "anzUserContact": null,
        "finalisationKit": null,
        "statusMessage": null,
        "currentCcr": null,
        "finalCcr": null,
        "wasFormTypeCalculated": false,
        "applicationType": "CF",
        "reviewDueDate": null,
        "orderAdditionalInfo": null,
        "owner": false
      },
      {
        "applicationId": "1000000046",
        "entityName": "MIKE NOLAN",
        "entityId": null,
        "lendingIncrease": 12340987,
        "status": "PENDING_FULFILMENT",
        "statusDays": 0,
        "statusId": null,
        "oppId": null,
        "cpnId": "null",
        "form": null,
        "formDesc": null,
        "created": "2019-09-20T02:03:42.978Z",
        "anzUser": null,
        "anzUserContact": null,
        "finalisationKit": null,
        "statusMessage": null,
        "currentCcr": null,
        "finalCcr": null,
        "wasFormTypeCalculated": false,
        "applicationType": "CF",
        "reviewDueDate": null,
        "orderAdditionalInfo": null,
        "owner": false
      },
      {
        "applicationId": "1000000045",
        "entityName": "MIKE NOLAN",
        "entityId": null,
        "lendingIncrease": 12340987,
        "status": "AWAITING_ASSESSMENT_APPLICATION_REWORK",
        "statusDays": 0,
        "statusId": null,
        "oppId": null,
        "cpnId": "null",
        "form": null,
        "formDesc": null,
        "created": "2019-09-20T02:03:42.693Z",
        "anzUser": null,
        "anzUserContact": null,
        "finalisationKit": null,
        "statusMessage": null,
        "currentCcr": null,
        "finalCcr": null,
        "wasFormTypeCalculated": false,
        "applicationType": "CF",
        "reviewDueDate": null,
        "orderAdditionalInfo": null,
        "owner": false
      },
      {
        "applicationId": "1000000044",
        "entityName": "MIKE NOLAN",
        "entityId": null,
        "lendingIncrease": 12340987,
        "status": "AWAITING_ASSESSMENT_APPLICATION_REWORK",
        "statusDays": 0,
        "statusId": null,
        "oppId": null,
        "cpnId": "null",
        "form": null,
        "formDesc": null,
        "created": "2019-09-20T02:03:42.589Z",
        "anzUser": null,
        "anzUserContact": null,
        "finalisationKit": null,
        "statusMessage": null,
        "currentCcr": null,
        "finalCcr": null,
        "wasFormTypeCalculated": false,
        "applicationType": "CF",
        "reviewDueDate": null,
        "orderAdditionalInfo": null,
        "owner": false
      },
      {
        "applicationId": "1000000043",
        "entityName": "MIKE NOLAN",
        "entityId": null,
        "lendingIncrease": 12340987,
        "status": "AWAITING_ASSESSMENT_APPLICATION_REWORK",
        "statusDays": 0,
        "statusId": null,
        "oppId": null,
        "cpnId": "null",
        "form": null,
        "formDesc": null,
        "created": "2019-09-20T02:03:42.412Z",
        "anzUser": null,
        "anzUserContact": null,
        "finalisationKit": null,
        "statusMessage": null,
        "currentCcr": null,
        "finalCcr": null,
        "wasFormTypeCalculated": false,
        "applicationType": "CF",
        "reviewDueDate": null,
        "orderAdditionalInfo": null,
        "owner": false
      },
      {
        "applicationId": "1000000042",
        "entityName": "MIKE NOLAN",
        "entityId": null,
        "lendingIncrease": 12340987,
        "status": "ASSESSMENT_APPROVED",
        "statusDays": 0,
        "statusId": null,
        "oppId": null,
        "cpnId": "null",
        "form": null,
        "formDesc": null,
        "created": "2019-09-20T02:03:42.223Z",
        "anzUser": null,
        "anzUserContact": null,
        "finalisationKit": null,
        "statusMessage": null,
        "currentCcr": null,
        "finalCcr": null,
        "wasFormTypeCalculated": false,
        "applicationType": "CF",
        "reviewDueDate": null,
        "orderAdditionalInfo": null,
        "owner": false
      },
      {
        "applicationId": "1000000041",
        "entityName": "MIKE NOLAN",
        "entityId": null,
        "lendingIncrease": 12340987,
        "status": "ASSESSMENT_APPROVED",
        "statusDays": 0,
        "statusId": null,
        "oppId": null,
        "cpnId": "null",
        "form": null,
        "formDesc": null,
        "created": "2019-09-20T02:03:42.036Z",
        "anzUser": null,
        "anzUserContact": null,
        "finalisationKit": null,
        "statusMessage": null,
        "currentCcr": null,
        "finalCcr": null,
        "wasFormTypeCalculated": false,
        "applicationType": "CF",
        "reviewDueDate": null,
        "orderAdditionalInfo": null,
        "owner": false
      },
      {
        "applicationId": "1000000040",
        "entityName": "MIKE NOLAN",
        "entityId": null,
        "lendingIncrease": 12340987,
        "status": "ASSESSMENT_APPROVED",
        "statusDays": 0,
        "statusId": null,
        "oppId": null,
        "cpnId": "null",
        "form": null,
        "formDesc": null,
        "created": "2019-09-20T02:03:41.897Z",
        "anzUser": null,
        "anzUserContact": null,
        "finalisationKit": null,
        "statusMessage": null,
        "currentCcr": null,
        "finalCcr": null,
        "wasFormTypeCalculated": false,
        "applicationType": "CF",
        "reviewDueDate": null,
        "orderAdditionalInfo": null,
        "owner": false
      },
      {
        "applicationId": "1000000039",
        "entityName": "MIKE NOLAN",
        "entityId": null,
        "lendingIncrease": 12340987,
        "status": "PENDING_ASSESSMENT",
        "statusDays": 0,
        "statusId": null,
        "oppId": null,
        "cpnId": "null",
        "form": null,
        "formDesc": null,
        "created": "2019-09-20T02:03:41.688Z",
        "anzUser": null,
        "anzUserContact": null,
        "finalisationKit": null,
        "statusMessage": null,
        "currentCcr": null,
        "finalCcr": null,
        "wasFormTypeCalculated": false,
        "applicationType": "CF",
        "reviewDueDate": null,
        "orderAdditionalInfo": null,
        "owner": false
      },
      {
        "applicationId": "1000000038",
        "entityName": "MIKE NOLAN",
        "entityId": null,
        "lendingIncrease": 12340987,
        "status": "PENDING_ASSESSMENT",
        "statusDays": 0,
        "statusId": null,
        "oppId": null,
        "cpnId": "null",
        "form": null,
        "formDesc": null,
        "created": "2019-09-20T02:03:41.480Z",
        "anzUser": null,
        "anzUserContact": null,
        "finalisationKit": null,
        "statusMessage": null,
        "currentCcr": null,
        "finalCcr": null,
        "wasFormTypeCalculated": false,
        "applicationType": "CF",
        "reviewDueDate": null,
        "orderAdditionalInfo": null,
        "owner": false
      },
      {
        "applicationId": "1000000037",
        "entityName": "MIKE NOLAN",
        "entityId": null,
        "lendingIncrease": 12340987,
        "status": "PENDING_ASSESSMENT",
        "statusDays": 0,
        "statusId": null,
        "oppId": null,
        "cpnId": "null",
        "form": null,
        "formDesc": null,
        "created": "2019-09-20T02:03:41.332Z",
        "anzUser": null,
        "anzUserContact": null,
        "finalisationKit": null,
        "statusMessage": null,
        "currentCcr": null,
        "finalCcr": null,
        "wasFormTypeCalculated": false,
        "applicationType": "CF",
        "reviewDueDate": null,
        "orderAdditionalInfo": null,
        "owner": false
      },
      {
        "applicationId": "1000000036",
        "entityName": "MIKE NOLAN",
        "entityId": null,
        "lendingIncrease": 12340987,
        "status": "AUTO_APPROVED",
        "statusDays": 0,
        "statusId": null,
        "oppId": null,
        "cpnId": "null",
        "form": null,
        "formDesc": null,
        "created": "2019-09-20T02:03:41.145Z",
        "anzUser": null,
        "anzUserContact": null,
        "finalisationKit": null,
        "statusMessage": null,
        "currentCcr": null,
        "finalCcr": null,
        "wasFormTypeCalculated": false,
        "applicationType": "CF",
        "reviewDueDate": null,
        "orderAdditionalInfo": null,
        "owner": false
      },
      {
        "applicationId": "1000000035",
        "entityName": "MIKE NOLAN",
        "entityId": null,
        "lendingIncrease": 12340987,
        "status": "AUTO_APPROVED",
        "statusDays": 0,
        "statusId": null,
        "oppId": null,
        "cpnId": "null",
        "form": null,
        "formDesc": null,
        "created": "2019-09-20T02:03:40.990Z",
        "anzUser": null,
        "anzUserContact": null,
        "finalisationKit": null,
        "statusMessage": null,
        "currentCcr": null,
        "finalCcr": null,
        "wasFormTypeCalculated": false,
        "applicationType": "CF",
        "reviewDueDate": null,
        "orderAdditionalInfo": null,
        "owner": false
      },
      {
        "applicationId": "1000000034",
        "entityName": "MIKE NOLAN",
        "entityId": null,
        "lendingIncrease": 12340987,
        "status": "AUTO_APPROVED",
        "statusDays": 0,
        "statusId": null,
        "oppId": null,
        "cpnId": "null",
        "form": null,
        "formDesc": null,
        "created": "2019-09-20T02:03:40.828Z",
        "anzUser": null,
        "anzUserContact": null,
        "finalisationKit": null,
        "statusMessage": null,
        "currentCcr": null,
        "finalCcr": null,
        "wasFormTypeCalculated": false,
        "applicationType": "CF",
        "reviewDueDate": null,
        "orderAdditionalInfo": null,
        "owner": false
      },
      {
        "applicationId": "1000000033",
        "entityName": "MIKE NOLAN",
        "entityId": null,
        "lendingIncrease": 12340987,
        "status": "AUTO_REFERRED",
        "statusDays": 0,
        "statusId": null,
        "oppId": null,
        "cpnId": "null",
        "form": null,
        "formDesc": null,
        "created": "2019-09-20T02:03:40.608Z",
        "anzUser": null,
        "anzUserContact": null,
        "finalisationKit": null,
        "statusMessage": null,
        "currentCcr": null,
        "finalCcr": null,
        "wasFormTypeCalculated": false,
        "applicationType": "CF",
        "reviewDueDate": null,
        "orderAdditionalInfo": null,
        "owner": false
      },
      {
        "applicationId": "1000000032",
        "entityName": "MIKE NOLAN",
        "entityId": null,
        "lendingIncrease": 12340987,
        "status": "AUTO_REFERRED",
        "statusDays": 0,
        "statusId": null,
        "oppId": null,
        "cpnId": "null",
        "form": null,
        "formDesc": null,
        "created": "2019-09-20T02:03:40.450Z",
        "anzUser": null,
        "anzUserContact": null,
        "finalisationKit": null,
        "statusMessage": null,
        "currentCcr": null,
        "finalCcr": null,
        "wasFormTypeCalculated": false,
        "applicationType": "CF",
        "reviewDueDate": null,
        "orderAdditionalInfo": null,
        "owner": false
      },
      {
        "applicationId": "1000000031",
        "entityName": "MIKE NOLAN",
        "entityId": null,
        "lendingIncrease": 12340987,
        "status": "AUTO_REFERRED",
        "statusDays": 0,
        "statusId": null,
        "oppId": null,
        "cpnId": "null",
        "form": null,
        "formDesc": null,
        "created": "2019-09-20T02:03:40.263Z",
        "anzUser": null,
        "anzUserContact": null,
        "finalisationKit": null,
        "statusMessage": null,
        "currentCcr": null,
        "finalCcr": null,
        "wasFormTypeCalculated": false,
        "applicationType": "CF",
        "reviewDueDate": null,
        "orderAdditionalInfo": null,
        "owner": false
      },
      {
        "applicationId": "1000000030",
        "entityName": "MIKE NOLAN",
        "entityId": null,
        "lendingIncrease": 12340987,
        "status": "AUTO_REFERRED",
        "statusDays": 0,
        "statusId": null,
        "oppId": null,
        "cpnId": "null",
        "form": null,
        "formDesc": null,
        "created": "2019-09-20T02:03:40.143Z",
        "anzUser": null,
        "anzUserContact": null,
        "finalisationKit": null,
        "statusMessage": null,
        "currentCcr": null,
        "finalCcr": null,
        "wasFormTypeCalculated": false,
        "applicationType": "CF",
        "reviewDueDate": null,
        "orderAdditionalInfo": null,
        "owner": false
      },
      {
        "applicationId": "1000000029",
        "entityName": "MIKE NOLAN",
        "entityId": null,
        "lendingIncrease": 12340987,
        "status": "SUBMITTED",
        "statusDays": 0,
        "statusId": null,
        "oppId": null,
        "cpnId": "null",
        "form": null,
        "formDesc": null,
        "created": "2019-09-20T02:03:39.897Z",
        "anzUser": null,
        "anzUserContact": null,
        "finalisationKit": null,
        "statusMessage": null,
        "currentCcr": null,
        "finalCcr": null,
        "wasFormTypeCalculated": false,
        "applicationType": "CF",
        "reviewDueDate": null,
        "orderAdditionalInfo": null,
        "owner": false
      },
      {
        "applicationId": "1000000028",
        "entityName": "MIKE NOLAN",
        "entityId": null,
        "lendingIncrease": 12340987,
        "status": "SUBMITTED",
        "statusDays": 0,
        "statusId": null,
        "oppId": null,
        "cpnId": "null",
        "form": null,
        "formDesc": null,
        "created": "2019-09-20T02:03:39.741Z",
        "anzUser": null,
        "anzUserContact": null,
        "finalisationKit": null,
        "statusMessage": null,
        "currentCcr": null,
        "finalCcr": null,
        "wasFormTypeCalculated": false,
        "applicationType": "CF",
        "reviewDueDate": null,
        "orderAdditionalInfo": null,
        "owner": false
      },
      {
        "applicationId": "1000000027",
        "entityName": "MIKE NOLAN",
        "entityId": null,
        "lendingIncrease": 12340987,
        "status": "PENDING_SUBMITTED",
        "statusDays": 0,
        "statusId": null,
        "oppId": null,
        "cpnId": "null",
        "form": null,
        "formDesc": null,
        "created": "2019-09-20T02:03:39.563Z",
        "anzUser": null,
        "anzUserContact": null,
        "finalisationKit": null,
        "statusMessage": null,
        "currentCcr": null,
        "finalCcr": null,
        "wasFormTypeCalculated": false,
        "applicationType": "CF",
        "reviewDueDate": null,
        "orderAdditionalInfo": null,
        "owner": false
      },
      {
        "applicationId": "1000000026",
        "entityName": "MIKE NOLAN",
        "entityId": null,
        "lendingIncrease": 12340987,
        "status": "PENDING_SUBMITTED",
        "statusDays": 0,
        "statusId": null,
        "oppId": null,
        "cpnId": "null",
        "form": null,
        "formDesc": null,
        "created": "2019-09-20T02:03:39.373Z",
        "anzUser": null,
        "anzUserContact": null,
        "finalisationKit": null,
        "statusMessage": null,
        "currentCcr": null,
        "finalCcr": null,
        "wasFormTypeCalculated": false,
        "applicationType": "CF",
        "reviewDueDate": null,
        "orderAdditionalInfo": null,
        "owner": false
      },
      {
        "applicationId": "1000000025",
        "entityName": "MIKE NOLAN",
        "entityId": null,
        "lendingIncrease": 12340987,
        "status": "PENDING_SUBMITTED",
        "statusDays": 0,
        "statusId": null,
        "oppId": null,
        "cpnId": "null",
        "form": null,
        "formDesc": null,
        "created": "2019-09-20T02:03:39.164Z",
        "anzUser": null,
        "anzUserContact": null,
        "finalisationKit": null,
        "statusMessage": null,
        "currentCcr": null,
        "finalCcr": null,
        "wasFormTypeCalculated": false,
        "applicationType": "CF",
        "reviewDueDate": null,
        "orderAdditionalInfo": null,
        "owner": false
      },
      {
        "applicationId": "1000000024",
        "entityName": "MIKE NOLAN",
        "entityId": null,
        "lendingIncrease": 12340987,
        "status": "AWAITING_REWORK",
        "statusDays": 0,
        "statusId": null,
        "oppId": null,
        "cpnId": "null",
        "form": null,
        "formDesc": null,
        "created": "2019-09-20T02:03:38.975Z",
        "anzUser": null,
        "anzUserContact": null,
        "finalisationKit": null,
        "statusMessage": null,
        "currentCcr": null,
        "finalCcr": null,
        "wasFormTypeCalculated": false,
        "applicationType": "CF",
        "reviewDueDate": null,
        "orderAdditionalInfo": null,
        "owner": false
      },
      {
        "applicationId": "1000000023",
        "entityName": "MIKE NOLAN",
        "entityId": null,
        "lendingIncrease": 12340987,
        "status": "AWAITING_REWORK",
        "statusDays": 0,
        "statusId": null,
        "oppId": null,
        "cpnId": "null",
        "form": null,
        "formDesc": null,
        "created": "2019-09-20T02:03:38.778Z",
        "anzUser": null,
        "anzUserContact": null,
        "finalisationKit": null,
        "statusMessage": null,
        "currentCcr": null,
        "finalCcr": null,
        "wasFormTypeCalculated": false,
        "applicationType": "CF",
        "reviewDueDate": null,
        "orderAdditionalInfo": null,
        "owner": false
      },
      {
        "applicationId": "1000000022",
        "entityName": "MIKE NOLAN",
        "entityId": null,
        "lendingIncrease": 12340987,
        "status": "AWAITING_REWORK",
        "statusDays": 0,
        "statusId": null,
        "oppId": null,
        "cpnId": "null",
        "form": null,
        "formDesc": null,
        "created": "2019-09-20T02:03:38.572Z",
        "anzUser": null,
        "anzUserContact": null,
        "finalisationKit": null,
        "statusMessage": null,
        "currentCcr": null,
        "finalCcr": null,
        "wasFormTypeCalculated": false,
        "applicationType": "CF",
        "reviewDueDate": null,
        "orderAdditionalInfo": null,
        "owner": false
      },
      {
        "applicationId": "1000000021",
        "entityName": "MIKE NOLAN",
        "entityId": null,
        "lendingIncrease": 12340987,
        "status": "AWAITING_FRONTLINE_ACTION",
        "statusDays": 0,
        "statusId": null,
        "oppId": null,
        "cpnId": "null",
        "form": null,
        "formDesc": null,
        "created": "2019-09-20T02:03:38.354Z",
        "anzUser": null,
        "anzUserContact": null,
        "finalisationKit": null,
        "statusMessage": null,
        "currentCcr": null,
        "finalCcr": null,
        "wasFormTypeCalculated": false,
        "applicationType": "CF",
        "reviewDueDate": null,
        "orderAdditionalInfo": null,
        "owner": false
      },
      {
        "applicationId": "1000000020",
        "entityName": "MIKE NOLAN",
        "entityId": null,
        "lendingIncrease": 12340987,
        "status": "AWAITING_FRONTLINE_ACTION",
        "statusDays": 0,
        "statusId": null,
        "oppId": null,
        "cpnId": "null",
        "form": null,
        "formDesc": null,
        "created": "2019-09-20T02:03:38.114Z",
        "anzUser": null,
        "anzUserContact": null,
        "finalisationKit": null,
        "statusMessage": null,
        "currentCcr": null,
        "finalCcr": null,
        "wasFormTypeCalculated": false,
        "applicationType": "CF",
        "reviewDueDate": null,
        "orderAdditionalInfo": null,
        "owner": false
      },
      {
        "applicationId": "1000000019",
        "entityName": "MIKE NOLAN",
        "entityId": null,
        "lendingIncrease": 12340987,
        "status": "AWAITING_FRONTLINE_ACTION",
        "statusDays": 0,
        "statusId": null,
        "oppId": null,
        "cpnId": "null",
        "form": null,
        "formDesc": null,
        "created": "2019-09-20T02:03:37.877Z",
        "anzUser": null,
        "anzUserContact": null,
        "finalisationKit": null,
        "statusMessage": null,
        "currentCcr": null,
        "finalCcr": null,
        "wasFormTypeCalculated": false,
        "applicationType": "CF",
        "reviewDueDate": null,
        "orderAdditionalInfo": null,
        "owner": false
      },
      {
        "applicationId": "1000000018",
        "entityName": "MIKE NOLAN",
        "entityId": null,
        "lendingIncrease": 12340987,
        "status": "PENDING_REWORK",
        "statusDays": 0,
        "statusId": null,
        "oppId": null,
        "cpnId": "null",
        "form": null,
        "formDesc": null,
        "created": "2019-09-20T02:03:37.407Z",
        "anzUser": null,
        "anzUserContact": null,
        "finalisationKit": null,
        "statusMessage": null,
        "currentCcr": null,
        "finalCcr": null,
        "wasFormTypeCalculated": false,
        "applicationType": "CF",
        "reviewDueDate": null,
        "orderAdditionalInfo": null,
        "owner": false
      },
      {
        "applicationId": "1000000017",
        "entityName": "MIKE NOLAN",
        "entityId": null,
        "lendingIncrease": 12340987,
        "status": "PENDING_REWORK",
        "statusDays": 0,
        "statusId": null,
        "oppId": null,
        "cpnId": "null",
        "form": null,
        "formDesc": null,
        "created": "2019-09-20T02:03:36.883Z",
        "anzUser": null,
        "anzUserContact": null,
        "finalisationKit": null,
        "statusMessage": null,
        "currentCcr": null,
        "finalCcr": null,
        "wasFormTypeCalculated": false,
        "applicationType": "CF",
        "reviewDueDate": null,
        "orderAdditionalInfo": null,
        "owner": false
      },
      {
        "applicationId": "1000000016",
        "entityName": "MIKE NOLAN",
        "entityId": null,
        "lendingIncrease": 12340987,
        "status": "PENDING_REWORK",
        "statusDays": 0,
        "statusId": null,
        "oppId": null,
        "cpnId": "null",
        "form": null,
        "formDesc": null,
        "created": "2019-09-20T02:03:36.360Z",
        "anzUser": null,
        "anzUserContact": null,
        "finalisationKit": null,
        "statusMessage": null,
        "currentCcr": null,
        "finalCcr": null,
        "wasFormTypeCalculated": false,
        "applicationType": "CF",
        "reviewDueDate": null,
        "orderAdditionalInfo": null,
        "owner": false
      },
      {
        "applicationId": "1000000015",
        "entityName": "MIKE NOLAN",
        "entityId": null,
        "lendingIncrease": 12340987,
        "status": "ASSESSMENT_APPROVED_IN_PRINCIPLE",
        "statusDays": 0,
        "statusId": null,
        "oppId": null,
        "cpnId": "null",
        "form": null,
        "formDesc": null,
        "created": "2019-09-20T02:03:35.888Z",
        "anzUser": null,
        "anzUserContact": null,
        "finalisationKit": null,
        "statusMessage": null,
        "currentCcr": null,
        "finalCcr": null,
        "wasFormTypeCalculated": false,
        "applicationType": "CF",
        "reviewDueDate": null,
        "orderAdditionalInfo": null,
        "owner": false
      },
      {
        "applicationId": "1000000014",
        "entityName": "MIKE NOLAN",
        "entityId": null,
        "lendingIncrease": 12340987,
        "status": "ASSESSMENT_APPROVED_IN_PRINCIPLE",
        "statusDays": 0,
        "statusId": null,
        "oppId": null,
        "cpnId": "null",
        "form": null,
        "formDesc": null,
        "created": "2019-09-20T02:03:35.356Z",
        "anzUser": null,
        "anzUserContact": null,
        "finalisationKit": null,
        "statusMessage": null,
        "currentCcr": null,
        "finalCcr": null,
        "wasFormTypeCalculated": false,
        "applicationType": "CF",
        "reviewDueDate": null,
        "orderAdditionalInfo": null,
        "owner": false
      },
      {
        "applicationId": "1000000013",
        "entityName": "MIKE NOLAN",
        "entityId": null,
        "lendingIncrease": 12340987,
        "status": "ASSESSMENT_APPROVED_IN_PRINCIPLE",
        "statusDays": 0,
        "statusId": null,
        "oppId": null,
        "cpnId": "null",
        "form": null,
        "formDesc": null,
        "created": "2019-09-20T02:03:34.963Z",
        "anzUser": null,
        "anzUserContact": null,
        "finalisationKit": null,
        "statusMessage": null,
        "currentCcr": null,
        "finalCcr": null,
        "wasFormTypeCalculated": false,
        "applicationType": "CF",
        "reviewDueDate": null,
        "orderAdditionalInfo": null,
        "owner": false
      },
      {
        "applicationId": "1000000012",
        "entityName": "MIKE NOLAN",
        "entityId": null,
        "lendingIncrease": 12340987,
        "status": "AWAITING_CASE_ID",
        "statusDays": 0,
        "statusId": null,
        "oppId": null,
        "cpnId": "null",
        "form": null,
        "formDesc": null,
        "created": "2019-09-20T02:03:34.198Z",
        "anzUser": null,
        "anzUserContact": null,
        "finalisationKit": null,
        "statusMessage": null,
        "currentCcr": null,
        "finalCcr": null,
        "wasFormTypeCalculated": false,
        "applicationType": "CF",
        "reviewDueDate": null,
        "orderAdditionalInfo": null,
        "owner": false
      },
      {
        "applicationId": "1000000011",
        "entityName": "MIKE NOLAN",
        "entityId": null,
        "lendingIncrease": 12340987,
        "status": "AWAITING_CASE_ID",
        "statusDays": 0,
        "statusId": null,
        "oppId": null,
        "cpnId": "null",
        "form": null,
        "formDesc": null,
        "created": "2019-09-20T02:03:33.633Z",
        "anzUser": null,
        "anzUserContact": null,
        "finalisationKit": null,
        "statusMessage": null,
        "currentCcr": null,
        "finalCcr": null,
        "wasFormTypeCalculated": false,
        "applicationType": "CF",
        "reviewDueDate": null,
        "orderAdditionalInfo": null,
        "owner": false
      },
      {
        "applicationId": "1000000010",
        "entityName": "MIKE NOLAN",
        "entityId": null,
        "lendingIncrease": 12340987,
        "status": "AWAITING_CASE_ID",
        "statusDays": 0,
        "statusId": null,
        "oppId": null,
        "cpnId": "null",
        "form": null,
        "formDesc": null,
        "created": "2019-09-20T02:03:33.053Z",
        "anzUser": null,
        "anzUserContact": null,
        "finalisationKit": null,
        "statusMessage": null,
        "currentCcr": null,
        "finalCcr": null,
        "wasFormTypeCalculated": false,
        "applicationType": "CF",
        "reviewDueDate": null,
        "orderAdditionalInfo": null,
        "owner": false
      },
      {
        "applicationId": "1000000009",
        "entityName": "MIKE NOLAN",
        "entityId": null,
        "lendingIncrease": 12340987,
        "status": "NEW",
        "statusDays": 0,
        "statusId": null,
        "oppId": null,
        "cpnId": "null",
        "form": null,
        "formDesc": null,
        "created": "2019-09-20T02:03:32.416Z",
        "anzUser": null,
        "anzUserContact": null,
        "finalisationKit": null,
        "statusMessage": null,
        "currentCcr": null,
        "finalCcr": null,
        "wasFormTypeCalculated": false,
        "applicationType": "CF",
        "reviewDueDate": null,
        "orderAdditionalInfo": null,
        "owner": false
      },
      {
        "applicationId": "1000000008",
        "entityName": "MIKE NOLAN",
        "entityId": null,
        "lendingIncrease": 12340987,
        "status": "NEW",
        "statusDays": 0,
        "statusId": null,
        "oppId": null,
        "cpnId": "null",
        "form": null,
        "formDesc": null,
        "created": "2019-09-20T02:03:31.781Z",
        "anzUser": null,
        "anzUserContact": null,
        "finalisationKit": null,
        "statusMessage": null,
        "currentCcr": null,
        "finalCcr": null,
        "wasFormTypeCalculated": false,
        "applicationType": "CF",
        "reviewDueDate": null,
        "orderAdditionalInfo": null,
        "owner": false
      },
      {
        "applicationId": "1000000007",
        "entityName": "MIKE NOLAN",
        "entityId": null,
        "lendingIncrease": 12340987,
        "status": "NEW",
        "statusDays": 0,
        "statusId": null,
        "oppId": null,
        "cpnId": "null",
        "form": null,
        "formDesc": null,
        "created": "2019-09-20T02:03:31.065Z",
        "anzUser": null,
        "anzUserContact": null,
        "finalisationKit": null,
        "statusMessage": null,
        "currentCcr": null,
        "finalCcr": null,
        "wasFormTypeCalculated": false,
        "applicationType": "CF",
        "reviewDueDate": null,
        "orderAdditionalInfo": null,
        "owner": false
      },
      {
        "applicationId": "1000000006",
        "entityName": "MIKE NOLAN",
        "entityId": null,
        "lendingIncrease": 12340987,
        "status": "PENDING_NEW",
        "statusDays": 0,
        "statusId": null,
        "oppId": null,
        "cpnId": "null",
        "form": null,
        "formDesc": null,
        "created": "2019-09-20T02:03:30.286Z",
        "anzUser": null,
        "anzUserContact": null,
        "finalisationKit": null,
        "statusMessage": null,
        "currentCcr": null,
        "finalCcr": null,
        "wasFormTypeCalculated": false,
        "applicationType": "CF",
        "reviewDueDate": null,
        "orderAdditionalInfo": null,
        "owner": false
      },
      {
        "applicationId": "1000000005",
        "entityName": "MIKE NOLAN",
        "entityId": null,
        "lendingIncrease": 12340987,
        "status": "PENDING_NEW",
        "statusDays": 0,
        "statusId": null,
        "oppId": null,
        "cpnId": "null",
        "form": null,
        "formDesc": null,
        "created": "2019-09-20T02:03:29.527Z",
        "anzUser": null,
        "anzUserContact": null,
        "finalisationKit": null,
        "statusMessage": null,
        "currentCcr": null,
        "finalCcr": null,
        "wasFormTypeCalculated": false,
        "applicationType": "CF",
        "reviewDueDate": null,
        "orderAdditionalInfo": null,
        "owner": false
      },
      {
        "applicationId": "1000000004",
        "entityName": "MIKE NOLAN",
        "entityId": null,
        "lendingIncrease": 12340987,
        "status": "PENDING_NEW",
        "statusDays": 0,
        "statusId": null,
        "oppId": null,
        "cpnId": "null",
        "form": null,
        "formDesc": null,
        "created": "2019-09-20T02:03:28.795Z",
        "anzUser": null,
        "anzUserContact": null,
        "finalisationKit": null,
        "statusMessage": null,
        "currentCcr": null,
        "finalCcr": null,
        "wasFormTypeCalculated": false,
        "applicationType": "CF",
        "reviewDueDate": null,
        "orderAdditionalInfo": null,
        "owner": false
      },
      {
        "applicationId": "1000000003",
        "entityName": "MIKE NOLAN",
        "entityId": null,
        "lendingIncrease": 12340987,
        "status": "PENDING_CUSTOMER_LINK",
        "statusDays": 0,
        "statusId": null,
        "oppId": null,
        "cpnId": "null",
        "form": null,
        "formDesc": null,
        "created": "2019-09-20T02:03:27.705Z",
        "anzUser": null,
        "anzUserContact": null,
        "finalisationKit": null,
        "statusMessage": null,
        "currentCcr": null,
        "finalCcr": null,
        "wasFormTypeCalculated": false,
        "applicationType": "CF",
        "reviewDueDate": null,
        "orderAdditionalInfo": null,
        "owner": false
      },
      {
        "applicationId": "1000000002",
        "entityName": "MIKE NOLAN",
        "entityId": null,
        "lendingIncrease": 12340987,
        "status": "PENDING_CUSTOMER_LINK",
        "statusDays": 0,
        "statusId": null,
        "oppId": null,
        "cpnId": "null",
        "form": null,
        "formDesc": null,
        "created": "2019-09-20T02:03:09.566Z",
        "anzUser": null,
        "anzUserContact": null,
        "finalisationKit": null,
        "statusMessage": null,
        "currentCcr": null,
        "finalCcr": null,
        "wasFormTypeCalculated": false,
        "applicationType": "CF",
        "reviewDueDate": null,
        "orderAdditionalInfo": null,
        "owner": false
      },
      {
        "applicationId": "1000000001",
        "entityName": "MIKE NOLAN",
        "entityId": null,
        "lendingIncrease": 12340987,
        "status": "PENDING_CUSTOMER_LINK",
        "statusDays": 0,
        "statusId": null,
        "oppId": null,
        "cpnId": "null",
        "form": null,
        "formDesc": null,
        "created": "2019-09-20T02:01:33.865Z",
        "anzUser": null,
        "anzUserContact": null,
        "finalisationKit": null,
        "statusMessage": null,
        "currentCcr": null,
        "finalCcr": null,
        "wasFormTypeCalculated": false,
        "applicationType": "CF",
        "reviewDueDate": null,
        "orderAdditionalInfo": null,
        "owner": false
      },
      {
        "applicationId": "1000000151",
        "entityName": "MIKE NOLAN",
        "entityId": null,
        "lendingIncrease": 12340987,
        "status": "PENDING_CUSTOMER_LINK",
        "statusDays": 0,
        "statusId": null,
        "oppId": null,
        "cpnId": "null",
        "form": null,
        "formDesc": null,
        "created": "2019-09-20T02:01:33.865Z",
        "anzUser": null,
        "anzUserContact": null,
        "finalisationKit": null,
        "statusMessage": null,
        "currentCcr": null,
        "finalCcr": null,
        "wasFormTypeCalculated": false,
        "applicationType": "CF",
        "reviewDueDate": null,
        "orderAdditionalInfo": null,
        "owner": false
      },
      {
        "applicationId": "1000000002",
        "entityName": "MIKE NOLAN",
        "entityId": null,
        "lendingIncrease": 12340987,
        "status": "PENDING_CUSTOMER_LINK",
        "statusDays": 0,
        "statusId": null,
        "oppId": null,
        "cpnId": "null",
        "form": null,
        "formDesc": null,
        "created": "2019-09-20T02:01:33.865Z",
        "anzUser": null,
        "anzUserContact": null,
        "finalisationKit": null,
        "statusMessage": null,
        "currentCcr": null,
        "finalCcr": null,
        "wasFormTypeCalculated": false,
        "applicationType": "CF",
        "reviewDueDate": null,
        "orderAdditionalInfo": null,
        "owner": false
      }
    ]
  },
  "areaManager": null,
  "stateManager": null
}